,0,1,2,3,4,5,6,7,8,9
A2M→LRP1,0.0,0.0,0.0,0.0,0.0,0.0,0.0,0.0,0.0,0.0
AANAT→MTNR1A,0.0,0.0,0.0,0.0,0.0,0.0,0.0,0.0,0.0,0.0
AANAT→MTNR1B,0.0,0.0,0.0,0.0,0.0,0.0,0.0,0.0,0.0,0.0
ACE→AGTR2,1.582027181413742e-06,1.582027181413742e-06,0.0,0.0,0.0,0.0,0.0,1.582027181413742e-06,0.0,0.0
ACE→BDKRB2,0.0,0.0,0.0,0.0,0.0,0.0,0.0,0.0,0.0,0.0
ACTR2→ADRB2,0.0,0.0,0.0003080513323758449,0.0003080513323758449,0.0003080513323758449,0.0,0.0003080513323758449,0.0,0.0003080513323758449,0.0003080513323758449
ACTR2→LDLR,9.293674437013458e-06,9.293674437013458e-06,0.0,0.0,0.0,0.0,0.0,9.293674437013458e-06,0.0,0.0
ACTR2→LRP2,0.0,0.0,0.0,0.0,0.0,0.0,0.0,0.0,0.0,0.0
ADAM10→AXL,1.1387739702202092e-05,1.1387739702202092e-05,0.0,0.0,0.0,0.0,0.0,1.1387739702202092e-05,0.0,0.0
ADAM10→CADM1,0.0,0.0,0.0,0.0,0.0,0.0,0.0,0.0,0.0,0.0
ADAM10→CD44,0.0,0.0,1.4990638938152036e-05,1.4990638938152036e-05,1.4990638938152036e-05,0.0,1.4990638938152036e-05,0.0,1.4990638938152036e-05,1.4990638938152036e-05
ADAM10→EPHA3,7.041307863237701e-07,7.041307863237701e-07,2.710176643671259e-05,2.710176643671259e-05,2.710176643671259e-05,0.0,2.710176643671259e-05,7.041307863237701e-07,2.710176643671259e-05,2.710176643671259e-05
ADAM10→GPNMB,1.162647339634677e-07,1.162647339634677e-07,0.0,0.0,0.0,0.0,0.0,1.162647339634677e-07,0.0,0.0
ADAM10→IL6R,2.7122295302328017e-06,2.7122295302328017e-06,0.0,0.0,0.0,0.0,0.0,2.7122295302328017e-06,0.0,0.0
ADAM10→MET,1.2256414502980604e-07,1.2256414502980604e-07,0.0,0.0,0.0,0.0,0.0,1.2256414502980604e-07,0.0,0.0
ADAM10→NOTCH1,6.646855980616764e-05,6.646855980616764e-05,1.4943776327856835e-05,1.4943776327856835e-05,1.4943776327856835e-05,0.0,1.4943776327856835e-05,6.646855980616764e-05,1.4943776327856835e-05,1.4943776327856835e-05
ADAM10→NOTCH2,4.595725474917757e-05,4.595725474917757e-05,3.3379948619530353e-05,3.3379948619530353e-05,3.3379948619530353e-05,0.0,3.3379948619530353e-05,4.595725474917757e-05,3.3379948619530353e-05,3.3379948619530353e-05
ADAM10→NRCAM,2.177095073393008e-06,2.177095073393008e-06,0.0,0.0,0.0,0.0,0.0,2.177095073393008e-06,0.0,0.0
ADAM10→TREM2,5.243876286833948e-08,5.243876286833948e-08,0.0,0.0,0.0,6.112321501859698e-05,0.0,5.243876286833948e-08,0.0,0.0
ADAM10→TSPAN10,4.864950343962054e-07,4.864950343962054e-07,0.0,0.0,0.0,0.0,0.0,4.864950343962054e-07,0.0,0.0
ADAM10→TSPAN12,2.850225979714657e-06,2.850225979714657e-06,0.00038056859091851206,0.00038056859091851206,0.00038056859091851206,0.0,0.00038056859091851206,2.850225979714657e-06,0.00038056859091851206,0.00038056859091851206
ADAM10→TSPAN14,0.0,0.0,1.6409458855602127e-05,1.6409458855602127e-05,1.6409458855602127e-05,0.0,1.6409458855602127e-05,0.0,1.6409458855602127e-05,1.6409458855602127e-05
ADAM10→TSPAN15,2.0097904309190248e-07,2.0097904309190248e-07,1.6064391526489744e-05,1.6064391526489744e-05,1.6064391526489744e-05,0.0001879832691576957,1.6064391526489744e-05,2.0097904309190248e-07,1.6064391526489744e-05,1.6064391526489744e-05
ADAM10→TSPAN17,1.6425485894012091e-07,1.6425485894012091e-07,0.00096952958985112,0.00096952958985112,0.00096952958985112,0.0,0.00096952958985112,1.6425485894012091e-07,0.00096952958985112,0.00096952958985112
ADAM10→TSPAN5,4.378893331671642e-09,4.378893331671642e-09,0.0,0.0,0.0,0.00029954508025210994,0.0,4.378893331671642e-09,0.0,0.0
ADAM11→ITGA4,1.8176250669086314e-08,1.8176250669086314e-08,0.0,0.0,0.0,0.0,0.0,1.8176250669086314e-08,0.0,0.0
ADAM12→ITGA9,0.0,0.0,0.0,0.0,0.0,0.0,0.0,0.0,0.0,0.0
ADAM12→ITGB1,0.0,0.0,2.259504333225144e-06,2.259504333225144e-06,2.259504333225144e-06,0.0,2.259504333225144e-06,0.0,2.259504333225144e-06,2.259504333225144e-06
ADAM12→SDC4,4.446771633668145e-06,4.446771633668145e-06,0.0,0.0,0.0,0.0,0.0,4.446771633668145e-06,0.0,0.0
ADAM15→ITGA5,1.952543559878986e-07,1.952543559878986e-07,0.0,0.0,0.0,0.0,0.0,1.952543559878986e-07,0.0,0.0
ADAM15→ITGA9,0.0,0.0,2.527216548185316e-05,2.527216548185316e-05,2.527216548185316e-05,0.0008880587665202179,2.527216548185316e-05,0.0,2.527216548185316e-05,2.527216548185316e-05
ADAM15→ITGAV,0.0,0.0,1.8013613754073587e-05,1.8013613754073587e-05,1.8013613754073587e-05,0.0,1.8013613754073587e-05,0.0,1.8013613754073587e-05,1.8013613754073587e-05
ADAM15→ITGB1,0.0,0.0,2.63914951954022e-05,2.63914951954022e-05,2.63914951954022e-05,0.0,2.63914951954022e-05,0.0,2.63914951954022e-05,2.63914951954022e-05
ADAM15→ITGB3,0.0,0.0,6.976123129973442e-05,6.976123129973442e-05,6.976123129973442e-05,0.0,6.976123129973442e-05,0.0,6.976123129973442e-05,6.976123129973442e-05
ADAM17→ERBB4,1.882533893659338e-06,1.882533893659338e-06,0.0,0.0,0.0,0.0,0.0,1.882533893659338e-06,0.0,0.0
ADAM17→IL6R,2.7215860289542426e-08,2.7215860289542426e-08,0.0,0.0,0.0,0.0,0.0,2.7215860289542426e-08,0.0,0.0
ADAM17→ITGA5,2.3581698054959308e-06,2.3581698054959308e-06,0.0,0.0,0.0,0.0,0.0,2.3581698054959308e-06,0.0,0.0
ADAM17→ITGB1,1.1396042607837776e-06,1.1396042607837776e-06,0.0,0.0,0.0,0.0,0.0,1.1396042607837776e-06,0.0,0.0
ADAM17→MET,3.8559292692902895e-05,3.8559292692902895e-05,0.0,0.0,0.0,4.0778354365444806e-05,0.0,3.8559292692902895e-05,0.0,0.0
ADAM17→MUC1,5.078646278520131e-07,5.078646278520131e-07,0.0,0.0,0.0,7.708237837294397e-05,0.0,5.078646278520131e-07,0.0,0.0
ADAM17→NOTCH1,2.0119035242174347e-08,2.0119035242174347e-08,0.0,0.0,0.0,0.0,0.0,2.0119035242174347e-08,0.0,0.0
ADAM17→RHBDF2,0.0,0.0,5.1864892005181365e-05,5.1864892005181365e-05,5.1864892005181365e-05,0.0,5.1864892005181365e-05,0.0,5.1864892005181365e-05,5.1864892005181365e-05
ADAM23→ITGA4,3.861288258985297e-06,3.861288258985297e-06,0.00657687455880121,0.00657687455880121,0.00657687455880121,8.331089726435376e-05,0.00657687455880121,3.861288258985297e-06,0.00657687455880121,0.00657687455880121
ADAM23→ITGA5,2.7521823115436118e-06,2.7521823115436118e-06,6.632472411012338e-06,6.632472411012338e-06,6.632472411012338e-06,0.0,6.632472411012338e-06,2.7521823115436118e-06,6.632472411012338e-06,6.632472411012338e-06
ADAM23→ITGB3,0.0,0.0,0.0,0.0,0.0,0.0,0.0,0.0,0.0,0.0
ADAM28→ITGA4,1.2071833217351675e-05,1.2071833217351675e-05,0.0,0.0,0.0,0.0,0.0,1.2071833217351675e-05,0.0,0.0
ADAM29→ITGA4,0.0,0.0,0.0,0.0,0.0,0.0,0.0,0.0,0.0,0.0
ADAM2→CD9,0.0,0.0,0.0,0.0,0.0,0.0,0.0,0.0,0.0,0.0
ADAM2→ITGA6,0.0,0.0,0.0,0.0,0.0,0.0,0.0,0.0,0.0,0.0
ADAM2→ITGA9,6.150984025528778e-08,6.150984025528778e-08,0.0,0.0,0.0,0.0,0.0,6.150984025528778e-08,0.0,0.0
ADAM2→ITGB1,1.5295412763734987e-06,1.5295412763734987e-06,0.0,0.0,0.0,0.0,0.0,1.5295412763734987e-06,0.0,0.0
ADAM2→ITGB7,0.0,0.0,0.0,0.0,0.0,0.0,0.0,0.0,0.0,0.0
ADAM7→ITGA4,0.0,0.0,0.0,0.0,0.0,0.0,0.0,0.0,0.0,0.0
ADAM7→ITGB7,0.0,0.0,0.0,0.0,0.0,0.0,0.0,0.0,0.0,0.0
ADAM9→ITGA3,2.637104066581619e-07,2.637104066581619e-07,0.0,0.0,0.0,0.0,0.0,2.637104066581619e-07,0.0,0.0
ADAM9→ITGA6,3.490035573793027e-06,3.490035573793027e-06,0.0,0.0,0.0,2.0837608616194077e-05,0.0,3.490035573793027e-06,0.0,0.0
ADAM9→ITGAV,1.7345118797689403e-07,1.7345118797689403e-07,0.0,0.0,0.0,0.0,0.0,1.7345118797689403e-07,0.0,0.0
ADAM9→ITGB1,3.9506778823150853e-07,3.9506778823150853e-07,0.0,0.0,0.0,0.00031691610655600543,0.0,3.9506778823150853e-07,0.0,0.0
ADAM9→ITGB5,7.98334006819386e-08,7.98334006819386e-08,0.0,0.0,0.0,0.0,0.0,7.98334006819386e-08,0.0,0.0
ADAMTS3→CCBE1,8.596079419805693e-09,8.596079419805693e-09,0.0,0.0,0.0,0.0,0.0,8.596079419805693e-09,0.0,0.0
ADA→DPP4,0.0,0.0,0.0,0.0,0.0,0.0,0.0,0.0,0.0,0.0
ADCYAP1→ADCYAP1R1,0.0,0.0,0.0,0.0,0.0,0.0,0.0,0.0,0.0,0.0
ADCYAP1→ADRB2,0.0,0.0,0.0,0.0,0.0,0.0,0.0,0.0,0.0,0.0
ADCYAP1→ADRB3,2.245897494372069e-06,2.245897494372069e-06,0.0,0.0,0.0,0.0,0.0,2.245897494372069e-06,0.0,0.0
ADCYAP1→DPP4,4.774052238805855e-07,4.774052238805855e-07,0.0005400594206741144,0.0005400594206741144,0.0005400594206741144,0.0,0.0005400594206741144,4.774052238805855e-07,0.0005400594206741144,0.0005400594206741144
ADCYAP1→GPR20,1.9854742197482492e-05,1.9854742197482492e-05,0.0001570628564766828,0.0001570628564766828,0.0001570628564766828,0.0,0.0001570628564766828,1.9854742197482492e-05,0.0001570628564766828,0.0001570628564766828
ADCYAP1→GPR84,0.0,0.0,0.0,0.0,0.0,0.0,0.0,0.0,0.0,0.0
ADCYAP1→PTH1R,0.0,0.0,7.878886305463865e-05,7.878886305463865e-05,7.878886305463865e-05,0.0,7.878886305463865e-05,0.0,7.878886305463865e-05,7.878886305463865e-05
ADCYAP1→RAMP2,7.188465779493327e-05,7.188465779493327e-05,0.0,0.0,0.0,0.0,0.0,7.188465779493327e-05,0.0,0.0
ADCYAP1→RAMP3,1.6657682003231275e-07,1.6657682003231275e-07,0.0,0.0,0.0,0.0,0.0,1.6657682003231275e-07,0.0,0.0
ADCYAP1→SCTR,1.2247706253064511e-05,1.2247706253064511e-05,0.0,0.0,0.0,0.0,0.0,1.2247706253064511e-05,0.0,0.0
ADCYAP1→TSHR,0.0,0.0,0.00029043933527593275,0.00029043933527593275,0.00029043933527593275,0.0,0.00029043933527593275,0.0,0.00029043933527593275,0.00029043933527593275
ADCYAP1→VIPR1,2.7883474546914504e-05,2.7883474546914504e-05,0.0,0.0,0.0,0.0,0.0,2.7883474546914504e-05,0.0,0.0
ADCYAP1→VIPR2,7.338528442272467e-05,7.338528442272467e-05,0.0,0.0,0.0,0.00023913248518669133,0.0,7.338528442272467e-05,0.0,0.0
ADGRB1→RTN4R,0.0,0.0,0.0005325430975729737,0.0005325430975729737,0.0005325430975729737,0.0,0.0005325430975729737,0.0,0.0005325430975729737,0.0005325430975729737
ADGRB1→RTN4RL1,9.949076614254635e-08,9.949076614254635e-08,0.0,0.0,0.0,0.0,0.0,9.949076614254635e-08,0.0,0.0
ADGRB1→RTN4RL2,0.0,0.0,0.0,0.0,0.0,0.0,0.0,0.0,0.0,0.0
ADIPOQ→ADIPOR1,0.0,0.0,1.1684153292214641e-05,1.1684153292214641e-05,1.1684153292214641e-05,0.0,1.1684153292214641e-05,0.0,1.1684153292214641e-05,1.1684153292214641e-05
ADIPOQ→ADIPOR2,0.0,0.0,0.00010771768215725887,0.00010771768215725887,0.00010771768215725887,0.0,0.00010771768215725887,0.0,0.00010771768215725887,0.00010771768215725887
ADIPOQ→ASGR2,6.224865825865033e-07,6.224865825865033e-07,0.0,0.0,0.0,0.0,0.0,6.224865825865033e-07,0.0,0.0
ADIPOQ→CLEC2D,0.0,0.0,0.0,0.0,0.0,0.0,0.0,0.0,0.0,0.0
ADIPOQ→CNR2,1.1863322131161564e-06,1.1863322131161564e-06,0.0,0.0,0.0,0.0,0.0,1.1863322131161564e-06,0.0,0.0
ADIPOQ→GPR152,0.0,0.0,0.0,0.0,0.0,0.0,0.0,0.0,0.0,0.0
ADIPOQ→GPR42,8.371381696185594e-06,8.371381696185594e-06,0.0,0.0,0.0,0.0,0.0,8.371381696185594e-06,0.0,0.0
ADIPOQ→PROKR2,0.0,0.0,0.0,0.0,0.0,0.0,0.0,0.0,0.0,0.0
ADM2→ADCYAP1R1,3.59012499203621e-06,3.59012499203621e-06,0.0,0.0,0.0,0.0,0.0,3.59012499203621e-06,0.0,0.0
ADM2→ADRB2,0.0037951790855973696,0.0037951790855973696,0.0,0.0,0.0,0.0,0.0,0.0037951790855973696,0.0,0.0
ADM2→ADRB3,4.767631960537926e-06,4.767631960537926e-06,0.0,0.0,0.0,0.0,0.0,4.767631960537926e-06,0.0,0.0
ADM2→CALCR,4.787818201387613e-07,4.787818201387613e-07,0.0,0.0,0.0,0.0,0.0,4.787818201387613e-07,0.0,0.0
ADM2→CALCRL,1.4533773628005763e-06,1.4533773628005763e-06,0.0,0.0,0.0,0.0,0.0,1.4533773628005763e-06,0.0,0.0
ADM2→DCLK3,1.8962313783069256e-05,1.8962313783069256e-05,0.0006843366053573731,0.0006843366053573731,0.0006843366053573731,0.0,0.0006843366053573731,1.8962313783069256e-05,0.0006843366053573731,0.0006843366053573731
ADM2→GPR20,0.0032194409693280363,0.0032194409693280363,0.0,0.0,0.0,0.0,0.0,0.0032194409693280363,0.0,0.0
ADM2→GPR84,0.00043942723157090155,0.00043942723157090155,0.0,0.0,0.0,0.0002682199565427166,0.0,0.00043942723157090155,0.0,0.0
ADM2→PTH1R,2.338396101676601e-06,2.338396101676601e-06,0.0,0.0,0.0,0.0,0.0,2.338396101676601e-06,0.0,0.0
ADM2→RAMP1,1.6398682649083548e-06,1.6398682649083548e-06,0.0,0.0,0.0,0.0,0.0,1.6398682649083548e-06,0.0,0.0
ADM2→RAMP2,7.51872857512826e-06,7.51872857512826e-06,0.0,0.0,0.0,0.0,0.0,7.51872857512826e-06,0.0,0.0
ADM2→RAMP3,1.1785915933983962e-05,1.1785915933983962e-05,0.0,0.0,0.0,0.0,0.0,1.1785915933983962e-05,0.0,0.0
ADM2→TSHR,0.000545026909698957,0.000545026909698957,0.00022750429865693047,0.00022750429865693047,0.00022750429865693047,0.0,0.00022750429865693047,0.000545026909698957,0.00022750429865693047,0.00022750429865693047
ADM2→VIPR1,9.701398150859272e-07,9.701398150859272e-07,0.0,0.0,0.0,0.0,0.0,9.701398150859272e-07,0.0,0.0
ADM→ACKR3,1.010949375224458e-06,1.010949375224458e-06,2.37838320851117e-05,2.37838320851117e-05,2.37838320851117e-05,0.0,2.37838320851117e-05,1.010949375224458e-06,2.37838320851117e-05,2.37838320851117e-05
ADM→ADCYAP1R1,1.2150013656284429e-05,1.2150013656284429e-05,0.0,0.0,0.0,0.0,0.0,1.2150013656284429e-05,0.0,0.0
ADM→ADRB2,1.226912512024474e-05,1.226912512024474e-05,0.00022855499425044197,0.00022855499425044197,0.00022855499425044197,0.0,0.00022855499425044197,1.226912512024474e-05,0.00022855499425044197,0.00022855499425044197
ADM→ADRB3,2.770402053753502e-07,2.770402053753502e-07,0.0,0.0,0.0,0.0,0.0,2.770402053753502e-07,0.0,0.0
ADM→CALCR,9.293390408145024e-08,9.293390408145024e-08,0.0004223509884331431,0.0004223509884331431,0.0004223509884331431,0.0,0.0004223509884331431,9.293390408145024e-08,0.0004223509884331431,0.0004223509884331431
ADM→CALCRL,1.395872349232634e-07,1.395872349232634e-07,0.0,0.0,0.0,0.0,0.0,1.395872349232634e-07,0.0,0.0
ADM→DCLK3,1.8399075270281148e-06,1.8399075270281148e-06,0.0,0.0,0.0,0.0,0.0,1.8399075270281148e-06,0.0,0.0
ADM→GPR182,4.4943703065396783e-08,4.4943703065396783e-08,0.0,0.0,0.0,0.0,0.0,4.4943703065396783e-08,0.0,0.0
ADM→GPR20,1.6914348441787706e-05,1.6914348441787706e-05,0.0,0.0,0.0,0.0,0.0,1.6914348441787706e-05,0.0,0.0
ADM→GPR84,6.037607971373519e-08,6.037607971373519e-08,0.00012467733116363242,0.00012467733116363242,0.00012467733116363242,0.0006465477388226881,0.00012467733116363242,6.037607971373519e-08,0.00012467733116363242,0.00012467733116363242
ADM→MRGPRX2,0.0,0.0,0.0,0.0,0.0,0.0,0.0,0.0,0.0,0.0
ADM→PTH1R,2.104991300056085e-07,2.104991300056085e-07,0.0,0.0,0.0,0.0,0.0,2.104991300056085e-07,0.0,0.0
ADM→RAMP1,1.6549728823139525e-05,1.6549728823139525e-05,5.0256176561916795e-05,5.0256176561916795e-05,5.0256176561916795e-05,0.0,5.0256176561916795e-05,1.6549728823139525e-05,5.0256176561916795e-05,5.0256176561916795e-05
ADM→RAMP2,4.249389651875754e-06,4.249389651875754e-06,0.0,0.0,0.0,0.0,0.0,4.249389651875754e-06,0.0,0.0
ADM→RAMP3,1.0918310168114892e-08,1.0918310168114892e-08,0.0,0.0,0.0,0.0,0.0,1.0918310168114892e-08,0.0,0.0
ADM→TSHR,0.0,0.0,0.0,0.0,0.0,0.000523196460049223,0.0,0.0,0.0,0.0
ADM→VIPR1,2.5292285267758e-06,2.5292285267758e-06,0.0,0.0,0.0,0.0,0.0,2.5292285267758e-06,0.0,0.0
ADO→ADORA1,2.9034142906549173e-07,2.9034142906549173e-07,0.0,0.0,0.0,0.0,0.0,2.9034142906549173e-07,0.0,0.0
ADO→ADORA2A,0.0,0.0,0.0,0.0,0.0,0.0,0.0,0.0,0.0,0.0
ADO→ADORA2B,6.338675320563007e-08,6.338675320563007e-08,0.0,0.0,0.0,0.0,0.0,6.338675320563007e-08,0.0,0.0
ADO→ADORA3,4.5449555668512956e-07,4.5449555668512956e-07,0.0,0.0,0.0,0.0,0.0,4.5449555668512956e-07,0.0,0.0
AFDN→EPHA7,0.0,0.0,0.0,0.0,0.0,0.0,0.0,0.0,0.0,0.0
AFDN→EPHB2,7.387634544405354e-08,7.387634544405354e-08,0.0,0.0,0.0,0.0,0.0,7.387634544405354e-08,0.0,0.0
AFDN→EPHB3,3.54720982218366e-07,3.54720982218366e-07,0.0,0.0,0.0,0.0,0.0,3.54720982218366e-07,0.0,0.0
AFDN→EPHB6,0.0,0.0,0.0,0.0,0.0,0.0,0.0,0.0,0.0,0.0
AGRN→ATP1A3,0.0,0.0,0.0,0.0,0.0,0.0,0.0,0.0,0.0,0.0
AGRN→DAG1,8.958212179655634e-08,8.958212179655634e-08,0.00012057022645830571,0.00012057022645830571,0.00012057022645830571,0.0,0.00012057022645830571,8.958212179655634e-08,0.00012057022645830571,0.00012057022645830571
AGRN→ITGB1,6.526063718015184e-07,6.526063718015184e-07,0.0,0.0,0.0,0.0,0.0,6.526063718015184e-07,0.0,0.0
AGRN→LRP1,4.943676151894112e-06,4.943676151894112e-06,0.0,0.0,0.0,0.0,0.0,4.943676151894112e-06,0.0,0.0
AGRN→LRP2,6.987715867849819e-05,6.987715867849819e-05,0.0,0.0,0.0,0.0,0.0,6.987715867849819e-05,0.0,0.0
AGRN→LRP4,1.1024604692544882e-06,1.1024604692544882e-06,0.0,0.0,0.0,0.0,0.0,1.1024604692544882e-06,0.0,0.0
AGRN→MUSK,2.4079335432190044e-05,2.4079335432190044e-05,0.0,0.0,0.0,0.0,0.0,2.4079335432190044e-05,0.0,0.0
AGRP→MC1R,0.0,0.0,0.0,0.0,0.0,0.0,0.0,0.0,0.0,0.0
AGRP→MC3R,2.894939210238881e-05,2.894939210238881e-05,0.0,0.0,0.0,0.0,0.0,2.894939210238881e-05,0.0,0.0
AGRP→MC4R,1.405680381060887e-07,1.405680381060887e-07,0.0,0.0,0.0,0.0,0.0,1.405680381060887e-07,0.0,0.0
AGRP→MC5R,0.0,0.0,0.0,0.0,0.0,0.0,0.0,0.0,0.0,0.0
AGRP→SDC1,8.774054178858306e-09,8.774054178858306e-09,0.0,0.0,0.0,0.0,0.0,8.774054178858306e-09,0.0,0.0
AGRP→SDC3,0.0,0.0,0.0,0.0,0.0,0.0,0.0,0.0,0.0,0.0
AGTRAP→RACK1,2.8311410312818373e-06,2.8311410312818373e-06,0.00017271716498014393,0.00017271716498014393,0.00017271716498014393,0.0,0.00017271716498014393,2.8311410312818373e-06,0.00017271716498014393,0.00017271716498014393
AGT→ADRA2A,6.080764880633965e-07,6.080764880633965e-07,0.0,0.0,0.0,0.0,0.0,6.080764880633965e-07,0.0,0.0
AGT→AGTR1,0.0,0.0,0.0,0.0,0.0,0.0,0.0,0.0,0.0,0.0
AGT→AGTR2,0.0,0.0,0.0,0.0,0.0,0.0,0.0,0.0,0.0,0.0
AGT→ENPEP,1.0331934649384748e-07,1.0331934649384748e-07,0.0,0.0,0.0,0.0,0.0,1.0331934649384748e-07,0.0,0.0
AGT→GRM7,0.0,0.0,2.4680774591365337e-05,2.4680774591365337e-05,2.4680774591365337e-05,0.0,2.4680774591365337e-05,0.0,2.4680774591365337e-05,2.4680774591365337e-05
AGT→LRP2,2.187022876872411e-09,2.187022876872411e-09,0.0,0.0,0.0,0.0,0.0,2.187022876872411e-09,0.0,0.0
AGT→MAS1,4.6639995517857046e-08,4.6639995517857046e-08,0.0,0.0,0.0,0.0,0.0,4.6639995517857046e-08,0.0,0.0
AGT→MTNR1A,0.00014268955266282096,0.00014268955266282096,0.0,0.0,0.0,0.0,0.0,0.00014268955266282096,0.0,0.0
AHSG→INSR,6.060782731725814e-08,6.060782731725814e-08,0.0,0.0,0.0,0.0,0.0,6.060782731725814e-08,0.0,0.0
AIMP1→NTRK1,0.0,0.0,0.0,0.0,0.0,0.0,0.0,0.0,0.0,0.0
ALB→LRP2,6.982028430354768e-05,6.982028430354768e-05,0.0,0.0,0.0,0.0,0.0,6.982028430354768e-05,0.0,0.0
ALCAM→CD6,6.905915333713955e-05,6.905915333713955e-05,0.0,0.0,0.0,0.0,0.0,6.905915333713955e-05,0.0,0.0
ALCAM→CHL1,0.0,0.0,0.0,0.0,0.0,0.0,0.0,0.0,0.0,0.0
ALCAM→NRP1,1.1588436132971793e-05,1.1588436132971793e-05,0.0,0.0,0.0,0.00025231092333105235,0.0,1.1588436132971793e-05,0.0,0.0
ALKAL1→ALK,2.418849554698573e-07,2.418849554698573e-07,0.0,0.0,0.0,0.0,0.0,2.418849554698573e-07,0.0,0.0
ALKAL1→LTK,0.0,0.0,0.0,0.0,0.0,0.0,0.0,0.0,0.0,0.0
ALKAL2→ALK,0.0,0.0,0.0,0.0,0.0,0.0,0.0,0.0,0.0,0.0
ALKAL2→LTK,8.779146971879744e-07,8.779146971879744e-07,0.0,0.0,0.0,0.0,0.0,8.779146971879744e-07,0.0,0.0
AMBN→CD63,0.0,0.0,0.0,0.0,0.0,0.0,0.0,0.0,0.0,0.0
AMELX→CD63,0.0,0.0,0.0,0.0,0.0,0.0,0.0,0.0,0.0,0.0
AMELX→LAMP1,0.0,0.0,0.0,0.0,0.0,0.0,0.0,0.0,0.0,0.0
AMELX→LAMP2,3.775821112313949e-06,3.775821112313949e-06,0.0,0.0,0.0,0.0,0.0,3.775821112313949e-06,0.0,0.0
AMELY→CD63,0.0,0.0,0.0,0.0,0.0,0.0,0.0,0.0,0.0,0.0
AMELY→LAMP1,0.0,0.0,0.0,0.0,0.0,0.0,0.0,0.0,0.0,0.0
AMELY→LAMP2,0.0,0.0,0.0,0.0,0.0,0.0,0.0,0.0,0.0,0.0
AMH→EGFR,1.6543070645346838e-06,1.6543070645346838e-06,2.4274399291481005e-05,2.4274399291481005e-05,2.4274399291481005e-05,9.203070175449213e-05,2.4274399291481005e-05,1.6543070645346838e-06,2.4274399291481005e-05,2.4274399291481005e-05
AMH→GREM2,3.3776340686749175e-07,3.3776340686749175e-07,0.0,0.0,0.0,0.0,0.0,3.3776340686749175e-07,0.0,0.0
ANGPT1→ITGA5,1.219054334744241e-07,1.219054334744241e-07,0.0,0.0,0.0,0.0,0.0,1.219054334744241e-07,0.0,0.0
ANGPT1→ITGB1,0.0,0.0,0.00036018818006991547,0.00036018818006991547,0.00036018818006991547,0.0,0.00036018818006991547,0.0,0.00036018818006991547,0.00036018818006991547
ANGPT1→TEK,1.5845038846470962e-07,1.5845038846470962e-07,0.0,0.0,0.0,0.0,0.0,1.5845038846470962e-07,0.0,0.0
ANGPT1→TIE1,2.917712454307656e-07,2.917712454307656e-07,0.0,0.0,0.0,0.0,0.0,2.917712454307656e-07,0.0,0.0
ANGPT2→TEK,0.0,0.0,4.1283055796163565e-05,4.1283055796163565e-05,4.1283055796163565e-05,0.0,4.1283055796163565e-05,0.0,4.1283055796163565e-05,4.1283055796163565e-05
ANGPT2→TIE1,5.151979206382987e-08,5.151979206382987e-08,0.0,0.0,0.0,0.0,0.0,5.151979206382987e-08,0.0,0.0
ANGPT4→TEK,0.0001192800089794165,0.0001192800089794165,0.0,0.0,0.0,0.0,0.0,0.0001192800089794165,0.0,0.0
ANGPT4→TIE1,3.3597592032558606e-07,3.3597592032558606e-07,0.0,0.0,0.0,0.0,0.0,3.3597592032558606e-07,0.0,0.0
ANGPTL1→LILRB2,0.0,0.0,0.0,0.0,0.0,0.0,0.0,0.0,0.0,0.0
ANGPTL1→LILRB3,4.111400364306323e-07,4.111400364306323e-07,0.0,0.0,0.0,0.0,0.0,4.111400364306323e-07,0.0,0.0
ANGPTL1→TEK,3.2908849506502904e-06,3.2908849506502904e-06,0.0,0.0,0.0,0.0,0.0,3.2908849506502904e-06,0.0,0.0
ANGPTL2→LILRB2,1.3755507846909766e-06,1.3755507846909766e-06,0.0,0.0,0.0,0.0005197886603354414,0.0,1.3755507846909766e-06,0.0,0.0
ANGPTL2→LILRB3,4.0587594100685046e-07,4.0587594100685046e-07,0.0,0.0,0.0,0.0,0.0,4.0587594100685046e-07,0.0,0.0
ANGPTL2→TIE1,0.0,0.0,0.0,0.0,0.0,0.0,0.0,0.0,0.0,0.0
ANGPTL2→TLR4,1.0197012828592651e-06,1.0197012828592651e-06,0.0,0.0,0.0,0.0,0.0,1.0197012828592651e-06,0.0,0.0
ANGPTL3→ITGA5,0.0,0.0,0.0,0.0,0.0,0.0,0.0,0.0,0.0,0.0
ANGPTL4→CDH11,1.3257592255727575e-07,1.3257592255727575e-07,0.0,0.0,0.0,0.0,0.0,1.3257592255727575e-07,0.0,0.0
ANGPTL4→CDH5,4.332808690589342e-08,4.332808690589342e-08,0.0,0.0,0.0,0.0,0.0,4.332808690589342e-08,0.0,0.0
ANGPTL4→GPIHBP1,4.555199028078753e-06,4.555199028078753e-06,0.0,0.0,0.0,0.0,0.0,4.555199028078753e-06,0.0,0.0
ANGPTL4→SDC1,0.0,0.0,0.0,0.0,0.0,0.0,0.0,0.0,0.0,0.0
ANGPTL4→SDC2,2.846966905701225e-09,2.846966905701225e-09,6.428164517801379e-05,6.428164517801379e-05,6.428164517801379e-05,0.0,6.428164517801379e-05,2.846966905701225e-09,6.428164517801379e-05,6.428164517801379e-05
ANGPTL4→SDC3,0.0,0.0,0.0,0.0,0.0,0.0,0.0,0.0,0.0,0.0
ANGPTL4→SDC4,0.0,0.0,0.00017647892636570958,0.00017647892636570958,0.00017647892636570958,0.0,0.00017647892636570958,0.0,0.00017647892636570958,0.00017647892636570958
ANGPTL4→TIE1,6.051100542376029e-07,6.051100542376029e-07,0.0,0.0,0.0,0.0,0.0,6.051100542376029e-07,0.0,0.0
ANGPTL7→LILRB2,0.0,0.0,0.0,0.0,0.0,0.0,0.0,0.0,0.0,0.0
ANGPTL7→LILRB3,4.178375133194645e-08,4.178375133194645e-08,0.0,0.0,0.0,0.0,0.0,4.178375133194645e-08,0.0,0.0
ANG→EGFR,0.0,0.0,0.0,0.0,0.0,0.0,0.0,0.0,0.0,0.0
ANG→PLXNB2,1.4929104582878978e-06,1.4929104582878978e-06,0.0,0.0,0.0,0.0,0.0,1.4929104582878978e-06,0.0,0.0
ANOS1→FGFR1,2.1660198661305426e-07,2.1660198661305426e-07,0.00047658427961231226,0.00047658427961231226,0.00047658427961231226,0.0,0.00047658427961231226,2.1660198661305426e-07,0.00047658427961231226,0.00047658427961231226
ANOS1→SDC2,7.718521215954335e-06,7.718521215954335e-06,0.006599798727802805,0.006599798727802805,0.006599798727802805,0.0,0.006599798727802805,7.718521215954335e-06,0.006599798727802805,0.006599798727802805
ANXA1→ADRA2A,0.0,0.0,0.0,0.0,0.0,0.0,0.0,0.0,0.0,0.0
ANXA1→DYSF,0.0,0.0,0.0,0.0,0.0,0.0,0.0,0.0,0.0,0.0
ANXA1→EGFR,5.867320316942037e-08,5.867320316942037e-08,0.0,0.0,0.0,0.0,0.0,5.867320316942037e-08,0.0,0.0
ANXA1→FPR1,1.014787598962912e-06,1.014787598962912e-06,0.0,0.0,0.0,0.0,0.0,1.014787598962912e-06,0.0,0.0
ANXA1→GRM7,2.2969320101138415e-06,2.2969320101138415e-06,0.0,0.0,0.0,0.0,0.0,2.2969320101138415e-06,0.0,0.0
ANXA1→MTNR1A,5.3647053973378037e-05,5.3647053973378037e-05,0.0,0.0,0.0,0.0,0.0,5.3647053973378037e-05,0.0,0.0
ANXA2→ROBO4,1.3365887929239764e-06,1.3365887929239764e-06,0.0,0.0,0.0,0.0,0.0,1.3365887929239764e-06,0.0,0.0
ANXA2→TLR2,6.230660672458205e-06,6.230660672458205e-06,0.0,0.0,0.0,0.0031506877845200463,0.0,6.230660672458205e-06,0.0,0.0
APELA→APLNR,8.607379300180084e-08,8.607379300180084e-08,0.0,0.0,0.0,0.0,0.0,8.607379300180084e-08,0.0,0.0
APLN→ADRA2A,4.940839916932181e-06,4.940839916932181e-06,0.0,0.0,0.0,0.0,0.0,4.940839916932181e-06,0.0,0.0
APLN→APLNR,0.0009933818180223276,0.0009933818180223276,0.0,0.0,0.0,0.0,0.0,0.0009933818180223276,0.0,0.0
APLN→GRM7,3.4227300513679296e-07,3.4227300513679296e-07,0.0,0.0,0.0,0.0,0.0,3.4227300513679296e-07,0.0,0.0
APLN→MTNR1A,0.0,0.0,0.0,0.0,0.0,0.0,0.0,0.0,0.0,0.0
APOA1→ABCA1,8.103530904742146e-06,8.103530904742146e-06,0.0,0.0,0.0,0.0,0.0,8.103530904742146e-06,0.0,0.0
APOA1→LDLR,0.0,0.0,0.0003626535458771165,0.0003626535458771165,0.0003626535458771165,9.722995122241415e-05,0.0003626535458771165,0.0,0.0003626535458771165,0.0003626535458771165
APOA1→LRP1,4.123475046071687e-06,4.123475046071687e-06,0.0,0.0,0.0,2.678331953964096e-05,0.0,4.123475046071687e-06,0.0,0.0
APOA1→LRP2,1.7913857643173044e-06,1.7913857643173044e-06,0.0,0.0,0.0,4.154084024367623e-05,0.0,1.7913857643173044e-06,0.0,0.0
APOA2→LDLR,1.6203819504188787e-07,1.6203819504188787e-07,0.0,0.0,0.0,0.0,0.0,1.6203819504188787e-07,0.0,0.0
APOA2→LRP1,2.793642059818132e-05,2.793642059818132e-05,0.0,0.0,0.0,0.0,0.0,2.793642059818132e-05,0.0,0.0
APOA2→LRP2,0.0,0.0,0.0,0.0,0.0,0.00033265853252606095,0.0,0.0,0.0,0.0
APOA4→LDLR,1.2792157467880554e-06,1.2792157467880554e-06,0.0,0.0,0.0,0.0,0.0,1.2792157467880554e-06,0.0,0.0
APOA4→LRP1,0.0,0.0,0.0,0.0,0.0,0.0,0.0,0.0,0.0,0.0
APOA4→LRP2,7.112567768931807e-07,7.112567768931807e-07,0.0,0.0,0.0,0.0,0.0,7.112567768931807e-07,0.0,0.0
APOB→ADRB2,0.0,0.0,0.0,0.0,0.0,0.0,0.0,0.0,0.0,0.0
APOB→CALCR,1.4992274299257192e-06,1.4992274299257192e-06,0.0,0.0,0.0,0.0,0.0,1.4992274299257192e-06,0.0,0.0
APOB→ENO1,0.0,0.0,0.0,0.0,0.0,0.0,0.0,0.0,0.0,0.0
APOB→ITGAM,8.61318395396317e-07,8.61318395396317e-07,0.0,0.0,0.0,0.0,0.0,8.61318395396317e-07,0.0,0.0
APOB→ITGB2,0.0,0.0,0.0,0.0,0.0,0.0,0.0,0.0,0.0,0.0
APOB→LDLR,0.0,0.0,0.0,0.0,0.0,0.0,0.0,0.0,0.0,0.0
APOB→LRP1,0.0,0.0,0.0,0.0,0.0,0.0,0.0,0.0,0.0,0.0
APOB→LRP2,0.0,0.0,0.0,0.0,0.0,0.0,0.0,0.0,0.0,0.0
APOB→LRP6,0.0,0.0,0.0,0.0,0.0,0.0,0.0,0.0,0.0,0.0
APOB→LRP8,7.4866446986835e-08,7.4866446986835e-08,0.0,0.0,0.0,0.0,0.0,7.4866446986835e-08,0.0,0.0
APOB→LSR,0.0,0.0,0.0,0.0,0.0,0.0,0.0,0.0,0.0,0.0
APOB→MTTP,0.0,0.0,0.0,0.0,0.0,0.0,0.0,0.0,0.0,0.0
APOB→OLR1,0.0,0.0,0.0,0.0,0.0,0.0,0.0,0.0,0.0,0.0
APOB→TLR4,7.913083485935058e-08,7.913083485935058e-08,0.0,0.0,0.0,0.0,0.0,7.913083485935058e-08,0.0,0.0
APOB→TLR6,1.7987004207827627e-06,1.7987004207827627e-06,0.0,0.0,0.0,0.0,0.0,1.7987004207827627e-06,0.0,0.0
APOB→TREM2,1.5623971041244697e-06,1.5623971041244697e-06,0.0,0.0,0.0,0.0,0.0,1.5623971041244697e-06,0.0,0.0
APOB→VLDLR,0.0,0.0,0.0,0.0,0.0,0.0,0.0,0.0,0.0,0.0
APOC1→VLDLR,1.7340072733510992e-07,1.7340072733510992e-07,0.0,0.0,0.0,0.0,0.0,1.7340072733510992e-07,0.0,0.0
APOC2→LDLR,3.8084949137819357e-07,3.8084949137819357e-07,0.0,0.0,0.0,0.0,0.0,3.8084949137819357e-07,0.0,0.0
APOC2→LRP1,8.480892022084462e-06,8.480892022084462e-06,0.0005421127767487265,0.0005421127767487265,0.0005421127767487265,3.0704987017563075e-05,0.0005421127767487265,8.480892022084462e-06,0.0005421127767487265,0.0005421127767487265
APOC2→LRP2,2.8554126092567426e-05,2.8554126092567426e-05,3.4116630980123216e-05,3.4116630980123216e-05,3.4116630980123216e-05,0.0,3.4116630980123216e-05,2.8554126092567426e-05,3.4116630980123216e-05,3.4116630980123216e-05
APOC3→LDLR,0.0,0.0,6.8477927290086085e-06,6.8477927290086085e-06,6.8477927290086085e-06,0.0,6.8477927290086085e-06,0.0,6.8477927290086085e-06,6.8477927290086085e-06
APOC3→LRP1,1.6248825365925062e-08,1.6248825365925062e-08,0.0,0.0,0.0,0.0,0.0,1.6248825365925062e-08,0.0,0.0
APOC3→LRP2,0.0,0.0,0.0,0.0,0.0,0.0,0.0,0.0,0.0,0.0
APOC3→SDC2,7.159290587226325e-09,7.159290587226325e-09,0.0,0.0,0.0,0.0,0.0,7.159290587226325e-09,0.0,0.0
APOC3→TLR2,1.0004883432739533e-06,1.0004883432739533e-06,0.0,0.0,0.0,0.0,0.0,1.0004883432739533e-06,0.0,0.0
APOC4→VLDLR,0.0,0.0,0.0,0.0,0.0,0.0,0.0,0.0,0.0,0.0
APOD→LEPR,1.4487667177009817e-06,1.4487667177009817e-06,0.0,0.0,0.0,0.0,0.0,1.4487667177009817e-06,0.0,0.0
APOE→ABCA1,0.0,0.0,0.0,0.0,0.0,0.0,0.0,0.0,0.0,0.0
APOE→CHRNA4,0.0,0.0,0.0,0.0,0.0,0.0,0.0,0.0,0.0,0.0
APOE→LDLR,2.82551534336813e-06,2.82551534336813e-06,0.0,0.0,0.0,0.00029446561612438534,0.0,2.82551534336813e-06,0.0,0.0
APOE→LRP1,1.0347842848247327e-06,1.0347842848247327e-06,0.0,0.0,0.0,0.0,0.0,1.0347842848247327e-06,0.0,0.0
APOE→LRP2,4.469319721412472e-05,4.469319721412472e-05,0.0,0.0,0.0,0.0,0.0,4.469319721412472e-05,0.0,0.0
APOE→LRP4,6.655508461361922e-08,6.655508461361922e-08,0.0,0.0,0.0,0.0,0.0,6.655508461361922e-08,0.0,0.0
APOE→LRP5,1.7633513121413149e-06,1.7633513121413149e-06,0.0003203690000365266,0.0003203690000365266,0.0003203690000365266,0.00036684958418292207,0.0003203690000365266,1.7633513121413149e-06,0.0003203690000365266,0.0003203690000365266
APOE→LRP6,3.404219804629663e-07,3.404219804629663e-07,0.0,0.0,0.0,0.0,0.0,3.404219804629663e-07,0.0,0.0
APOE→LRP8,8.784878969269837e-07,8.784878969269837e-07,0.0,0.0,0.0,0.0,0.0,8.784878969269837e-07,0.0,0.0
APOE→LSR,0.0,0.0,0.01375312449067375,0.01375312449067375,0.01375312449067375,0.001368645407896163,0.01375312449067375,0.0,0.01375312449067375,0.01375312449067375
APOE→SCARB1,0.0,0.0,0.0,0.0,0.0,0.0,0.0,0.0,0.0,0.0
APOE→SDC2,0.0,0.0,0.0,0.0,0.0,0.0,0.0,0.0,0.0,0.0
APOE→SORL1,1.8647539455911653e-06,1.8647539455911653e-06,0.0,0.0,0.0,0.0,0.0,1.8647539455911653e-06,0.0,0.0
APOE→TREM2,2.0575286570571437e-06,2.0575286570571437e-06,0.0,0.0,0.0,0.0,0.0,2.0575286570571437e-06,0.0,0.0
APOE→VLDLR,1.1464112396854796e-07,1.1464112396854796e-07,0.0012567773566482076,0.0012567773566482076,0.0012567773566482076,0.0,0.0012567773566482076,1.1464112396854796e-07,0.0012567773566482076,0.0012567773566482076
APOO→IL1RAPL2,0.0,0.0,0.0,0.0,0.0,0.0,0.0,0.0,0.0,0.0
APP→ADRA2A,1.337383989358796e-07,1.337383989358796e-07,0.0,0.0,0.0,0.0,0.0,1.337383989358796e-07,0.0,0.0
APP→AGER,7.6678079132261e-07,7.6678079132261e-07,0.0,0.0,0.0,0.0,0.0,7.6678079132261e-07,0.0,0.0
APP→CD74,1.7191163921793672e-06,1.7191163921793672e-06,0.00020133411854170676,0.00020133411854170676,0.00020133411854170676,0.0,0.00020133411854170676,1.7191163921793672e-06,0.00020133411854170676,0.00020133411854170676
APP→DCC,4.4093194715323894e-07,4.4093194715323894e-07,0.0,0.0,0.0,0.0,0.0,4.4093194715323894e-07,0.0,0.0
APP→FPR2,3.260474149219989e-07,3.260474149219989e-07,0.0,0.0,0.0,0.0,0.0,3.260474149219989e-07,0.0,0.0
APP→GPC1,2.1597057346700265e-06,2.1597057346700265e-06,0.0,0.0,0.0,0.0,0.0,2.1597057346700265e-06,0.0,0.0
APP→LRP1,1.4505396102552956e-07,1.4505396102552956e-07,0.0,0.0,0.0,0.0,0.0,1.4505396102552956e-07,0.0,0.0
APP→LRP10,3.126560382636104e-07,3.126560382636104e-07,0.0,0.0,0.0,0.0,0.0,3.126560382636104e-07,0.0,0.0
APP→LRP6,6.374508379651712e-07,6.374508379651712e-07,0.0,0.0,0.0,0.0,0.0,6.374508379651712e-07,0.0,0.0
APP→MTNR1A,5.107283313655109e-06,5.107283313655109e-06,0.0,0.0,0.0,0.0,0.0,5.107283313655109e-06,0.0,0.0
APP→NCSTN,4.6489183633652406e-08,4.6489183633652406e-08,0.0,0.0,0.0,0.0,0.0,4.6489183633652406e-08,0.0,0.0
APP→NGFR,2.049154758773564e-06,2.049154758773564e-06,0.0010751993493961565,0.0010751993493961565,0.0010751993493961565,0.0,0.0010751993493961565,2.049154758773564e-06,0.0010751993493961565,0.0010751993493961565
APP→NOTCH2,3.9941410810002657e-07,3.9941410810002657e-07,0.0,0.0,0.0,0.0,0.0,3.9941410810002657e-07,0.0,0.0
APP→PTGER2,3.1919319365877766e-06,3.1919319365877766e-06,0.0,0.0,0.0,8.082782505280711e-05,0.0,3.1919319365877766e-06,0.0,0.0
APP→TNFRSF21,2.1333626054384056e-06,2.1333626054384056e-06,0.0,0.0,0.0,0.0,0.0,2.1333626054384056e-06,0.0,0.0
APP→TSPAN12,0.0,0.0,3.9379232514815903e-05,3.9379232514815903e-05,3.9379232514815903e-05,0.0,3.9379232514815903e-05,0.0,3.9379232514815903e-05,3.9379232514815903e-05
APP→TSPAN15,5.848591686109048e-07,5.848591686109048e-07,5.647092418613552e-05,5.647092418613552e-05,5.647092418613552e-05,0.0,5.647092418613552e-05,5.848591686109048e-07,5.647092418613552e-05,5.647092418613552e-05
AREG→ERBB3,1.1110053903644991e-06,1.1110053903644991e-06,0.0,0.0,0.0,0.0,0.0,1.1110053903644991e-06,0.0,0.0
ARF1→CHRM3,1.677488351971157e-06,1.677488351971157e-06,6.0197833128531034e-05,6.0197833128531034e-05,6.0197833128531034e-05,0.0,6.0197833128531034e-05,1.677488351971157e-06,6.0197833128531034e-05,6.0197833128531034e-05
ARF1→INSR,1.570181761591135e-07,1.570181761591135e-07,0.0,0.0,0.0,0.0,0.0,1.570181761591135e-07,0.0,0.0
ARF1→PLD2,4.81041661934452e-08,4.81041661934452e-08,4.107079872957676e-05,4.107079872957676e-05,4.107079872957676e-05,0.0,4.107079872957676e-05,4.81041661934452e-08,4.107079872957676e-05,4.107079872957676e-05
ARF6→PLD1,0.0,0.0,0.0,0.0,0.0,0.0010743697419947358,0.0,0.0,0.0,0.0
ARF6→SMAP1,0.0,0.0,0.0,0.0,0.0,0.0,0.0,0.0,0.0,0.0
ARPC5→ADRB2,4.3212186898492035e-08,4.3212186898492035e-08,0.0,0.0,0.0,0.0,0.0,4.3212186898492035e-08,0.0,0.0
ARPC5→LDLR,1.5422821409677034e-07,1.5422821409677034e-07,0.0,0.0,0.0,0.0001879042715006727,0.0,1.5422821409677034e-07,0.0,0.0
ARPC5→LRP2,2.1306753576121733e-05,2.1306753576121733e-05,0.0,0.0,0.0,0.0,0.0,2.1306753576121733e-05,0.0,0.0
ARTN→GFRA2,3.9833003983427523e-07,3.9833003983427523e-07,0.0,0.0,0.0,0.0,0.0,3.9833003983427523e-07,0.0,0.0
ASIP→ATRN,0.0008726713863706876,0.0008726713863706876,0.0,0.0,0.0,0.0,0.0,0.0008726713863706876,0.0,0.0
ASIP→MC1R,3.339020110329131e-06,3.339020110329131e-06,0.0,0.0,0.0,0.0,0.0,3.339020110329131e-06,0.0,0.0
ASIP→MC2R,0.0,0.0,0.0,0.0,0.0,0.0,0.0,0.0,0.0,0.0
ASIP→MC3R,0.0,0.0,0.0,0.0,0.0,0.0,0.0,0.0,0.0,0.0
ASIP→MC4R,0.0,0.0,0.0,0.0,0.0,0.0,0.0,0.0,0.0,0.0
ASIP→MC5R,1.0080652122282973e-07,1.0080652122282973e-07,0.0,0.0,0.0,0.0,0.0,1.0080652122282973e-07,0.0,0.0
ASIP→MGRN1,0.0,0.0,0.0,0.0,0.0,0.0,0.0,0.0,0.0,0.0
AVP→ADCYAP1R1,0.0,0.0,9.51451980443486e-06,9.51451980443486e-06,9.51451980443486e-06,0.0,9.51451980443486e-06,0.0,9.51451980443486e-06,9.51451980443486e-06
AVP→ADRB2,2.9689554663702334e-05,2.9689554663702334e-05,0.0,0.0,0.0,0.0,0.0,2.9689554663702334e-05,0.0,0.0
AVP→ADRB3,0.0,0.0,0.0,0.0,0.0,0.0,0.0,0.0,0.0,0.0
AVP→AVPR1A,1.7478381867318678e-07,1.7478381867318678e-07,0.0,0.0,0.0,0.0,0.0,1.7478381867318678e-07,0.0,0.0
AVP→AVPR1B,0.0,0.0,0.0,0.0,0.0,0.0,0.0,0.0,0.0,0.0
AVP→AVPR2,9.063169988582116e-07,9.063169988582116e-07,0.0,0.0,0.0,0.0,0.0,9.063169988582116e-07,0.0,0.0
AVP→GPR20,1.717683529775876e-05,1.717683529775876e-05,0.0,0.0,0.0,0.0,0.0,1.717683529775876e-05,0.0,0.0
AVP→GPR84,2.7042688593181967e-06,2.7042688593181967e-06,0.0,0.0,0.0,0.0,0.0,2.7042688593181967e-06,0.0,0.0
AVP→LDLR,0.0,0.0,0.0,0.0,0.0,0.0,0.0,0.0,0.0,0.0
AVP→LRP2,2.8054253362706333e-05,2.8054253362706333e-05,0.0,0.0,0.0,0.0,0.0,2.8054253362706333e-05,0.0,0.0
AVP→OXTR,0.0,0.0,0.0,0.0,0.0,0.0,0.0,0.0,0.0,0.0
AVP→PTH1R,0.0,0.0,0.0,0.0,0.0,0.0,0.0,0.0,0.0,0.0
AVP→RAMP2,0.0,0.0,0.0,0.0,0.0,0.0,0.0,0.0,0.0,0.0
AVP→RAMP3,7.899997933197066e-07,7.899997933197066e-07,0.0,0.0,0.0,7.737089157171137e-05,0.0,7.899997933197066e-07,0.0,0.0
AVP→TSHR,2.1252706057239827e-08,2.1252706057239827e-08,0.0,0.0,0.0,0.0,0.0,2.1252706057239827e-08,0.0,0.0
AVP→VIPR1,3.6493912484334103e-07,3.6493912484334103e-07,0.0,0.0,0.0,0.0,0.0,3.6493912484334103e-07,0.0,0.0
AZGP1→ITGAV,0.0,0.0,0.0,0.0,0.0,0.0,0.0,0.0,0.0,0.0
B2M→CD1A,1.1273643618894158e-07,1.1273643618894158e-07,0.0,0.0,0.0,0.0,0.0,1.1273643618894158e-07,0.0,0.0
B2M→CD1B,9.044295440198636e-07,9.044295440198636e-07,0.0,0.0,0.0,0.0,0.0,9.044295440198636e-07,0.0,0.0
B2M→CD1C,2.3948571422359557e-06,2.3948571422359557e-06,0.0,0.0,0.0,0.0,0.0,2.3948571422359557e-06,0.0,0.0
B2M→KIR2DL1,4.647058293799551e-07,4.647058293799551e-07,0.0,0.0,0.0,0.0,0.0,4.647058293799551e-07,0.0,0.0
B2M→KIR2DL3,0.0,0.0,0.0,0.0,0.0,0.0,0.0,0.0,0.0,0.0
B2M→KIR3DL1,6.710103104540085e-05,6.710103104540085e-05,0.0,0.0,0.0,0.0,0.0,6.710103104540085e-05,0.0,0.0
B2M→KLRC1,3.705704368943434e-07,3.705704368943434e-07,0.0,0.0,0.0,0.0,0.0,3.705704368943434e-07,0.0,0.0
B2M→KLRC2,2.1786624910047514e-06,2.1786624910047514e-06,0.0,0.0,0.0,0.0007568941403313644,0.0,2.1786624910047514e-06,0.0,0.0
B2M→KLRD1,1.0430324102733306e-06,1.0430324102733306e-06,0.0,0.0,0.0,0.0,0.0,1.0430324102733306e-06,0.0,0.0
BAG6→NCR3,2.468092493159745e-07,2.468092493159745e-07,0.0,0.0,0.0,0.0,0.0,2.468092493159745e-07,0.0,0.0
BCAN→EGFR,1.6166156849770142e-07,1.6166156849770142e-07,0.00040311833765767737,0.00040311833765767737,0.00040311833765767737,0.0,0.00040311833765767737,1.6166156849770142e-07,0.00040311833765767737,0.00040311833765767737
BCAN→NRCAM,1.7559968839812566e-06,1.7559968839812566e-06,0.0,0.0,0.0,0.0,0.0,1.7559968839812566e-06,0.0,0.0
BDNF→BEX3,0.0,0.0,0.0,0.0,0.0,0.0,0.0,0.0,0.0,0.0
BDNF→DRD4,2.2966995480142903e-06,2.2966995480142903e-06,0.0,0.0,0.0,0.000134485715370829,0.0,2.2966995480142903e-06,0.0,0.0
BDNF→ERBB2,0.0,0.0,0.00016664388841056022,0.00016664388841056022,0.00016664388841056022,0.0,0.00016664388841056022,0.0,0.00016664388841056022,0.00016664388841056022
BDNF→GPR152,0.00013059983583356156,0.00013059983583356156,0.0,0.0,0.0,0.0,0.0,0.00013059983583356156,0.0,0.0
BDNF→NGFR,2.6298177867895423e-08,2.6298177867895423e-08,0.0,0.0,0.0,0.0,0.0,2.6298177867895423e-08,0.0,0.0
BDNF→NTRK2,7.619172548423694e-05,7.619172548423694e-05,0.0,0.0,0.0,0.0,0.0,7.619172548423694e-05,0.0,0.0
BDNF→SORT1,0.0,0.0,0.00012969439120580868,0.00012969439120580868,0.00012969439120580868,0.0,0.00012969439120580868,0.0,0.00012969439120580868,0.00012969439120580868
BGN→LY96,3.5236372702680714e-06,3.5236372702680714e-06,0.0,0.0,0.0,0.0,0.0,3.5236372702680714e-06,0.0,0.0
BGN→TLR1,7.9255965842015e-05,7.9255965842015e-05,0.0,0.0,0.0,0.0,0.0,7.9255965842015e-05,0.0,0.0
BGN→TLR2,0.00013714193948890564,0.00013714193948890564,0.0012083942653750286,0.0012083942653750286,0.0012083942653750286,0.0,0.0012083942653750286,0.00013714193948890564,0.0012083942653750286,0.0012083942653750286
BGN→TLR4,1.5964275509711526e-06,1.5964275509711526e-06,0.0,0.0,0.0,0.0,0.0,1.5964275509711526e-06,0.0,0.0
BMP10→BMPR1A,0.0,0.0,0.0,0.0,0.0,0.0,0.0,0.0,0.0,0.0
BMP10→BMPR1B,0.0,0.0,0.0,0.0,0.0,0.0,0.0,0.0,0.0,0.0
BMP10→ENG,0.0,0.0,0.0,0.0,0.0,0.0,0.0,0.0,0.0,0.0
BMP10→FFAR2,0.0,0.0,0.0,0.0,0.0,0.0,0.0,0.0,0.0,0.0
BMP10→GPR152,0.0,0.0,0.0,0.0,0.0,0.0,0.0,0.0,0.0,0.0
BMP10→KIR2DL3,0.0,0.0,0.0,0.0,0.0,0.0,0.0,0.0,0.0,0.0
BMP10→KIR3DL1,0.0,0.0,0.0,0.0,0.0,0.0,0.0,0.0,0.0,0.0
BMP10→VSIR,0.0,0.0,0.0,0.0,0.0,0.0,0.0,0.0,0.0,0.0
BMP15→ACTR2,0.0,0.0,0.0,0.0,0.0,0.0,0.0,0.0,0.0,0.0
BMP15→ACVR2A,0.0,0.0,0.0,0.0,0.0,0.0,0.0,0.0,0.0,0.0
BMP15→BMPR1A,0.0,0.0,0.0,0.0,0.0,0.0,0.0,0.0,0.0,0.0
BMP15→TGFBR1,0.0,0.0,0.0,0.0,0.0,0.0,0.0,0.0,0.0,0.0
BMP1→BMPR1A,1.250931864547055e-06,1.250931864547055e-06,0.0,0.0,0.0,0.0,0.0,1.250931864547055e-06,0.0,0.0
BMP1→BMPR1B,9.895763271387024e-08,9.895763271387024e-08,0.0004517459598381714,0.0004517459598381714,0.0004517459598381714,0.0,0.0004517459598381714,9.895763271387024e-08,0.0004517459598381714,0.0004517459598381714
BMP1→BMPR2,6.349050266490058e-06,6.349050266490058e-06,0.0,0.0,0.0,0.0,0.0,6.349050266490058e-06,0.0,0.0
BMP2→ACTR2,8.7950838644939e-07,8.7950838644939e-07,0.0,0.0,0.0,0.0,0.0,8.7950838644939e-07,0.0,0.0
BMP2→ACVR1,6.898106284941175e-07,6.898106284941175e-07,0.0,0.0,0.0,0.0,0.0,6.898106284941175e-07,0.0,0.0
BMP2→ENG,9.129590066352293e-09,9.129590066352293e-09,0.0,0.0,0.0,0.0,0.0,9.129590066352293e-09,0.0,0.0
BMP2→GPC1,1.3614927074905759e-05,1.3614927074905759e-05,0.0,0.0,0.0,0.0,0.0,1.3614927074905759e-05,0.0,0.0
BMP2→HJV,0.0,0.0,0.0,0.0,0.0,0.0,0.0,0.0,0.0,0.0
BMP2→RGMB,6.582969047442839e-06,6.582969047442839e-06,0.0,0.0,0.0,0.0,0.0,6.582969047442839e-06,0.0,0.0
BMP2→SMO,6.9409116174912e-08,6.9409116174912e-08,0.0,0.0,0.0,0.0,0.0,6.9409116174912e-08,0.0,0.0
BMP3→ACVR2B,7.546147835554344e-05,7.546147835554344e-05,0.0,0.0,0.0,0.0,0.0,7.546147835554344e-05,0.0,0.0
BMP3→BMPR1A,4.6479368439985815e-06,4.6479368439985815e-06,0.0,0.0,0.0,0.0,0.0,4.6479368439985815e-06,0.0,0.0
BMP3→BMPR1B,1.7410063488911712e-07,1.7410063488911712e-07,0.0,0.0,0.0,0.0,0.0,1.7410063488911712e-07,0.0,0.0
BMP3→BMPR2,6.701829979573155e-06,6.701829979573155e-06,0.0,0.0,0.0,0.0,0.0,6.701829979573155e-06,0.0,0.0
BMP4→CFC1,0.0,0.0,0.0,0.0,0.0,0.0,0.0,0.0,0.0,0.0
BMP4→GREM2,4.040699149653466e-08,4.040699149653466e-08,0.0,0.0,0.0,0.0,0.0,4.040699149653466e-08,0.0,0.0
BMP4→HJV,0.0,0.0,0.0,0.0,0.0,0.0,0.0,0.0,0.0,0.0
BMP4→LRP6,0.0,0.0,0.0,0.0,0.0,0.0,0.0,0.0,0.0,0.0
BMP4→RGMB,1.5107101045531554e-05,1.5107101045531554e-05,0.0,0.0,0.0,0.0,0.0,1.5107101045531554e-05,0.0,0.0
BMP5→HJV,0.0,0.0,0.0,0.0,0.0,0.0,0.0,0.0,0.0,0.0
BMP5→PTPRD,5.328333220108028e-06,5.328333220108028e-06,0.0,0.0,0.0,0.0,0.0,5.328333220108028e-06,0.0,0.0
BMP6→AMHR2,0.0,0.0,0.0,0.0,0.0,0.0,0.0,0.0,0.0,0.0
BMP6→HJV,0.0,0.0,0.0,0.0,0.0,0.0,0.0,0.0,0.0,0.0
BMP7→ACTR2,4.1933519273170806e-07,4.1933519273170806e-07,0.0,0.0,0.0,0.0,0.0,4.1933519273170806e-07,0.0,0.0
BMP7→ACVR1B,0.0,0.0,0.0,0.0,0.0,0.0,0.0,0.0,0.0,0.0
BMP7→ENG,0.0,0.0,0.0,0.0,0.0,0.0,0.0,0.0,0.0,0.0
BMP7→HJV,0.0,0.0,0.0,0.0,0.0,0.0,0.0,0.0,0.0,0.0
BMP7→PTPRK,1.1265108103715088e-06,1.1265108103715088e-06,0.0,0.0,0.0,0.0,0.0,1.1265108103715088e-06,0.0,0.0
BMP8A→TGFBR1,0.0,0.0,0.0,0.0,0.0,0.0,0.0,0.0,0.0,0.0
BMP8A→TGFBR2,7.713719294064265e-07,7.713719294064265e-07,0.0,0.0,0.0,0.0010978861347488735,0.0,7.713719294064265e-07,0.0,0.0
BMP8B→PLAUR,3.487879828578999e-06,3.487879828578999e-06,0.0,0.0,0.0,0.0,0.0,3.487879828578999e-06,0.0,0.0
BPI→SLAMF9,2.6561837025034813e-05,2.6561837025034813e-05,5.969343141187248e-05,5.969343141187248e-05,5.969343141187248e-05,0.0,5.969343141187248e-05,2.6561837025034813e-05,5.969343141187248e-05,5.969343141187248e-05
BSG→SLC16A1,0.0,0.0,2.999934874835981e-05,2.999934874835981e-05,2.999934874835981e-05,0.0,2.999934874835981e-05,0.0,2.999934874835981e-05,2.999934874835981e-05
BSG→SLC16A7,0.0,0.0,0.0,0.0,0.0,0.0010838774393272118,0.0,0.0,0.0,0.0
BST1→CAV1,5.581728507706471e-06,5.581728507706471e-06,0.0,0.0,0.0,0.0,0.0,5.581728507706471e-06,0.0,0.0
BST2→LILRA4,1.5711506164057414e-06,1.5711506164057414e-06,0.0,0.0,0.0,0.0,0.0,1.5711506164057414e-06,0.0,0.0
BTC→ERBB3,3.5386786932611388e-06,3.5386786932611388e-06,0.003656282920812268,0.003656282920812268,0.003656282920812268,0.0,0.003656282920812268,3.5386786932611388e-06,0.003656282920812268,0.003656282920812268
BTLA→CD247,7.905819644423498e-07,7.905819644423498e-07,0.00017011648271706478,0.00017011648271706478,0.00017011648271706478,0.0,0.00017011648271706478,7.905819644423498e-07,0.00017011648271706478,0.00017011648271706478
BTLA→CD79A,0.0,0.0,0.0,0.0,0.0,0.0,0.0,0.0,0.0,0.0
BTLA→TNFRSF14,2.107310932171253e-05,2.107310932171253e-05,0.0,0.0,0.0,0.0,0.0,2.107310932171253e-05,0.0,0.0
BTN1A1→NEGR1,4.4104517201143746e-05,4.4104517201143746e-05,0.0,0.0,0.0,0.0,0.0,4.4104517201143746e-05,0.0,0.0
BTN1A1→TARM1,0.0,0.0,0.0,0.0,0.0,0.0,0.0,0.0,0.0,0.0
C1QA→CD33,2.9493479503113455e-06,2.9493479503113455e-06,0.00019875216425503648,0.00019875216425503648,0.00019875216425503648,0.0,0.00019875216425503648,2.9493479503113455e-06,0.00019875216425503648,0.00019875216425503648
C1QA→CD93,4.069951922945723e-08,4.069951922945723e-08,0.0,0.0,0.0,0.0,0.0,4.069951922945723e-08,0.0,0.0
C1QA→CR1,4.664342517360746e-06,4.664342517360746e-06,2.0048968677735445e-05,2.0048968677735445e-05,2.0048968677735445e-05,2.2925305390041724e-05,2.0048968677735445e-05,4.664342517360746e-06,2.0048968677735445e-05,2.0048968677735445e-05
C1QB→C1QBP,9.059885160636263e-07,9.059885160636263e-07,0.0,0.0,0.0,3.0227444273502116e-05,0.0,9.059885160636263e-07,0.0,0.0
C1QB→CD33,0.0,0.0,0.0,0.0,0.0,0.0,0.0,0.0,0.0,0.0
C1QB→LRP1,0.0,0.0,0.0,0.0,0.0,0.0,0.0,0.0,0.0,0.0
C1QTNF1→AVPR2,0.0,0.0,0.0,0.0,0.0,0.0,0.0,0.0,0.0,0.0
C1QTNF5→MFRP,4.3590267229953074e-07,4.3590267229953074e-07,0.0,0.0,0.0,0.0,0.0,4.3590267229953074e-07,0.0,0.0
C3→ADRA2A,1.406982081183132e-07,1.406982081183132e-07,0.0,0.0,0.0,0.0,0.0,1.406982081183132e-07,0.0,0.0
C3→C3AR1,2.3165496436970155e-07,2.3165496436970155e-07,0.006360177483176185,0.006360177483176185,0.006360177483176185,0.0,0.006360177483176185,2.3165496436970155e-07,0.006360177483176185,0.006360177483176185
C3→C5AR2,0.0,0.0,0.0,0.0,0.0,0.0,0.0,0.0,0.0,0.0
C3→CD19,9.477608203760068e-06,9.477608203760068e-06,0.0,0.0,0.0,0.0029540536149305404,0.0,9.477608203760068e-06,0.0,0.0
C3→CD46,4.368516766471257e-06,4.368516766471257e-06,0.0,0.0,0.0,6.329994773440759e-05,0.0,4.368516766471257e-06,0.0,0.0
C3→CD81,0.0,0.0,0.0,0.0,0.0,0.00014225110440958713,0.0,0.0,0.0,0.0
C3→CR1,5.7236081726637464e-08,5.7236081726637464e-08,4.5793763027809895e-05,4.5793763027809895e-05,4.5793763027809895e-05,0.0,4.5793763027809895e-05,5.7236081726637464e-08,4.5793763027809895e-05,4.5793763027809895e-05
C3→CR2,9.588410895877341e-06,9.588410895877341e-06,0.0,0.0,0.0,0.0,0.0,9.588410895877341e-06,0.0,0.0
C3→GRM7,5.887925760580025e-08,5.887925760580025e-08,0.0,0.0,0.0,0.0,0.0,5.887925760580025e-08,0.0,0.0
C3→IFITM1,4.214899069329871e-06,4.214899069329871e-06,0.0,0.0,0.0,0.0,0.0,4.214899069329871e-06,0.0,0.0
C3→ITGAM,3.2387218643750015e-06,3.2387218643750015e-06,0.0,0.0,0.0,0.0,0.0,3.2387218643750015e-06,0.0,0.0
C3→ITGAX,0.0,0.0,0.0,0.0,0.0,0.0,0.0,0.0,0.0,0.0
C3→LRP1,3.5562773169111597e-06,3.5562773169111597e-06,0.0,0.0,0.0,0.0,0.0,3.5562773169111597e-06,0.0,0.0
C3→MTNR1A,2.4880759455945867e-08,2.4880759455945867e-08,0.0,0.0,0.0,0.0,0.0,2.4880759455945867e-08,0.0,0.0
C3→NRP1,0.0,0.0,0.0,0.0,0.0,0.0,0.0,0.0,0.0,0.0
C4A→C3AR1,0.0,0.0,6.024752521071884e-05,6.024752521071884e-05,6.024752521071884e-05,0.0,6.024752521071884e-05,0.0,6.024752521071884e-05,6.024752521071884e-05
C4A→C5AR2,0.0,0.0,0.0,0.0,0.0,0.0,0.0,0.0,0.0,0.0
C4A→CD46,5.541484165504677e-06,5.541484165504677e-06,0.0,0.0,0.0,0.0,0.0,5.541484165504677e-06,0.0,0.0
C4A→CR1,1.5781895195106977e-06,1.5781895195106977e-06,0.0,0.0,0.0,0.0,0.0,1.5781895195106977e-06,0.0,0.0
C4A→CR2,7.3623330215930095e-06,7.3623330215930095e-06,0.0,0.0,0.0,0.0,0.0,7.3623330215930095e-06,0.0,0.0
C4A→NRP1,6.305720826447172e-08,6.305720826447172e-08,0.0,0.0,0.0,0.0,0.0,6.305720826447172e-08,0.0,0.0
C4BPA→BMPR2,1.6969794753829758e-06,1.6969794753829758e-06,0.0041488790935218815,0.0041488790935218815,0.0041488790935218815,0.0,0.0041488790935218815,1.6969794753829758e-06,0.0041488790935218815,0.0041488790935218815
C4BPA→CD40,2.2540871786949743e-05,2.2540871786949743e-05,0.0,0.0,0.0,0.0,0.0,2.2540871786949743e-05,0.0,0.0
C4BPA→LRP1,1.4321158083027747e-06,1.4321158083027747e-06,0.0,0.0,0.0,0.0,0.0,1.4321158083027747e-06,0.0,0.0
C4B→CD46,1.3493477060008254e-06,1.3493477060008254e-06,0.0,0.0,0.0,0.0,0.0,1.3493477060008254e-06,0.0,0.0
C4B→CR1,1.3666236508720772e-07,1.3666236508720772e-07,0.0,0.0,0.0,0.0,0.0,1.3666236508720772e-07,0.0,0.0
C5→ADRA2A,4.6681890749025335e-07,4.6681890749025335e-07,4.418830184002455e-05,4.418830184002455e-05,4.418830184002455e-05,0.0,4.418830184002455e-05,4.6681890749025335e-07,4.418830184002455e-05,4.418830184002455e-05
C5→C5AR1,0.0004460449038964251,0.0004460449038964251,0.0,0.0,0.0,0.0,0.0,0.0004460449038964251,0.0,0.0
C5→C5AR2,4.6386609120672267e-07,4.6386609120672267e-07,6.103559840032204e-05,6.103559840032204e-05,6.103559840032204e-05,0.0,6.103559840032204e-05,4.6386609120672267e-07,6.103559840032204e-05,6.103559840032204e-05
C5→GRM7,0.0,0.0,0.0,0.0,0.0,0.0,0.0,0.0,0.0,0.0
C5→MTNR1A,0.0,0.0,0.0,0.0,0.0,0.0,0.0,0.0,0.0,0.0
CADM1→CRTAM,9.899295026809753e-06,9.899295026809753e-06,0.0,0.0,0.0,0.0,0.0,9.899295026809753e-06,0.0,0.0
CADM3→CADM1,9.949299857931317e-06,9.949299857931317e-06,0.00014105032972809667,0.00014105032972809667,0.00014105032972809667,0.0,0.00014105032972809667,9.949299857931317e-06,0.00014105032972809667,0.00014105032972809667
CADM3→NECTIN1,0.0,0.0,2.8008972157545386e-05,2.8008972157545386e-05,2.8008972157545386e-05,0.0,2.8008972157545386e-05,0.0,2.8008972157545386e-05,2.8008972157545386e-05
CALCA→ACKR3,0.0,0.0,0.0,0.0,0.0,0.00012856936279011133,0.0,0.0,0.0,0.0
CALCA→ADCYAP1R1,1.4333848519130164e-05,1.4333848519130164e-05,0.0,0.0,0.0,0.0,0.0,1.4333848519130164e-05,0.0,0.0
CALCA→ADRB2,0.0,0.0,0.0,0.0,0.0,0.0,0.0,0.0,0.0,0.0
CALCA→ADRB3,0.0,0.0,0.0,0.0,0.0,0.0,0.0,0.0,0.0,0.0
CALCA→CALCR,1.0941062124522651e-06,1.0941062124522651e-06,0.0,0.0,0.0,0.0,0.0,1.0941062124522651e-06,0.0,0.0
CALCA→DCLK3,0.0,0.0,0.0,0.0,0.0,0.0,0.0,0.0,0.0,0.0
CALCA→GPR20,1.9354533517871204e-07,1.9354533517871204e-07,0.0006762513768879459,0.0006762513768879459,0.0006762513768879459,0.00023104736416733912,0.0006762513768879459,1.9354533517871204e-07,0.0006762513768879459,0.0006762513768879459
CALCA→GPR84,1.5645027514952019e-06,1.5645027514952019e-06,0.0,0.0,0.0,0.0,0.0,1.5645027514952019e-06,0.0,0.0
CALCA→PTH1R,0.0,0.0,0.0,0.0,0.0,0.0,0.0,0.0,0.0,0.0
CALCA→TSHR,2.4431817884154224e-06,2.4431817884154224e-06,0.0,0.0,0.0,0.0,0.0,2.4431817884154224e-06,0.0,0.0
CALCA→VIPR1,8.762642001797295e-06,8.762642001797295e-06,0.0002241596091408755,0.0002241596091408755,0.0002241596091408755,0.0008630135760345645,0.0002241596091408755,8.762642001797295e-06,0.0002241596091408755,0.0002241596091408755
CALCB→ADCYAP1R1,0.0,0.0,0.0,0.0,0.0,0.0,0.0,0.0,0.0,0.0
CALCB→ADRB2,7.66825124674801e-07,7.66825124674801e-07,1.9767390060645793e-05,1.9767390060645793e-05,1.9767390060645793e-05,0.0,1.9767390060645793e-05,7.66825124674801e-07,1.9767390060645793e-05,1.9767390060645793e-05
CALCB→ADRB3,0.0,0.0,0.0,0.0,0.0,0.0,0.0,0.0,0.0,0.0
CALCB→CALCR,0.0,0.0,0.0,0.0,0.0,0.0,0.0,0.0,0.0,0.0
CALCB→CALCRL,7.139075778345237e-05,7.139075778345237e-05,0.0,0.0,0.0,0.0,0.0,7.139075778345237e-05,0.0,0.0
CALCB→GPR20,2.1399525078026164e-07,2.1399525078026164e-07,0.0,0.0,0.0,0.0,0.0,2.1399525078026164e-07,0.0,0.0
CALCB→GPR84,6.209826579319979e-07,6.209826579319979e-07,0.0,0.0,0.0,0.0,0.0,6.209826579319979e-07,0.0,0.0
CALCB→PTH1R,3.006839485332059e-07,3.006839485332059e-07,0.0,0.0,0.0,0.0,0.0,3.006839485332059e-07,0.0,0.0
CALCB→RAMP1,1.6023712752451385e-06,1.6023712752451385e-06,0.0,0.0,0.0,0.0,0.0,1.6023712752451385e-06,0.0,0.0
CALCB→RAMP2,5.4675189138536575e-08,5.4675189138536575e-08,0.0,0.0,0.0,3.626436371395476e-05,0.0,5.4675189138536575e-08,0.0,0.0
CALCB→RAMP3,2.7391416861179805e-07,2.7391416861179805e-07,0.0,0.0,0.0,9.26530387559452e-05,0.0,2.7391416861179805e-07,0.0,0.0
CALCB→TSHR,0.0,0.0,0.0,0.0,0.0,0.0,0.0,0.0,0.0,0.0
CALCB→VIPR1,1.1512949375476945e-07,1.1512949375476945e-07,0.0,0.0,0.0,0.00024386448718949892,0.0,1.1512949375476945e-07,0.0,0.0
CALM1→ADCYAP1R1,3.805088654848657e-06,3.805088654848657e-06,0.0,0.0,0.0,0.0,0.0,3.805088654848657e-06,0.0,0.0
CALM1→AQP1,2.9612828864301643e-06,2.9612828864301643e-06,0.0,0.0,0.0,0.0,0.0,2.9612828864301643e-06,0.0,0.0
CALM1→AQP6,2.3871396893872606e-07,2.3871396893872606e-07,0.0,0.0,0.0,0.0,0.0,2.3871396893872606e-07,0.0,0.0
CALM1→CACNA1C,2.1543916510263055e-05,2.1543916510263055e-05,0.0,0.0,0.0,0.0,0.0,2.1543916510263055e-05,0.0,0.0
CALM1→CALCR,0.0,0.0,0.0005608334917467243,0.0005608334917467243,0.0005608334917467243,0.0,0.0005608334917467243,0.0,0.0005608334917467243,0.0005608334917467243
CALM1→CNGA2,6.319261945997787e-07,6.319261945997787e-07,0.0,0.0,0.0,0.0,0.0,6.319261945997787e-07,0.0,0.0
CALM1→CRHR1,4.665567155648439e-05,4.665567155648439e-05,0.0,0.0,0.0,0.0,0.0,4.665567155648439e-05,0.0,0.0
CALM1→FAS,0.00020603983459961342,0.00020603983459961342,0.0,0.0,0.0,0.0,0.0,0.00020603983459961342,0.0,0.0
CALM1→GLP1R,4.961812031494391e-06,4.961812031494391e-06,0.0,0.0,0.0,0.0,0.0,4.961812031494391e-06,0.0,0.0
CALM1→GLP2R,3.332375106704166e-08,3.332375106704166e-08,0.0,0.0,0.0,0.0,0.0,3.332375106704166e-08,0.0,0.0
CALM1→GP6,0.0,0.0,0.0,0.0,0.0,0.0,0.0,0.0,0.0,0.0
CALM1→GRM3,0.0,0.0,0.0,0.0,0.0,0.0007491990506178299,0.0,0.0,0.0,0.0
CALM1→GRM4,3.704341499255659e-06,3.704341499255659e-06,0.001750041594782816,0.001750041594782816,0.001750041594782816,0.0,0.001750041594782816,3.704341499255659e-06,0.001750041594782816,0.001750041594782816
CALM1→GRM5,6.101877218982381e-06,6.101877218982381e-06,0.0,0.0,0.0,0.0,0.0,6.101877218982381e-06,0.0,0.0
CALM1→GRM7,2.578639264700902e-05,2.578639264700902e-05,0.0,0.0,0.0,0.0,0.0,2.578639264700902e-05,0.0,0.0
CALM1→HMMR,1.4929104582878978e-06,1.4929104582878978e-06,1.6099803871667565e-05,1.6099803871667565e-05,1.6099803871667565e-05,0.0006737891299839027,1.6099803871667565e-05,1.4929104582878978e-06,1.6099803871667565e-05,1.6099803871667565e-05
CALM1→HTR2C,0.0,0.0,0.0,0.0,0.0,0.0,0.0,0.0,0.0,0.0
CALM1→INSR,4.079628213786778e-06,4.079628213786778e-06,0.0,0.0,0.0,0.0,0.0,4.079628213786778e-06,0.0,0.0
CALM1→KCNN4,2.802847274911005e-05,2.802847274911005e-05,0.0,0.0,0.0,0.00041160343532533586,0.0,2.802847274911005e-05,0.0,0.0
CALM1→KCNQ1,0.0,0.0,0.0,0.0,0.0,2.1311919350818492e-05,0.0,0.0,0.0,0.0
CALM1→KCNQ3,6.242016144698409e-08,6.242016144698409e-08,0.0,0.0,0.0,0.0,0.0,6.242016144698409e-08,0.0,0.0
CALM1→KCNQ5,0.00015781830969888072,0.00015781830969888072,0.0,0.0,0.0,0.0,0.0,0.00015781830969888072,0.0,0.0
CALM1→MIP,1.9932227532887535e-05,1.9932227532887535e-05,0.0,0.0,0.0,0.0,0.0,1.9932227532887535e-05,0.0,0.0
CALM1→OPRM1,1.1602618564132198e-06,1.1602618564132198e-06,4.829931852367265e-05,4.829931852367265e-05,4.829931852367265e-05,0.0014271690053198878,4.829931852367265e-05,1.1602618564132198e-06,4.829931852367265e-05,4.829931852367265e-05
CALM1→PDE1A,2.869056224030611e-06,2.869056224030611e-06,0.0,0.0,0.0,0.0,0.0,2.869056224030611e-06,0.0,0.0
CALM1→PDE1B,1.0949258433148992e-06,1.0949258433148992e-06,0.0,0.0,0.0,0.0,0.0,1.0949258433148992e-06,0.0,0.0
CALM1→PDE1C,3.398355651274801e-07,3.398355651274801e-07,0.0,0.0,0.0,0.0,0.0,3.398355651274801e-07,0.0,0.0
CALM1→PTH2R,2.5724264357608177e-07,2.5724264357608177e-07,0.0,0.0,0.0,0.0,0.0,2.5724264357608177e-07,0.0,0.0
CALM1→PTPRA,2.9771814786437188e-06,2.9771814786437188e-06,0.0,0.0,0.0,0.0,0.0,2.9771814786437188e-06,0.0,0.0
CALM1→RYR2,1.1821034802225127e-08,1.1821034802225127e-08,0.0,0.0,0.0,0.0,0.0,1.1821034802225127e-08,0.0,0.0
CALM1→SCN10A,1.3671856640280898e-06,1.3671856640280898e-06,0.0,0.0,0.0,0.0,0.0,1.3671856640280898e-06,0.0,0.0
CALM1→SCN4A,2.721620445484313e-05,2.721620445484313e-05,0.0,0.0,0.0,0.0,0.0,2.721620445484313e-05,0.0,0.0
CALM1→SCTR,0.0,0.0,0.0,0.0,0.0,0.0,0.0,0.0,0.0,0.0
CALM1→TRPC3,1.0428703495757664e-05,1.0428703495757664e-05,0.0,0.0,0.0,0.0,0.0,1.0428703495757664e-05,0.0,0.0
CALM1→TRPC5,3.145894068080331e-08,3.145894068080331e-08,0.0,0.0,0.0,0.0,0.0,3.145894068080331e-08,0.0,0.0
CALM1→VIPR1,1.1416726132718377e-08,1.1416726132718377e-08,0.0,0.0,0.0,0.0,0.0,1.1416726132718377e-08,0.0,0.0
CALM3→ADCY8,0.0,0.0,0.0,0.0,0.0,0.0,0.0,0.0,0.0,0.0
CALM3→AQP1,6.620858269943183e-06,6.620858269943183e-06,0.0,0.0,0.0,0.0,0.0,6.620858269943183e-06,0.0,0.0
CALM3→AQP6,5.60276300315098e-06,5.60276300315098e-06,0.0,0.0,0.0,0.0,0.0,5.60276300315098e-06,0.0,0.0
CALM3→AR,8.730606817604328e-07,8.730606817604328e-07,0.0,0.0,0.0,0.0,0.0,8.730606817604328e-07,0.0,0.0
CALM3→CACNA1C,2.4600104078000063e-07,2.4600104078000063e-07,0.0,0.0,0.0,0.0,0.0,2.4600104078000063e-07,0.0,0.0
CALM3→EGFR,0.0,0.0,0.0,0.0,0.0,0.0,0.0,0.0,0.0,0.0
CALM3→ESR1,2.329914549036251e-05,2.329914549036251e-05,0.0,0.0,0.0,0.0,0.0,2.329914549036251e-05,0.0,0.0
CALM3→GP6,0.0,0.0,5.618619935969193e-05,5.618619935969193e-05,5.618619935969193e-05,0.0,5.618619935969193e-05,0.0,5.618619935969193e-05,5.618619935969193e-05
CALM3→GRM5,6.800117091873853e-06,6.800117091873853e-06,0.0,0.0,0.0,0.0,0.0,6.800117091873853e-06,0.0,0.0
CALM3→GRM7,6.881870981458902e-08,6.881870981458902e-08,0.0,0.0,0.0,0.0,0.0,6.881870981458902e-08,0.0,0.0
CALM3→INSR,0.0,0.0,0.0,0.0,0.0,0.0,0.0,0.0,0.0,0.0
CALM3→KCNQ1,7.251662002116966e-07,7.251662002116966e-07,0.0,0.0,0.0,0.0,0.0,7.251662002116966e-07,0.0,0.0
CALM3→KCNQ3,1.2370422771308663e-06,1.2370422771308663e-06,0.0,0.0,0.0,0.0,0.0,1.2370422771308663e-06,0.0,0.0
CALM3→KCNQ5,1.371265751043646e-07,1.371265751043646e-07,0.0,0.0,0.0,0.0,0.0,1.371265751043646e-07,0.0,0.0
CALM3→PDE1A,0.0,0.0,0.0,0.0,0.0,0.00025626064040714996,0.0,0.0,0.0,0.0
CALM3→PDE1B,2.387721030038886e-07,2.387721030038886e-07,0.0,0.0,0.0,0.0,0.0,2.387721030038886e-07,0.0,0.0
CALM3→PDE1C,0.0,0.0,0.0,0.0,0.0,4.07046855997433e-05,0.0,0.0,0.0,0.0
CALM3→RYR2,7.086106983865483e-06,7.086106983865483e-06,0.00017429170764562908,0.00017429170764562908,0.00017429170764562908,0.0,0.00017429170764562908,7.086106983865483e-06,0.00017429170764562908,0.00017429170764562908
CALM3→SCN10A,2.0994007351306938e-06,2.0994007351306938e-06,0.0,0.0,0.0,0.0,0.0,2.0994007351306938e-06,0.0,0.0
CALM3→SCN4A,2.8315266642190814e-07,2.8315266642190814e-07,0.0,0.0,0.0,0.0,0.0,2.8315266642190814e-07,0.0,0.0
CALM3→TRPC5,0.0,0.0,0.00017176245676098564,0.00017176245676098564,0.00017176245676098564,0.0,0.00017176245676098564,0.0,0.00017176245676098564,0.00017176245676098564
CALML3→KCNQ1,1.6495687952949149e-06,1.6495687952949149e-06,0.0,0.0,0.0,0.0008522678725155172,0.0,1.6495687952949149e-06,0.0,0.0
CALR→ITGA2B,4.873081615643798e-07,4.873081615643798e-07,0.0,0.0,0.0,0.0003845480781055282,0.0,4.873081615643798e-07,0.0,0.0
CALR→ITGA3,0.0,0.0,0.0,0.0,0.0,0.0,0.0,0.0,0.0,0.0
CALR→ITGAV,2.4131726443200665e-05,2.4131726443200665e-05,0.0,0.0,0.0,0.0002414929015777897,0.0,2.4131726443200665e-05,0.0,0.0
CALR→LRP1,0.0,0.0,0.0,0.0,0.0,0.0,0.0,0.0,0.0,0.0
CALR→MPL,6.639515905586794e-06,6.639515905586794e-06,0.0,0.0,0.0,0.0,0.0,6.639515905586794e-06,0.0,0.0
CALR→MTNR1A,0.0,0.0,0.0,0.0,0.0,0.0,0.0,0.0,0.0,0.0
CALR→SCARF1,1.204446306530826e-06,1.204446306530826e-06,0.0,0.0,0.0,0.0,0.0,1.204446306530826e-06,0.0,0.0
CALR→TSHR,1.4315385706091225e-06,1.4315385706091225e-06,0.0,0.0,0.0,0.0,0.0,1.4315385706091225e-06,0.0,0.0
CAMP→EGFR,3.3508338077169443e-07,3.3508338077169443e-07,0.0,0.0,0.0,9.227719757304385e-05,0.0,3.3508338077169443e-07,0.0,0.0
CAMP→FPR2,1.6514134973391074e-06,1.6514134973391074e-06,0.0,0.0,0.0,0.0,0.0,1.6514134973391074e-06,0.0,0.0
CAMP→IGF1R,5.927669169284235e-06,5.927669169284235e-06,0.0,0.0,0.0,0.0,0.0,5.927669169284235e-06,0.0,0.0
CAMP→P2RX7,4.569952489731368e-09,4.569952489731368e-09,1.8787654750759823e-05,1.8787654750759823e-05,1.8787654750759823e-05,0.0012263758436566227,1.8787654750759823e-05,4.569952489731368e-09,1.8787654750759823e-05,1.8787654750759823e-05
CCK→CCKAR,0.0,0.0,0.0,0.0,0.0,0.0,0.0,0.0,0.0,0.0
CCK→CCKBR,5.680271169365083e-07,5.680271169365083e-07,0.00014611349785295517,0.00014611349785295517,0.00014611349785295517,0.0,0.00014611349785295517,5.680271169365083e-07,0.00014611349785295517,0.00014611349785295517
CCL11→ACKR1,4.3724183635322785e-06,4.3724183635322785e-06,0.0,0.0,0.0,0.0,0.0,4.3724183635322785e-06,0.0,0.0
CCL11→ACKR2,1.4383818934302859e-05,1.4383818934302859e-05,0.0,0.0,0.0,0.0,0.0,1.4383818934302859e-05,0.0,0.0
CCL11→ACKR4,7.44422622181286e-05,7.44422622181286e-05,0.0,0.0,0.0,5.638534691689008e-05,0.0,7.44422622181286e-05,0.0,0.0
CCL11→CCR2,0.0,0.0,0.0,0.0,0.0,0.0,0.0,0.0,0.0,0.0
CCL11→CCR3,7.165104071419842e-05,7.165104071419842e-05,5.260387847095218e-06,5.260387847095218e-06,5.260387847095218e-06,0.0,5.260387847095218e-06,7.165104071419842e-05,5.260387847095218e-06,5.260387847095218e-06
CCL11→CCR5,1.4455852820869651e-08,1.4455852820869651e-08,0.0,0.0,0.0,0.0,0.0,1.4455852820869651e-08,0.0,0.0
CCL11→CXCR3,0.0,0.0,0.0,0.0,0.0,0.0,0.0,0.0,0.0,0.0
CCL11→DPP4,4.0864609541197297e-07,4.0864609541197297e-07,0.0,0.0,0.0,6.791067868028259e-05,0.0,4.0864609541197297e-07,0.0,0.0
CCL13→ACKR1,0.0,0.0,0.0,0.0,0.0,0.0,0.0,0.0,0.0,0.0
CCL13→ACKR2,0.0,0.0,0.0,0.0,0.0,0.0,0.0,0.0,0.0,0.0
CCL13→ACKR4,1.4356120131644947e-08,1.4356120131644947e-08,0.0,0.0,0.0,0.0,0.0,1.4356120131644947e-08,0.0,0.0
CCL13→CCR1,1.993142054175685e-05,1.993142054175685e-05,1.4071363101971041e-05,1.4071363101971041e-05,1.4071363101971041e-05,0.0,1.4071363101971041e-05,1.993142054175685e-05,1.4071363101971041e-05,1.4071363101971041e-05
CCL13→CCR2,5.0822840320575855e-05,5.0822840320575855e-05,0.0,0.0,0.0,0.0008545162717246718,0.0,5.0822840320575855e-05,0.0,0.0
CCL13→CCR3,0.00016570535516440815,0.00016570535516440815,0.0,0.0,0.0,0.0,0.0,0.00016570535516440815,0.0,0.0
CCL13→CCR5,3.7309042379783266e-06,3.7309042379783266e-06,0.0,0.0,0.0,0.0,0.0,3.7309042379783266e-06,0.0,0.0
CCL13→CCR9,2.0760135796944733e-06,2.0760135796944733e-06,0.0,0.0,0.0,0.0,0.0,2.0760135796944733e-06,0.0,0.0
CCL13→CXCR3,3.359650943847903e-05,3.359650943847903e-05,0.0,0.0,0.0,0.0,0.0,3.359650943847903e-05,0.0,0.0
CCL14→ACKR1,3.31061577216515e-06,3.31061577216515e-06,0.0,0.0,0.0,0.0,0.0,3.31061577216515e-06,0.0,0.0
CCL14→ACKR2,7.096165278462518e-05,7.096165278462518e-05,0.0,0.0,0.0,0.0,0.0,7.096165278462518e-05,0.0,0.0
CCL14→CCR1,0.0,0.0,0.0,0.0,0.0,0.0,0.0,0.0,0.0,0.0
CCL14→CCR3,3.673145843609033e-05,3.673145843609033e-05,0.0,0.0,0.0,0.0,0.0,3.673145843609033e-05,0.0,0.0
CCL14→CCR5,0.0,0.0,0.0,0.0,0.0,0.0,0.0,0.0,0.0,0.0
CCL15→CCR1,1.3614963005305407e-06,1.3614963005305407e-06,0.0,0.0,0.0,0.0,0.0,1.3614963005305407e-06,0.0,0.0
CCL15→CCR3,0.0,0.0,0.0,0.0,0.0,0.0,0.0,0.0,0.0,0.0
CCL16→ACKR1,1.7835924279717007e-07,1.7835924279717007e-07,0.0,0.0,0.0,0.0,0.0,1.7835924279717007e-07,0.0,0.0
CCL16→ADRA2A,0.0,0.0,0.0,0.0,0.0,0.0,0.0,0.0,0.0,0.0
CCL16→CCR1,0.0,0.0,0.0,0.0,0.0,0.0,0.0,0.0,0.0,0.0
CCL16→CCR2,4.6546928459385024e-07,4.6546928459385024e-07,0.0,0.0,0.0,0.0,0.0,4.6546928459385024e-07,0.0,0.0
CCL16→CCR5,0.0,0.0,8.475339864030567e-06,8.475339864030567e-06,8.475339864030567e-06,0.0,8.475339864030567e-06,0.0,8.475339864030567e-06,8.475339864030567e-06
CCL16→CCR8,0.0,0.0,0.0,0.0,0.0,0.0,0.0,0.0,0.0,0.0
CCL16→GRM7,0.0,0.0,0.0,0.0,0.0,0.0,0.0,0.0,0.0,0.0
CCL16→HRH4,0.002603688724720732,0.002603688724720732,0.0,0.0,0.0,0.0,0.0,0.002603688724720732,0.0,0.0
CCL16→MTNR1A,5.443685309030013e-05,5.443685309030013e-05,0.0,0.0,0.0,0.0,0.0,5.443685309030013e-05,0.0,0.0
CCL17→ACKR1,8.088201626290839e-07,8.088201626290839e-07,0.0,0.0,0.0,0.0,0.0,8.088201626290839e-07,0.0,0.0
CCL17→ACKR2,4.266415712004673e-06,4.266415712004673e-06,0.0,0.0,0.0,0.0,0.0,4.266415712004673e-06,0.0,0.0
CCL17→CCR4,8.991041686369393e-07,8.991041686369393e-07,0.0,0.0,0.0,0.0,0.0,8.991041686369393e-07,0.0,0.0
CCL17→CCR8,9.501037287015833e-07,9.501037287015833e-07,0.0,0.0,0.0,0.0,0.0,9.501037287015833e-07,0.0,0.0
CCL18→ACKR1,0.0,0.0,0.0,0.0,0.0,0.0010970577644943468,0.0,0.0,0.0,0.0
CCL18→CCR1,7.429817441444186e-06,7.429817441444186e-06,0.0,0.0,0.0,0.001977610730336631,0.0,7.429817441444186e-06,0.0,0.0
CCL18→CCR3,1.974763234207732e-05,1.974763234207732e-05,0.0,0.0,0.0,0.0,0.0,1.974763234207732e-05,0.0,0.0
CCL18→CCR8,5.230750923445066e-06,5.230750923445066e-06,0.0,0.0,0.0,0.0,0.0,5.230750923445066e-06,0.0,0.0
CCL18→PITPNM3,0.0,0.0,0.0,0.0,0.0,0.00018308677513456472,0.0,0.0,0.0,0.0
CCL19→ACKR2,3.1006641380583347e-06,3.1006641380583347e-06,0.0,0.0,0.0,0.0,0.0,3.1006641380583347e-06,0.0,0.0
CCL19→ACKR4,0.0,0.0,0.0,0.0,0.0,0.0,0.0,0.0,0.0,0.0
CCL19→ADRA2A,6.022539297693866e-06,6.022539297693866e-06,0.0006573733581235093,0.0006573733581235093,0.0006573733581235093,0.0,0.0006573733581235093,6.022539297693866e-06,0.0006573733581235093,0.0006573733581235093
CCL19→CCR10,4.997340332207003e-08,4.997340332207003e-08,0.0001999157195975874,0.0001999157195975874,0.0001999157195975874,5.8492229252384513e-05,0.0001999157195975874,4.997340332207003e-08,0.0001999157195975874,0.0001999157195975874
CCL19→CCR7,1.9489601963481868e-05,1.9489601963481868e-05,0.0,0.0,0.0,0.0,0.0,1.9489601963481868e-05,0.0,0.0
CCL19→CCRL2,5.8984744284211075e-05,5.8984744284211075e-05,0.0,0.0,0.0,4.202673479533366e-05,0.0,5.8984744284211075e-05,0.0,0.0
CCL19→CXCR3,3.841220031425995e-05,3.841220031425995e-05,0.0,0.0,0.0,0.0,0.0,3.841220031425995e-05,0.0,0.0
CCL19→GRM7,3.0719006000860342e-06,3.0719006000860342e-06,0.0,0.0,0.0,0.0,0.0,3.0719006000860342e-06,0.0,0.0
CCL19→MTNR1A,1.528773046827511e-05,1.528773046827511e-05,0.0,0.0,0.0,0.0,0.0,1.528773046827511e-05,0.0,0.0
CCL1→ACKR1,7.389043486035921e-06,7.389043486035921e-06,0.0,0.0,0.0,0.0,0.0,7.389043486035921e-06,0.0,0.0
CCL1→ACKR4,0.0,0.0,0.0,0.0,0.0,0.0,0.0,0.0,0.0,0.0
CCL1→CCR8,1.5138723321560176e-06,1.5138723321560176e-06,0.0,0.0,0.0,0.0,0.0,1.5138723321560176e-06,0.0,0.0
CCL20→ACKR4,1.1391507962782835e-08,1.1391507962782835e-08,5.96926623565314e-05,5.96926623565314e-05,5.96926623565314e-05,0.0,5.96926623565314e-05,1.1391507962782835e-08,5.96926623565314e-05,5.96926623565314e-05
CCL20→ADRA2A,1.415191105797601e-06,1.415191105797601e-06,0.0,0.0,0.0,0.0,0.0,1.415191105797601e-06,0.0,0.0
CCL20→CCR6,6.094918829814456e-07,6.094918829814456e-07,2.7434376782537956e-06,2.7434376782537956e-06,2.7434376782537956e-06,5.6427866992045424e-05,2.7434376782537956e-06,6.094918829814456e-07,2.7434376782537956e-06,2.7434376782537956e-06
CCL20→CXCR3,1.4124221143846294e-06,1.4124221143846294e-06,0.0,0.0,0.0,0.0,0.0,1.4124221143846294e-06,0.0,0.0
CCL20→GRM7,1.5447140347769953e-06,1.5447140347769953e-06,0.0,0.0,0.0,0.0,0.0,1.5447140347769953e-06,0.0,0.0
CCL20→MTNR1A,5.425230196756871e-05,5.425230196756871e-05,0.0,0.0,0.0,0.0,0.0,5.425230196756871e-05,0.0,0.0
CCL21→ACKR2,2.045048933123856e-07,2.045048933123856e-07,0.0,0.0,0.0,0.0,0.0,2.045048933123856e-07,0.0,0.0
CCL21→ACKR4,0.0,0.0,0.0,0.0,0.0,0.0,0.0,0.0,0.0,0.0
CCL21→ADRA2A,4.057409901675548e-08,4.057409901675548e-08,0.0,0.0,0.0,2.3685298624052614e-05,0.0,4.057409901675548e-08,0.0,0.0
CCL21→CCR10,0.0,0.0,0.0,0.0,0.0,0.0,0.0,0.0,0.0,0.0
CCL21→CCR7,3.4111290161915705e-06,3.4111290161915705e-06,0.0003241990024200311,0.0003241990024200311,0.0003241990024200311,0.0,0.0003241990024200311,3.4111290161915705e-06,0.0003241990024200311,0.0003241990024200311
CCL21→CXCR3,0.0,0.0,0.0,0.0,0.0,0.0,0.0,0.0,0.0,0.0
CCL21→GRM7,3.012876215138205e-06,3.012876215138205e-06,0.0,0.0,0.0,0.0,0.0,3.012876215138205e-06,0.0,0.0
CCL21→MTNR1A,1.7307664463912615e-05,1.7307664463912615e-05,0.0,0.0,0.0,0.0,0.0,1.7307664463912615e-05,0.0,0.0
CCL22→ACKR2,3.2665651368968558e-06,3.2665651368968558e-06,0.0,0.0,0.0,0.00019549741700757307,0.0,3.2665651368968558e-06,0.0,0.0
CCL22→CCR4,1.1946341917633703e-09,1.1946341917633703e-09,0.0,0.0,0.0,0.00018712558211505446,0.0,1.1946341917633703e-09,0.0,0.0
CCL22→DPP4,1.52372707433876e-06,1.52372707433876e-06,0.0,0.0,0.0,0.0,0.0,1.52372707433876e-06,0.0,0.0
CCL23→ACKR2,0.0002522062056132871,0.0002522062056132871,0.0,0.0,0.0,0.0,0.0,0.0002522062056132871,0.0,0.0
CCL23→CCR1,1.4283269331289774e-06,1.4283269331289774e-06,4.841926276613782e-05,4.841926276613782e-05,4.841926276613782e-05,5.925537876306487e-05,4.841926276613782e-05,1.4283269331289774e-06,4.841926276613782e-05,4.841926276613782e-05
CCL23→FPR2,0.0,0.0,0.0,0.0,0.0,0.0,0.0,0.0,0.0,0.0
CCL24→ACKR2,4.0312972974999744e-07,4.0312972974999744e-07,0.0,0.0,0.0,0.0,0.0,4.0312972974999744e-07,0.0,0.0
CCL24→CCR2,0.0,0.0,0.0,0.0,0.0,0.0,0.0,0.0,0.0,0.0
CCL24→CCR3,0.0,0.0,0.0,0.0,0.0,0.0,0.0,0.0,0.0,0.0
CCL25→ACKR2,2.1555459526243262e-05,2.1555459526243262e-05,6.795171580144103e-05,6.795171580144103e-05,6.795171580144103e-05,0.0,6.795171580144103e-05,2.1555459526243262e-05,6.795171580144103e-05,6.795171580144103e-05
CCL25→ACKR4,1.715509882889896e-06,1.715509882889896e-06,0.0,0.0,0.0,0.0,0.0,1.715509882889896e-06,0.0,0.0
CCL25→ADRA2A,3.150376308084286e-07,3.150376308084286e-07,0.0,0.0,0.0,0.0,0.0,3.150376308084286e-07,0.0,0.0
CCL25→CCR10,6.553405589751276e-07,6.553405589751276e-07,4.6650712535823844e-05,4.6650712535823844e-05,4.6650712535823844e-05,0.0,4.6650712535823844e-05,6.553405589751276e-07,4.6650712535823844e-05,4.6650712535823844e-05
CCL25→CCR9,2.2569239625464335e-05,2.2569239625464335e-05,0.0,0.0,0.0,0.0,0.0,2.2569239625464335e-05,0.0,0.0
CCL25→GRM7,5.5224827266514486e-05,5.5224827266514486e-05,0.0,0.0,0.0,0.0,0.0,5.5224827266514486e-05,0.0,0.0
CCL25→MTNR1A,0.0,0.0,0.0,0.0,0.0,0.0,0.0,0.0,0.0,0.0
CCL26→ACKR2,2.4173548682035527e-06,2.4173548682035527e-06,0.0,0.0,0.0,0.0,0.0,2.4173548682035527e-06,0.0,0.0
CCL26→CCR1,2.3586946701596136e-07,2.3586946701596136e-07,0.00012744148504429762,0.00012744148504429762,0.00012744148504429762,0.0008018180607915934,0.00012744148504429762,2.3586946701596136e-07,0.00012744148504429762,0.00012744148504429762
CCL26→CCR2,1.4462380111711457e-06,1.4462380111711457e-06,0.0,0.0,0.0,0.0,0.0,1.4462380111711457e-06,0.0,0.0
CCL26→CCR3,1.0879177329695911e-09,1.0879177329695911e-09,0.0,0.0,0.0,0.0009356467459840951,0.0,1.0879177329695911e-09,0.0,0.0
CCL26→CCR5,0.0,0.0,0.0,0.0,0.0,0.0,0.0,0.0,0.0,0.0
CCL26→CX3CR1,3.1656352974465125e-08,3.1656352974465125e-08,0.0,0.0,0.0,0.0,0.0,3.1656352974465125e-08,0.0,0.0
CCL27→ACKR2,0.0,0.0,0.0,0.0,0.0,0.0,0.0,0.0,0.0,0.0
CCL27→ADRA2A,0.0,0.0,0.0,0.0,0.0,0.0,0.0,0.0,0.0,0.0
CCL27→CCR10,0.005904260666372824,0.005904260666372824,0.0,0.0,0.0,0.0,0.0,0.005904260666372824,0.0,0.0
CCL27→CCR2,2.6686334924794405e-09,2.6686334924794405e-09,0.0,0.0,0.0,0.0,0.0,2.6686334924794405e-09,0.0,0.0
CCL27→CCR3,0.0001272543159817967,0.0001272543159817967,0.0,0.0,0.0,0.0,0.0,0.0001272543159817967,0.0,0.0
CCL27→GRM7,2.5947522350390354e-08,2.5947522350390354e-08,0.0,0.0,0.0,0.00013148094987917676,0.0,2.5947522350390354e-08,0.0,0.0
CCL27→MTNR1A,0.0,0.0,0.0,0.0,0.0,0.0,0.0,0.0,0.0,0.0
CCL28→ACKR2,0.0,0.0,0.0,0.0,0.0,0.0,0.0,0.0,0.0,0.0
CCL28→ADRA2A,2.9336683251196893e-07,2.9336683251196893e-07,3.499971208420772e-05,3.499971208420772e-05,3.499971208420772e-05,0.0,3.499971208420772e-05,2.9336683251196893e-07,3.499971208420772e-05,3.499971208420772e-05
CCL28→CCR10,0.0,0.0,9.14223867978407e-05,9.14223867978407e-05,9.14223867978407e-05,0.0010259307773135933,9.14223867978407e-05,0.0,9.14223867978407e-05,9.14223867978407e-05
CCL28→CCR3,1.900182589589592e-07,1.900182589589592e-07,0.0,0.0,0.0,0.0006194817396032664,0.0,1.900182589589592e-07,0.0,0.0
CCL28→GRM7,1.1174854841959492e-06,1.1174854841959492e-06,0.0,0.0,0.0,0.000320201663151475,0.0,1.1174854841959492e-06,0.0,0.0
CCL28→MTNR1A,0.0,0.0,0.0,0.0,0.0,0.0,0.0,0.0,0.0,0.0
CCL2→ACKR1,3.0268467605270787e-06,3.0268467605270787e-06,0.0,0.0,0.0,0.0,0.0,3.0268467605270787e-06,0.0,0.0
CCL2→ACKR2,9.709318001559162e-07,9.709318001559162e-07,0.0,0.0,0.0,0.0,0.0,9.709318001559162e-07,0.0,0.0
CCL2→ACKR4,9.507063228191832e-07,9.507063228191832e-07,0.0,0.0,0.0,0.0,0.0,9.507063228191832e-07,0.0,0.0
CCL2→CCR1,0.0,0.0,0.0,0.0,0.0,0.0,0.0,0.0,0.0,0.0
CCL2→CCR10,6.403665838640661e-07,6.403665838640661e-07,0.0,0.0,0.0,0.0,0.0,6.403665838640661e-07,0.0,0.0
CCL2→CCR2,0.0,0.0,0.0,0.0,0.0,0.0,0.0,0.0,0.0,0.0
CCL2→CCR3,7.066014174672889e-05,7.066014174672889e-05,0.0,0.0,0.0,0.0,0.0,7.066014174672889e-05,0.0,0.0
CCL2→CCR4,1.4083544912231756e-07,1.4083544912231756e-07,0.0,0.0,0.0,0.0,0.0,1.4083544912231756e-07,0.0,0.0
CCL2→CCR5,2.072269751022466e-07,2.072269751022466e-07,0.0,0.0,0.0,0.0,0.0,2.072269751022466e-07,0.0,0.0
CCL3→ACKR2,1.0166527558230456e-06,1.0166527558230456e-06,0.0,0.0,0.0,0.0,0.0,1.0166527558230456e-06,0.0,0.0
CCL3→CCR1,1.2918741392069561e-08,1.2918741392069561e-08,0.0,0.0,0.0,0.0,0.0,1.2918741392069561e-08,0.0,0.0
CCL3→CCR3,6.238539661566114e-06,6.238539661566114e-06,0.0,0.0,0.0,0.0,0.0,6.238539661566114e-06,0.0,0.0
CCL3→CCR4,3.880089331617935e-06,3.880089331617935e-06,0.0,0.0,0.0,0.0,0.0,3.880089331617935e-06,0.0,0.0
CCL3→CCR5,1.0597667480530385e-06,1.0597667480530385e-06,0.0,0.0,0.0,0.0,0.0,1.0597667480530385e-06,0.0,0.0
CCL4→ACKR2,0.0,0.0,0.0,0.0,0.0,0.0,0.0,0.0,0.0,0.0
CCL4→CCR1,6.69371711588088e-06,6.69371711588088e-06,0.0,0.0,0.0,0.0,0.0,6.69371711588088e-06,0.0,0.0
CCL4→CCR3,1.965947869553678e-05,1.965947869553678e-05,0.0,0.0,0.0,0.0,0.0,1.965947869553678e-05,0.0,0.0
CCL4→CCR5,1.7881782529740666e-05,1.7881782529740666e-05,0.0,0.0,0.0,0.0,0.0,1.7881782529740666e-05,0.0,0.0
CCL4→CCR8,1.2172547767022072e-07,1.2172547767022072e-07,0.0,0.0,0.0,0.0,0.0,1.2172547767022072e-07,0.0,0.0
CCL4→CNR2,1.955936816450684e-07,1.955936816450684e-07,3.4881499680299016e-05,3.4881499680299016e-05,3.4881499680299016e-05,0.0,3.4881499680299016e-05,1.955936816450684e-07,3.4881499680299016e-05,3.4881499680299016e-05
CCL4→GPR152,0.0,0.0,3.489242672293436e-05,3.489242672293436e-05,3.489242672293436e-05,0.0,3.489242672293436e-05,0.0,3.489242672293436e-05,3.489242672293436e-05
CCL4→GPRC5D,0.0,0.0,0.0,0.0,0.0,0.0,0.0,0.0,0.0,0.0
CCL5→ACKR1,9.242367019026733e-07,9.242367019026733e-07,0.0,0.0,0.0,0.0,0.0,9.242367019026733e-07,0.0,0.0
CCL5→ACKR2,1.15371109798425e-06,1.15371109798425e-06,0.0,0.0,0.0,0.0,0.0,1.15371109798425e-06,0.0,0.0
CCL5→ACKR4,7.594904135048273e-05,7.594904135048273e-05,4.032559842346312e-05,4.032559842346312e-05,4.032559842346312e-05,6.887973966197181e-05,4.032559842346312e-05,7.594904135048273e-05,4.032559842346312e-05,4.032559842346312e-05
CCL5→ADRA2A,1.9719512874459814e-06,1.9719512874459814e-06,0.0,0.0,0.0,0.0,0.0,1.9719512874459814e-06,0.0,0.0
CCL5→CCR1,4.7012001337809213e-07,4.7012001337809213e-07,0.00017192088019921502,0.00017192088019921502,0.00017192088019921502,0.0,0.00017192088019921502,4.7012001337809213e-07,0.00017192088019921502,0.00017192088019921502
CCL5→CCR3,0.0001489543755217739,0.0001489543755217739,0.0,0.0,0.0,0.0,0.0,0.0001489543755217739,0.0,0.0
CCL5→CCR4,1.5431161792258066e-05,1.5431161792258066e-05,0.0010374984337637298,0.0010374984337637298,0.0010374984337637298,0.0,0.0010374984337637298,1.5431161792258066e-05,0.0010374984337637298,0.0010374984337637298
CCL5→CCR5,5.558478139978367e-07,5.558478139978367e-07,0.0,0.0,0.0,0.0,0.0,5.558478139978367e-07,0.0,0.0
CCL5→CCRL2,1.76049743356399e-07,1.76049743356399e-07,0.0,0.0,0.0,0.0,0.0,1.76049743356399e-07,0.0,0.0
CCL5→CXCR3,7.707171040152203e-07,7.707171040152203e-07,0.0,0.0,0.0,0.0,0.0,7.707171040152203e-07,0.0,0.0
CCL5→DPP4,1.539773311269513e-06,1.539773311269513e-06,0.0,0.0,0.0,0.0,0.0,1.539773311269513e-06,0.0,0.0
CCL5→GPR75,2.3808093817314175e-08,2.3808093817314175e-08,0.0,0.0,0.0,0.0,0.0,2.3808093817314175e-08,0.0,0.0
CCL5→GRM7,3.443805132695927e-05,3.443805132695927e-05,0.0,0.0,0.0,0.0,0.0,3.443805132695927e-05,0.0,0.0
CCL5→MTNR1A,0.0,0.0,0.0,0.0,0.0,0.0,0.0,0.0,0.0,0.0
CCL5→SDC1,2.6138099489083987e-06,2.6138099489083987e-06,0.0,0.0,0.0,0.0,0.0,2.6138099489083987e-06,0.0,0.0
CCL5→SDC4,5.358771244333559e-05,5.358771244333559e-05,0.0,0.0,0.0,0.0,0.0,5.358771244333559e-05,0.0,0.0
CCL7→ACKR1,0.0,0.0,0.0,0.0,0.0,0.0,0.0,0.0,0.0,0.0
CCL7→ACKR2,2.663503075705259e-08,2.663503075705259e-08,0.0,0.0,0.0,0.0,0.0,2.663503075705259e-08,0.0,0.0
CCL7→ACKR4,0.0,0.0,0.0001005823688156206,0.0001005823688156206,0.0001005823688156206,0.00020823937790566163,0.0001005823688156206,0.0,0.0001005823688156206,0.0001005823688156206
CCL7→CCR1,9.727516682845722e-07,9.727516682845722e-07,0.0,0.0,0.0,0.0,0.0,9.727516682845722e-07,0.0,0.0
CCL7→CCR10,0.0004754854070273033,0.0004754854070273033,0.0003696826558152153,0.0003696826558152153,0.0003696826558152153,0.0,0.0003696826558152153,0.0004754854070273033,0.0003696826558152153,0.0003696826558152153
CCL7→CCR2,2.572015517898759e-07,2.572015517898759e-07,0.0,0.0,0.0,0.0,0.0,2.572015517898759e-07,0.0,0.0
CCL7→CCR3,0.0,0.0,0.0,0.0,0.0,0.0,0.0,0.0,0.0,0.0
CCL7→CCR5,6.283650110630778e-05,6.283650110630778e-05,0.0,0.0,0.0,0.0,0.0,6.283650110630778e-05,0.0,0.0
CCL7→CXCR3,0.0,0.0,0.0,0.0,0.0,0.0,0.0,0.0,0.0,0.0
CCL8→ACKR1,3.773562363238048e-05,3.773562363238048e-05,0.0,0.0,0.0,0.0,0.0,3.773562363238048e-05,0.0,0.0
CCL8→ACKR2,1.7810949411985652e-06,1.7810949411985652e-06,0.0,0.0,0.0,0.00021901318057274878,0.0,1.7810949411985652e-06,0.0,0.0
CCL8→ACKR4,0.0,0.0,0.0,0.0,0.0,0.00019582044859935588,0.0,0.0,0.0,0.0
CCL8→CCR1,7.404923786584659e-05,7.404923786584659e-05,0.0,0.0,0.0,0.0,0.0,7.404923786584659e-05,0.0,0.0
CCL8→CCR2,7.010112878097093e-08,7.010112878097093e-08,0.0,0.0,0.0,0.0,0.0,7.010112878097093e-08,0.0,0.0
CCL8→CCR3,6.461103844373753e-05,6.461103844373753e-05,0.0,0.0,0.0,0.0,0.0,6.461103844373753e-05,0.0,0.0
CCL8→CCR5,7.548953367740686e-07,7.548953367740686e-07,0.0,0.0,0.0,0.0,0.0,7.548953367740686e-07,0.0,0.0
CCN1→CAV1,0.0,0.0,0.0,0.0,0.0,0.0,0.0,0.0,0.0,0.0
CCN1→ITGA5,0.0,0.0,0.0,0.0,0.0,0.0,0.0,0.0,0.0,0.0
CCN1→ITGAM,1.3188559603514644e-09,1.3188559603514644e-09,0.0,0.0,0.0,0.0,0.0,1.3188559603514644e-09,0.0,0.0
CCN1→ITGAV,2.5898817379075104e-06,2.5898817379075104e-06,0.0,0.0,0.0,0.0,0.0,2.5898817379075104e-06,0.0,0.0
CCN1→ITGB2,4.3019146437693314e-05,4.3019146437693314e-05,0.0,0.0,0.0,5.3384786429439605e-05,0.0,4.3019146437693314e-05,0.0,0.0
CCN1→ITGB3,0.0,0.0,0.0,0.0,0.0,0.0,0.0,0.0,0.0,0.0
CCN1→ITGB5,0.0,0.0,0.0,0.0,0.0,0.00014387562987869148,0.0,0.0,0.0,0.0
CCN1→SDC4,5.6896028782184585e-06,5.6896028782184585e-06,0.0,0.0,0.0,0.0004984050862538789,0.0,5.6896028782184585e-06,0.0,0.0
CCN1→TLR2,0.0,0.0,0.0,0.0,0.0,0.0,0.0,0.0,0.0,0.0
CCN1→TLR4,2.898348310810084e-06,2.898348310810084e-06,0.0,0.0,0.0,0.0,0.0,2.898348310810084e-06,0.0,0.0
CCN2→EGFR,1.2143905810196461e-07,1.2143905810196461e-07,0.0,0.0,0.0,0.0,0.0,1.2143905810196461e-07,0.0,0.0
CCN2→ERBB4,5.23589609800445e-06,5.23589609800445e-06,0.0,0.0,0.0,0.0,0.0,5.23589609800445e-06,0.0,0.0
CCN2→FGFR2,8.742567372765759e-07,8.742567372765759e-07,0.0,0.0,0.0,0.0,0.0,8.742567372765759e-07,0.0,0.0
CCN2→IGF2R,0.0,0.0,0.0,0.0,0.0,0.0,0.0,0.0,0.0,0.0
CCN2→ITGA5,3.4898175420338118e-06,3.4898175420338118e-06,0.0,0.0,0.0,0.0,0.0,3.4898175420338118e-06,0.0,0.0
CCN2→ITGAM,2.634277902014191e-07,2.634277902014191e-07,0.0,0.0,0.0,0.0,0.0,2.634277902014191e-07,0.0,0.0
CCN2→ITGB2,1.431151761495045e-07,1.431151761495045e-07,0.0,0.0,0.0,0.0,0.0,1.431151761495045e-07,0.0,0.0
CCN2→LRP1,3.1678428380707604e-06,3.1678428380707604e-06,0.0,0.0,0.0,0.0,0.0,3.1678428380707604e-06,0.0,0.0
CCN2→LRP6,1.1424675631133138e-06,1.1424675631133138e-06,0.0,0.0,0.0,0.0,0.0,1.1424675631133138e-06,0.0,0.0
CCN2→NTRK1,1.777349236644827e-07,1.777349236644827e-07,0.0,0.0,0.0,0.0,0.0,1.777349236644827e-07,0.0,0.0
CCN3→NOTCH1,8.034386278976836e-07,8.034386278976836e-07,1.0989525314168226e-05,1.0989525314168226e-05,1.0989525314168226e-05,0.0,1.0989525314168226e-05,8.034386278976836e-07,1.0989525314168226e-05,1.0989525314168226e-05
CCN3→PLXNA1,2.3630595198921492e-07,2.3630595198921492e-07,0.0,0.0,0.0,0.0,0.0,2.3630595198921492e-07,0.0,0.0
CCN4→ITGA5,5.562574706274857e-06,5.562574706274857e-06,0.0,0.0,0.0,0.0,0.0,5.562574706274857e-06,0.0,0.0
CCN4→ITGB1,1.4620642303649213e-06,1.4620642303649213e-06,0.0,0.0,0.0,0.0,0.0,1.4620642303649213e-06,0.0,0.0
CCN6→SORL1,6.162602635479259e-07,6.162602635479259e-07,0.0,0.0,0.0,0.0,0.0,6.162602635479259e-07,0.0,0.0
CD14→ITGA4,0.0,0.0,0.0,0.0,0.0,0.00010108034617851301,0.0,0.0,0.0,0.0
CD14→ITGB1,1.6375090350608667e-08,1.6375090350608667e-08,0.0,0.0,0.0,0.0,0.0,1.6375090350608667e-08,0.0,0.0
CD14→ITGB2,0.0,0.0,0.0,0.0,0.0,0.0,0.0,0.0,0.0,0.0
CD14→RIPK1,1.3200563905288815e-06,1.3200563905288815e-06,0.0,0.0,0.0,0.0,0.0,1.3200563905288815e-06,0.0,0.0
CD14→TLR1,1.8897612229973646e-09,1.8897612229973646e-09,0.0,0.0,0.0,0.0,0.0,1.8897612229973646e-09,0.0,0.0
CD14→TLR4,0.00013229356913138274,0.00013229356913138274,0.0,0.0,0.0,0.0,0.0,0.00013229356913138274,0.0,0.0
CD14→TLR6,1.1616009903652888e-07,1.1616009903652888e-07,0.0,0.0,0.0,0.0,0.0,1.1616009903652888e-07,0.0,0.0
CD14→TLR9,1.68794429030019e-05,1.68794429030019e-05,0.0,0.0,0.0,0.0,0.0,1.68794429030019e-05,0.0,0.0
CD177→PECAM1,6.073434850192401e-07,6.073434850192401e-07,0.0,0.0,0.0,0.0,0.0,6.073434850192401e-07,0.0,0.0
CD1D→CEACAM5,0.0,0.0,0.0,0.0,0.0,0.0006232976018448733,0.0,0.0,0.0,0.0
CD1D→LILRB2,0.0,0.0,0.0,0.0,0.0,0.0,0.0,0.0,0.0,0.0
CD200R1→CD200,4.818078340300104e-07,4.818078340300104e-07,0.0,0.0,0.0,0.0,0.0,4.818078340300104e-07,0.0,0.0
CD200→CD200R1,0.0,0.0,0.0,0.0,0.0,0.0,0.0,0.0,0.0,0.0
CD200→CD200R1L,1.2111292728343334e-06,1.2111292728343334e-06,0.0,0.0,0.0,0.0,0.0,1.2111292728343334e-06,0.0,0.0
CD209→CEACAM1,0.0,0.0,0.0,0.0,0.0,0.0,0.0,0.0,0.0,0.0
CD22→PTPRC,5.38877980367392e-06,5.38877980367392e-06,0.0,0.0,0.0,0.0,0.0,5.38877980367392e-06,0.0,0.0
CD24→SELP,0.0,0.0,0.0,0.0,0.0,0.0,0.0,0.0,0.0,0.0
CD24→SIGLEC10,1.0865101164522518e-05,1.0865101164522518e-05,0.0,0.0,0.0,8.349225697086868e-05,0.0,1.0865101164522518e-05,0.0,0.0
CD274→CD80,2.2502399823732025e-07,2.2502399823732025e-07,0.0,0.0,0.0,0.0,0.0,2.2502399823732025e-07,0.0,0.0
CD274→PDCD1,5.871533610462147e-05,5.871533610462147e-05,0.0,0.0,0.0,0.0,0.0,5.871533610462147e-05,0.0,0.0
CD28→CD80,7.231998972266038e-05,7.231998972266038e-05,0.0005414189278900084,0.0005414189278900084,0.0005414189278900084,0.0,0.0005414189278900084,7.231998972266038e-05,0.0005414189278900084,0.0005414189278900084
CD28→CD86,1.0274050199944963e-07,1.0274050199944963e-07,0.0017250975563574413,0.0017250975563574413,0.0017250975563574413,0.0,0.0017250975563574413,1.0274050199944963e-07,0.0017250975563574413,0.0017250975563574413
CD34→SELL,0.0,0.0,2.2357989041863545e-05,2.2357989041863545e-05,2.2357989041863545e-05,0.0,2.2357989041863545e-05,0.0,2.2357989041863545e-05,2.2357989041863545e-05
CD34→SELP,2.9092392176845113e-06,2.9092392176845113e-06,0.0,0.0,0.0,0.0,0.0,2.9092392176845113e-06,0.0,0.0
CD38→PECAM1,0.0,0.0,0.0,0.0,0.0,0.0,0.0,0.0,0.0,0.0
CD40LG→CD40,0.0,0.0,0.0002299343955266944,0.0002299343955266944,0.0002299343955266944,0.0,0.0002299343955266944,0.0,0.0002299343955266944,0.0002299343955266944
CD40LG→CD53,3.35141733984301e-05,3.35141733984301e-05,0.0,0.0,0.0,0.0,0.0,3.35141733984301e-05,0.0,0.0
CD40LG→CD9,4.618987807338235e-05,4.618987807338235e-05,0.0009514709988174007,0.0009514709988174007,0.0009514709988174007,0.0,0.0009514709988174007,4.618987807338235e-05,0.0009514709988174007,0.0009514709988174007
CD40LG→TRAF3,3.040594307631297e-05,3.040594307631297e-05,6.526118625403613e-05,6.526118625403613e-05,6.526118625403613e-05,0.0,6.526118625403613e-05,3.040594307631297e-05,6.526118625403613e-05,6.526118625403613e-05
CD47→SIRPA,2.8773965747556446e-07,2.8773965747556446e-07,0.0,0.0,0.0,0.0,0.0,2.8773965747556446e-07,0.0,0.0
CD47→SIRPG,2.029296224706934e-07,2.029296224706934e-07,0.0,0.0,0.0,0.0,0.0,2.029296224706934e-07,0.0,0.0
CD48→CD2,5.422102352779151e-06,5.422102352779151e-06,0.0,0.0,0.0,0.0,0.0,5.422102352779151e-06,0.0,0.0
CD48→CD244,0.0,0.0,0.0,0.0,0.0,0.0,0.0,0.0,0.0,0.0
CD52→SIGLEC10,9.88962140720263e-07,9.88962140720263e-07,0.0,0.0,0.0,0.0,0.0,9.88962140720263e-07,0.0,0.0
CD55→ADGRE2,0.0,0.0,0.0,0.0,0.0,0.00018120401832635738,0.0,0.0,0.0,0.0
CD55→ADGRE5,4.9967136283252496e-05,4.9967136283252496e-05,0.0,0.0,0.0,0.0,0.0,4.9967136283252496e-05,0.0,0.0
CD55→CR1,0.0,0.0,2.773597237440603e-06,2.773597237440603e-06,2.773597237440603e-06,0.0,2.773597237440603e-06,0.0,2.773597237440603e-06,2.773597237440603e-06
CD58→CD2,2.908204713924573e-07,2.908204713924573e-07,0.0,0.0,0.0,0.0,0.0,2.908204713924573e-07,0.0,0.0
CD59→CD2,0.00014595828082693637,0.00014595828082693637,0.0,0.0,0.0,0.0,0.0,0.00014595828082693637,0.0,0.0
CD59→STAB1,4.173462115352814e-07,4.173462115352814e-07,0.00025342704156713946,0.00025342704156713946,0.00025342704156713946,0.0,0.00025342704156713946,4.173462115352814e-07,0.00025342704156713946,0.00025342704156713946
CD5L→CD5,1.0854586111317688e-06,1.0854586111317688e-06,0.0,0.0,0.0,0.0,0.0,1.0854586111317688e-06,0.0,0.0
CD70→CD27,1.661127669804103e-05,1.661127669804103e-05,0.0,0.0,0.0,0.0,0.0,1.661127669804103e-05,0.0,0.0
CD70→TNFRSF13B,0.00011136222879324137,0.00011136222879324137,0.0,0.0,0.0,0.0,0.0,0.00011136222879324137,0.0,0.0
CD70→TNFRSF17,0.0,0.0,0.0,0.0,0.0,0.0,0.0,0.0,0.0,0.0
CD72→CD5,4.165850066683099e-06,4.165850066683099e-06,0.0,0.0,0.0,0.0,0.0,4.165850066683099e-06,0.0,0.0
CD80→CD28,7.190337173209874e-05,7.190337173209874e-05,0.0,0.0,0.0,0.0,0.0,7.190337173209874e-05,0.0,0.0
CD80→CTLA4,8.89211765913875e-09,8.89211765913875e-09,0.0,0.0,0.0,0.0,0.0,8.89211765913875e-09,0.0,0.0
CD86→CD28,4.809837818079953e-09,4.809837818079953e-09,0.0,0.0,0.0,0.0,0.0,4.809837818079953e-09,0.0,0.0
CD86→CTLA4,4.513946036264353e-05,4.513946036264353e-05,0.0,0.0,0.0,0.0,0.0,4.513946036264353e-05,0.0,0.0
CD96→NECTIN1,7.943935233397761e-08,7.943935233397761e-08,0.0,0.0,0.0,0.0,0.0,7.943935233397761e-08,0.0,0.0
CD96→PVR,1.756560027429523e-08,1.756560027429523e-08,4.083769465899464e-05,4.083769465899464e-05,4.083769465899464e-05,0.0,4.083769465899464e-05,1.756560027429523e-08,4.083769465899464e-05,4.083769465899464e-05
CD99→CD81,0.0,0.0,0.0,0.0,0.0,0.0,0.0,0.0,0.0,0.0
CD99→CD99L2,3.157913725725685e-07,3.157913725725685e-07,2.989313504021199e-06,2.989313504021199e-06,2.989313504021199e-06,0.0018511315815123738,2.989313504021199e-06,3.157913725725685e-07,2.989313504021199e-06,2.989313504021199e-06
CD99→PILRA,7.943860899684e-05,7.943860899684e-05,0.0,0.0,0.0,0.00026498420411582527,0.0,7.943860899684e-05,0.0,0.0
CD99→PILRB,7.515338825585422e-07,7.515338825585422e-07,0.0,0.0,0.0,0.0,0.0,7.515338825585422e-07,0.0,0.0
CDH1→CDH2,1.2568147649355943e-07,1.2568147649355943e-07,0.0,0.0,0.0,0.0,0.0,1.2568147649355943e-07,0.0,0.0
CDH1→EGFR,1.000582745462822e-06,1.000582745462822e-06,0.0,0.0,0.0,0.0,0.0,1.000582745462822e-06,0.0,0.0
CDH1→IGF1R,1.2831830600958158e-07,1.2831830600958158e-07,0.0,0.0,0.0,0.0,0.0,1.2831830600958158e-07,0.0,0.0
CDH1→KLRG1,1.4701377352080064e-06,1.4701377352080064e-06,0.00183160152795094,0.00183160152795094,0.00183160152795094,0.0,0.00183160152795094,1.4701377352080064e-06,0.00183160152795094,0.00183160152795094
CDH1→LRP5,1.562653644913882e-05,1.562653644913882e-05,0.0001156320976366734,0.0001156320976366734,0.0001156320976366734,0.0,0.0001156320976366734,1.562653644913882e-05,0.0001156320976366734,0.0001156320976366734
CDH1→PTPRF,4.0858698596728976e-07,4.0858698596728976e-07,2.706703403590291e-05,2.706703403590291e-05,2.706703403590291e-05,0.0004528483247354482,2.706703403590291e-05,4.0858698596728976e-07,2.706703403590291e-05,2.706703403590291e-05
CDH1→PTPRM,7.122165056173731e-07,7.122165056173731e-07,0.0003526082753407957,0.0003526082753407957,0.0003526082753407957,0.0,0.0003526082753407957,7.122165056173731e-07,0.0003526082753407957,0.0003526082753407957
CEACAM16→TECTA,0.0,0.0,0.0,0.0,0.0,0.0,0.0,0.0,0.0,0.0
CEACAM16→TECTB,0.0,0.0,0.0,0.0,0.0,0.0,0.0,0.0,0.0,0.0
CEACAM1→EGFR,8.359386059885815e-08,8.359386059885815e-08,0.0,0.0,0.0,0.0,0.0,8.359386059885815e-08,0.0,0.0
CEACAM1→HAVCR2,4.181841567502038e-07,4.181841567502038e-07,0.0,0.0,0.0,0.0,0.0,4.181841567502038e-07,0.0,0.0
CEACAM5→CD8A,2.4273023992147656e-06,2.4273023992147656e-06,0.0,0.0,0.0,0.0,0.0,2.4273023992147656e-06,0.0,0.0
CEACAM6→CEACAM1,2.9050201325576517e-06,2.9050201325576517e-06,2.1211999800853185e-05,2.1211999800853185e-05,2.1211999800853185e-05,0.0,2.1211999800853185e-05,2.9050201325576517e-06,2.1211999800853185e-05,2.1211999800853185e-05
CEACAM6→EGFR,0.0,0.0,0.0,0.0,0.0,0.0,0.0,0.0,0.0,0.0
CEACAM8→CEACAM1,0.0,0.0,0.0,0.0,0.0,0.0,0.0,0.0,0.0,0.0
CEL→CXCR4,5.642743637684508e-07,5.642743637684508e-07,0.0,0.0,0.0,0.0010465537123577567,0.0,5.642743637684508e-07,0.0,0.0
CER1→MRC2,3.95257344339568e-06,3.95257344339568e-06,0.0,0.0,0.0,0.0,0.0,3.95257344339568e-06,0.0,0.0
CFC1→ACVR1B,1.4893018981908507e-06,1.4893018981908507e-06,0.0,0.0,0.0,0.0,0.0,1.4893018981908507e-06,0.0,0.0
CFC1→ACVR2A,0.0,0.0,0.0,0.0,0.0,0.0,0.0,0.0,0.0,0.0
CFH→ITGAM,4.2590775500276014e-08,4.2590775500276014e-08,0.0,0.0,0.0,0.00042239365855493814,0.0,4.2590775500276014e-08,0.0,0.0
CFP→NCR1,7.407158462861557e-07,7.407158462861557e-07,0.0022114965005480846,0.0022114965005480846,0.0022114965005480846,0.0,0.0022114965005480846,7.407158462861557e-07,0.0022114965005480846,0.0022114965005480846
CGA→ADCYAP1R1,1.644744412965667e-06,1.644744412965667e-06,0.0,0.0,0.0,0.0,0.0,1.644744412965667e-06,0.0,0.0
CGA→ADRB2,7.547784363119414e-09,7.547784363119414e-09,0.0,0.0,0.0,0.0,0.0,7.547784363119414e-09,0.0,0.0
CGA→ADRB3,0.0,0.0,0.0,0.0,0.0,0.0,0.0,0.0,0.0,0.0
CGA→FSHR,0.0,0.0,0.0,0.0,0.0,0.0,0.0,0.0,0.0,0.0
CGA→GPR20,1.6383062122828755e-06,1.6383062122828755e-06,0.0,0.0,0.0,0.0,0.0,1.6383062122828755e-06,0.0,0.0
CGA→GPR84,8.101009824902056e-08,8.101009824902056e-08,0.0,0.0,0.0,0.0,0.0,8.101009824902056e-08,0.0,0.0
CGA→LHCGR,0.0,0.0,0.0,0.0,0.0,0.0,0.0,0.0,0.0,0.0
CGA→PTH1R,2.20073446354016e-06,2.20073446354016e-06,0.0,0.0,0.0,0.0,0.0,2.20073446354016e-06,0.0,0.0
CGA→RAMP2,0.0,0.0,0.0,0.0,0.0,0.0,0.0,0.0,0.0,0.0
CGA→RAMP3,0.0,0.0,0.0,0.0,0.0,0.0,0.0,0.0,0.0,0.0
CGA→TSHR,1.4673297565123254e-06,1.4673297565123254e-06,0.0,0.0,0.0,0.0,0.0,1.4673297565123254e-06,0.0,0.0
CGA→VIPR1,1.4929104582878978e-06,1.4929104582878978e-06,0.0,0.0,0.0,0.0,0.0,1.4929104582878978e-06,0.0,0.0
CGB8→LHCGR,0.0,0.0,0.0,0.0,0.0,0.0,0.0,0.0,0.0,0.0
CGN→OCLN,4.497276819580871e-06,4.497276819580871e-06,0.0,0.0,0.0,0.0,0.0,4.497276819580871e-06,0.0,0.0
CGN→TGFBR1,3.1199632412212986e-07,3.1199632412212986e-07,0.0,0.0,0.0,0.0,0.0,3.1199632412212986e-07,0.0,0.0
CGN→TGFBR2,3.6655733167440705e-06,3.6655733167440705e-06,0.0,0.0,0.0,0.0,0.0,3.6655733167440705e-06,0.0,0.0
CIRBP→TREM1,3.0867772181987486e-06,3.0867772181987486e-06,0.0,0.0,0.0,0.0,0.0,3.0867772181987486e-06,0.0,0.0
CKLF→CCR4,0.0,0.0,0.0,0.0,0.0,9.827131672785112e-05,0.0,0.0,0.0,0.0
CKLF→LRP6,2.954066328551355e-06,2.954066328551355e-06,0.0,0.0,0.0,0.0,0.0,2.954066328551355e-06,0.0,0.0
CLCF1→CRLF1,0.0,0.0,0.0,0.0,0.0,0.0,0.0,0.0,0.0,0.0
CLCF1→SORL1,1.1767377654460577e-06,1.1767377654460577e-06,4.1269922782531974e-05,4.1269922782531974e-05,4.1269922782531974e-05,0.0,4.1269922782531974e-05,1.1767377654460577e-06,4.1269922782531974e-05,4.1269922782531974e-05
CLEC11A→ITGA10,5.569519672245283e-07,5.569519672245283e-07,0.0,0.0,0.0,0.0,0.0,5.569519672245283e-07,0.0,0.0
CLEC11A→ITGA11,7.651995349249316e-06,7.651995349249316e-06,0.0,0.0,0.0,0.0,0.0,7.651995349249316e-06,0.0,0.0
CLEC11A→ITGB1,0.0,0.0,0.0,0.0,0.0,0.0,0.0,0.0,0.0,0.0
CLEC1B→KLRB1,9.431068326463174e-07,9.431068326463174e-07,0.0,0.0,0.0,0.0,0.0,9.431068326463174e-07,0.0,0.0
CLEC1B→PDPN,3.4968285807986293e-06,3.4968285807986293e-06,0.0,0.0,0.0,0.0,0.0,3.4968285807986293e-06,0.0,0.0
CLEC2A→KLRF2,0.0,0.0,0.0,0.0,0.0,0.0,0.0,0.0,0.0,0.0
CLEC2B→KLRF1,2.1164664839453125e-06,2.1164664839453125e-06,0.0,0.0,0.0,0.0,0.0,2.1164664839453125e-06,0.0,0.0
CLEC2D→KLRB1,3.98051275404146e-06,3.98051275404146e-06,1.0099531579554966e-05,1.0099531579554966e-05,1.0099531579554966e-05,0.0,1.0099531579554966e-05,3.98051275404146e-06,1.0099531579554966e-05,1.0099531579554966e-05
CLEC3A→CLEC10A,0.0,0.0,0.0,0.0,0.0,0.0,0.0,0.0,0.0,0.0
CLEC4G→LAG3,0.0,0.0,2.1817496974003035e-05,2.1817496974003035e-05,2.1817496974003035e-05,0.0,2.1817496974003035e-05,0.0,2.1817496974003035e-05,2.1817496974003035e-05
CNMD→PTPRD,5.1315528253326156e-08,5.1315528253326156e-08,0.0,0.0,0.0,0.0,0.0,5.1315528253326156e-08,0.0,0.0
CNTF→CRLF1,5.6596464987042825e-05,5.6596464987042825e-05,0.0,0.0,0.0,0.0,0.0,5.6596464987042825e-05,0.0,0.0
CNTF→EGFR,6.224140694307011e-07,6.224140694307011e-07,0.0,0.0,0.0,0.0,0.0,6.224140694307011e-07,0.0,0.0
CNTF→IL6R,0.0,0.0,0.0,0.0,0.0,0.0,0.0,0.0,0.0,0.0
CNTN1→NOTCH1,3.489797064767808e-07,3.489797064767808e-07,0.0,0.0,0.0,0.0,0.0,3.489797064767808e-07,0.0,0.0
CNTN1→NOTCH2,2.39282759121731e-06,2.39282759121731e-06,0.0,0.0,0.0,0.0,0.0,2.39282759121731e-06,0.0,0.0
CNTN1→NRCAM,0.0,0.0,0.0,0.0,0.0,0.0,0.0,0.0,0.0,0.0
CNTN1→PTPRZ1,0.0,0.0,0.0,0.0,0.0,0.000576422145040587,0.0,0.0,0.0,0.0
CNTN2→CNTN1,0.0,0.0,0.0,0.0,0.0,0.0,0.0,0.0,0.0,0.0
CNTN2→NRCAM,1.074965330585458e-08,1.074965330585458e-08,0.0,0.0,0.0,0.0,0.0,1.074965330585458e-08,0.0,0.0
CNTN2→NRP1,1.374074726089126e-07,1.374074726089126e-07,0.0,0.0,0.0,0.0,0.0,1.374074726089126e-07,0.0,0.0
CNTN3→PTPRG,2.3495122169823968e-07,2.3495122169823968e-07,0.0,0.0,0.0,0.0,0.0,2.3495122169823968e-07,0.0,0.0
CNTN4→APLP1,1.329420633404109e-07,1.329420633404109e-07,0.001222622440251882,0.001222622440251882,0.001222622440251882,0.0,0.001222622440251882,1.329420633404109e-07,0.001222622440251882,0.001222622440251882
CNTN4→LVRN,2.043683079436696e-07,2.043683079436696e-07,0.0,0.0,0.0,0.0,0.0,2.043683079436696e-07,0.0,0.0
CNTN4→PTPRG,2.46618596219315e-05,2.46618596219315e-05,0.0,0.0,0.0,0.0,0.0,2.46618596219315e-05,0.0,0.0
CNTN6→NOTCH1,1.9638359962946356e-06,1.9638359962946356e-06,0.0,0.0,0.0,0.0,0.0,1.9638359962946356e-06,0.0,0.0
CNTN6→PTPRG,3.838405811647125e-06,3.838405811647125e-06,0.0,0.0,0.0,0.0,0.0,3.838405811647125e-06,0.0,0.0
COL11A1→DDR1,1.3324531753533992e-05,1.3324531753533992e-05,0.00013886365663695502,0.00013886365663695502,0.00013886365663695502,0.0,0.00013886365663695502,1.3324531753533992e-05,0.00013886365663695502,0.00013886365663695502
COL14A1→CD44,0.0,0.0,0.0,0.0,0.0,0.0,0.0,0.0,0.0,0.0
COL18A1→GPC1,0.0,0.0,0.0001771822955376685,0.0001771822955376685,0.0001771822955376685,0.0,0.0001771822955376685,0.0,0.0001771822955376685,0.0001771822955376685
COL18A1→GPC4,0.0,0.0,0.0,0.0,0.0,0.0,0.0,0.0,0.0,0.0
COL18A1→ITGA3,1.1059032606246112e-06,1.1059032606246112e-06,0.0,0.0,0.0,0.0,0.0,1.1059032606246112e-06,0.0,0.0
COL18A1→ITGA5,1.4215438597744464e-07,1.4215438597744464e-07,0.0,0.0,0.0,0.0,0.0,1.4215438597744464e-07,0.0,0.0
COL18A1→ITGB3,0.0,0.0,0.0,0.0,0.0,0.0,0.0,0.0,0.0,0.0
COL18A1→ITGB5,8.092980733075874e-08,8.092980733075874e-08,0.0003268289820350578,0.0003268289820350578,0.0003268289820350578,0.0,0.0003268289820350578,8.092980733075874e-08,0.0003268289820350578,0.0003268289820350578
COL18A1→KDR,9.656000053555946e-07,9.656000053555946e-07,0.0,0.0,0.0,0.0,0.0,9.656000053555946e-07,0.0,0.0
COL18A1→PTPRS,0.0,0.0,0.0,0.0,0.0,0.0,0.0,0.0,0.0,0.0
COL1A1→CD36,3.901650627227171e-06,3.901650627227171e-06,0.0,0.0,0.0,0.0,0.0,3.901650627227171e-06,0.0,0.0
COL1A1→CD44,1.0218387535690661e-05,1.0218387535690661e-05,0.0,0.0,0.0,0.0,0.0,1.0218387535690661e-05,0.0,0.0
COL1A1→CD93,0.0,0.0,3.884106793431939e-05,3.884106793431939e-05,3.884106793431939e-05,0.0,3.884106793431939e-05,0.0,3.884106793431939e-05,3.884106793431939e-05
COL1A1→DDR1,1.3133141929977866e-06,1.3133141929977866e-06,0.0,0.0,0.0,0.0,0.0,1.3133141929977866e-06,0.0,0.0
COL1A1→DDR2,0.0,0.0,0.0,0.0,0.0,0.0,0.0,0.0,0.0,0.0
COL1A1→FLT4,5.748980577439968e-08,5.748980577439968e-08,0.0,0.0,0.0,0.0,0.0,5.748980577439968e-08,0.0,0.0
COL1A1→GP6,9.92865818560887e-07,9.92865818560887e-07,0.0,0.0,0.0,0.0,0.0,9.92865818560887e-07,0.0,0.0
COL1A1→ITGA5,5.3357897326534735e-06,5.3357897326534735e-06,0.0,0.0,0.0,0.0,0.0,5.3357897326534735e-06,0.0,0.0
COL1A1→SDC1,5.1348767432289655e-06,5.1348767432289655e-06,0.0,0.0,0.0,0.0002008024499705044,0.0,5.1348767432289655e-06,0.0,0.0
COL1A2→CD36,0.0,0.0,0.0,0.0,0.0,0.0,0.0,0.0,0.0,0.0
COL1A2→CD44,0.0,0.0,0.0,0.0,0.0,0.0,0.0,0.0,0.0,0.0
COL1A2→CD93,0.0,0.0,0.0,0.0,0.0,0.0,0.0,0.0,0.0,0.0
COL1A2→FLT4,1.4798737410821062e-07,1.4798737410821062e-07,0.0,0.0,0.0,0.0,0.0,1.4798737410821062e-07,0.0,0.0
COL1A2→GP6,1.1443279486182216e-06,1.1443279486182216e-06,0.0,0.0,0.0,0.0,0.0,1.1443279486182216e-06,0.0,0.0
COL1A2→ITGA2B,3.7609646218091526e-08,3.7609646218091526e-08,0.0,0.0,0.0,0.0,0.0,3.7609646218091526e-08,0.0,0.0
COL1A2→ITGB3,2.5273335964264815e-07,2.5273335964264815e-07,0.0,0.0,0.0,0.0,0.0,2.5273335964264815e-07,0.0,0.0
COL1A2→SDC1,2.659869170697117e-07,2.659869170697117e-07,0.0,0.0,0.0,0.0,0.0,2.659869170697117e-07,0.0,0.0
COL2A1→CD44,4.341403661327691e-08,4.341403661327691e-08,0.0,0.0,0.0,0.0,0.0,4.341403661327691e-08,0.0,0.0
COL2A1→DDR1,1.545557650670786e-07,1.545557650670786e-07,0.0,0.0,0.0,0.0001127917960983051,0.0,1.545557650670786e-07,0.0,0.0
COL2A1→GP6,3.892611676167073e-07,3.892611676167073e-07,0.0,0.0,0.0,0.0,0.0,3.892611676167073e-07,0.0,0.0
COL2A1→ITGA2B,5.9177104760791376e-08,5.9177104760791376e-08,0.0,0.0,0.0,0.0,0.0,5.9177104760791376e-08,0.0,0.0
COL2A1→MAG,7.222083495065999e-05,7.222083495065999e-05,0.0,0.0,0.0,0.0,0.0,7.222083495065999e-05,0.0,0.0
COL2A1→SDC1,1.6220563674837863e-09,1.6220563674837863e-09,0.00013926906637580947,0.00013926906637580947,0.00013926906637580947,0.00023343920912101683,0.00013926906637580947,1.6220563674837863e-09,0.00013926906637580947,0.00013926906637580947
COL2A1→TNFRSF10A,0.0,0.0,0.0,0.0,0.0,0.0,0.0,0.0,0.0,0.0
COL3A1→DDR1,0.0,0.0,0.0,0.0,0.0,0.0,0.0,0.0,0.0,0.0
COL3A1→DDR2,0.0,0.0,0.0,0.0,0.0,0.0,0.0,0.0,0.0,0.0
COL3A1→MAG,0.0,0.0,0.0,0.0,0.0,0.0,0.0,0.0,0.0,0.0
COL4A1→CD44,6.158871985752599e-08,6.158871985752599e-08,0.0,0.0,0.0,0.0,0.0,6.158871985752599e-08,0.0,0.0
COL4A1→CD47,1.021995340915569e-07,1.021995340915569e-07,0.0,0.0,0.0,0.0005461440698169433,0.0,1.021995340915569e-07,0.0,0.0
COL4A1→CD93,2.9186516057039177e-07,2.9186516057039177e-07,4.009045479249271e-05,4.009045479249271e-05,4.009045479249271e-05,0.0,4.009045479249271e-05,2.9186516057039177e-07,4.009045479249271e-05,4.009045479249271e-05
COL4A1→GP6,0.0,0.0,0.0,0.0,0.0,0.0,0.0,0.0,0.0,0.0
COL4A1→SDC1,2.7459096926959573e-06,2.7459096926959573e-06,4.496831966273443e-05,4.496831966273443e-05,4.496831966273443e-05,0.0,4.496831966273443e-05,2.7459096926959573e-06,4.496831966273443e-05,4.496831966273443e-05
COL4A2→CD44,2.896859476332663e-06,2.896859476332663e-06,0.0,0.0,0.0,0.0,0.0,2.896859476332663e-06,0.0,0.0
COL4A2→CD93,1.4929104582878978e-06,1.4929104582878978e-06,0.0,0.0,0.0,0.0,0.0,1.4929104582878978e-06,0.0,0.0
COL4A2→GP6,0.0,0.0,0.0,0.0,0.0,0.0,0.0,0.0,0.0,0.0
COL4A2→ITGB3,7.73570596483414e-05,7.73570596483414e-05,0.0,0.0,0.0,0.0,0.0,7.73570596483414e-05,0.0,0.0
COL4A2→ITGB5,1.007540222285636e-07,1.007540222285636e-07,0.0,0.0,0.0,0.0,0.0,1.007540222285636e-07,0.0,0.0
COL4A2→SDC1,4.651817735263995e-06,4.651817735263995e-06,0.0,0.0,0.0,0.0,0.0,4.651817735263995e-06,0.0,0.0
COL4A3→CD44,5.977146431517385e-06,5.977146431517385e-06,0.0,0.0,0.0,0.0,0.0,5.977146431517385e-06,0.0,0.0
COL4A3→CD47,2.1291901076099088e-05,2.1291901076099088e-05,0.0,0.0,0.0,0.0,0.0,2.1291901076099088e-05,0.0,0.0
COL4A3→CD93,2.3861245272069088e-05,2.3861245272069088e-05,0.0,0.0,0.0,0.003594142717030489,0.0,2.3861245272069088e-05,0.0,0.0
COL4A3→GP6,3.213918898183008e-05,3.213918898183008e-05,0.0,0.0,0.0,0.0,0.0,3.213918898183008e-05,0.0,0.0
COL4A3→ITGB3,0.0,0.0,0.0,0.0,0.0,0.0,0.0,0.0,0.0,0.0
COL4A3→SDC1,7.148801190137739e-05,7.148801190137739e-05,0.0,0.0,0.0,0.0,0.0,7.148801190137739e-05,0.0,0.0
COL4A4→CD44,1.4057699396632235e-06,1.4057699396632235e-06,0.0,0.0,0.0,0.00022773178924778568,0.0,1.4057699396632235e-06,0.0,0.0
COL4A4→CD47,1.3625618627086792e-06,1.3625618627086792e-06,0.0,0.0,0.0,0.0,0.0,1.3625618627086792e-06,0.0,0.0
COL4A4→CD93,1.2197996665074666e-05,1.2197996665074666e-05,0.0,0.0,0.0,0.0,0.0,1.2197996665074666e-05,0.0,0.0
COL4A4→GP6,1.743702775662928e-05,1.743702775662928e-05,0.0,0.0,0.0,0.0,0.0,1.743702775662928e-05,0.0,0.0
COL4A4→ITGB3,1.7118485179979789e-06,1.7118485179979789e-06,8.833126127459411e-05,8.833126127459411e-05,8.833126127459411e-05,0.0,8.833126127459411e-05,1.7118485179979789e-06,8.833126127459411e-05,8.833126127459411e-05
COL4A4→SDC1,2.9182321408983547e-06,2.9182321408983547e-06,0.0,0.0,0.0,2.994786530151666e-05,0.0,2.9182321408983547e-06,0.0,0.0
COL4A5→CD44,0.0,0.0,0.0,0.0,0.0,0.0,0.0,0.0,0.0,0.0
COL4A5→CD47,5.981408529092353e-07,5.981408529092353e-07,0.0,0.0,0.0,0.0,0.0,5.981408529092353e-07,0.0,0.0
COL4A5→CD93,0.00038493140425383324,0.00038493140425383324,1.9124520485343378e-05,1.9124520485343378e-05,1.9124520485343378e-05,0.0,1.9124520485343378e-05,0.00038493140425383324,1.9124520485343378e-05,1.9124520485343378e-05
COL4A5→GP6,4.559365875903114e-05,4.559365875903114e-05,0.0,0.0,0.0,0.0,0.0,4.559365875903114e-05,0.0,0.0
COL4A5→SDC1,3.6709292228055266e-07,3.6709292228055266e-07,0.0,0.0,0.0,0.0,0.0,3.6709292228055266e-07,0.0,0.0
COL4A6→CD44,1.829557813044116e-07,1.829557813044116e-07,2.833351442457544e-05,2.833351442457544e-05,2.833351442457544e-05,0.0,2.833351442457544e-05,1.829557813044116e-07,2.833351442457544e-05,2.833351442457544e-05
COL4A6→CD47,7.793610583464043e-07,7.793610583464043e-07,0.0,0.0,0.0,0.0,0.0,7.793610583464043e-07,0.0,0.0
COL4A6→CD93,2.7074754068932166e-05,2.7074754068932166e-05,0.0002064942846714141,0.0002064942846714141,0.0002064942846714141,0.0,0.0002064942846714141,2.7074754068932166e-05,0.0002064942846714141,0.0002064942846714141
COL4A6→GP6,1.570157628965836e-06,1.570157628965836e-06,0.0,0.0,0.0,0.0,0.0,1.570157628965836e-06,0.0,0.0
COL4A6→SDC1,1.5348086330102868e-08,1.5348086330102868e-08,0.00014645466831987754,0.00014645466831987754,0.00014645466831987754,0.0,0.00014645466831987754,1.5348086330102868e-08,0.00014645466831987754,0.00014645466831987754
COL5A1→SDC3,0.0,0.0,0.0,0.0,0.0,0.0,0.0,0.0,0.0,0.0
COL5A2→DDR1,0.0,0.0,0.0,0.0,0.0,0.0,0.0,0.0,0.0,0.0
COL5A3→SDC3,3.147602687907078e-06,3.147602687907078e-06,0.0,0.0,0.0,2.2017467360416527e-05,0.0,3.147602687907078e-06,0.0,0.0
COL6A1→CD44,0.0,0.0,0.0,0.0,0.0,0.0,0.0,0.0,0.0,0.0
COL6A1→GP6,1.0479881792019532e-06,1.0479881792019532e-06,0.0,0.0,0.0,0.0,0.0,1.0479881792019532e-06,0.0,0.0
COL6A1→ITGA6,4.542733192224296e-07,4.542733192224296e-07,0.0,0.0,0.0,0.0,0.0,4.542733192224296e-07,0.0,0.0
COL6A1→SDC1,0.0,0.0,0.0004825049246647877,0.0004825049246647877,0.0004825049246647877,0.0012114192103204475,0.0004825049246647877,0.0,0.0004825049246647877,0.0004825049246647877
COL6A2→CD44,1.623262631604259e-07,1.623262631604259e-07,0.0,0.0,0.0,0.0,0.0,1.623262631604259e-07,0.0,0.0
COL6A2→GP6,4.2474028829098553e-07,4.2474028829098553e-07,0.0,0.0,0.0,0.0,0.0,4.2474028829098553e-07,0.0,0.0
COL6A2→SDC1,0.0,0.0,0.0,0.0,0.0,0.0,0.0,0.0,0.0,0.0
COL6A3→CD44,0.0,0.0,0.0,0.0,0.0,0.0,0.0,0.0,0.0,0.0
COL6A3→GP6,0.0,0.0,0.0,0.0,0.0,0.0,0.0,0.0,0.0,0.0
COL6A3→SDC1,4.562217131867821e-06,4.562217131867821e-06,0.0,0.0,0.0,0.0,0.0,4.562217131867821e-06,0.0,0.0
COL6A5→CD44,2.8602173130122436e-05,2.8602173130122436e-05,0.0,0.0,0.0,0.0,0.0,2.8602173130122436e-05,0.0,0.0
COL6A5→GP6,4.365551603637027e-06,4.365551603637027e-06,0.0,0.0,0.0,0.0,0.0,4.365551603637027e-06,0.0,0.0
COL6A5→SDC1,0.0,0.0,0.0,0.0,0.0,0.0,0.0,0.0,0.0,0.0
COL6A6→CD44,1.99371653685784e-07,1.99371653685784e-07,0.0,0.0,0.0,0.0,0.0,1.99371653685784e-07,0.0,0.0
COL6A6→GP6,0.0,0.0,0.0,0.0,0.0,0.0,0.0,0.0,0.0,0.0
COL6A6→SDC1,3.4696229941682366e-08,3.4696229941682366e-08,0.0,0.0,0.0,0.0,0.0,3.4696229941682366e-08,0.0,0.0
COL8A2→SLC4A11,1.2737096591687687e-05,1.2737096591687687e-05,0.0,0.0,0.0,0.00021317118009471378,0.0,1.2737096591687687e-05,0.0,0.0
COL9A1→CD44,4.4056525478916437e-07,4.4056525478916437e-07,7.2046827478279e-05,7.2046827478279e-05,7.2046827478279e-05,0.0,7.2046827478279e-05,4.4056525478916437e-07,7.2046827478279e-05,7.2046827478279e-05
COL9A1→GP6,0.0,0.0,8.272017630720195e-06,8.272017630720195e-06,8.272017630720195e-06,0.0,8.272017630720195e-06,0.0,8.272017630720195e-06,8.272017630720195e-06
COL9A1→MAG,7.695010313918796e-07,7.695010313918796e-07,1.0516491761385938e-05,1.0516491761385938e-05,1.0516491761385938e-05,0.0,1.0516491761385938e-05,7.695010313918796e-07,1.0516491761385938e-05,1.0516491761385938e-05
COL9A1→SDC1,2.8065342694785396e-07,2.8065342694785396e-07,0.003525861109307396,0.003525861109307396,0.003525861109307396,0.0,0.003525861109307396,2.8065342694785396e-07,0.003525861109307396,0.003525861109307396
COL9A2→CD44,6.874280002259605e-06,6.874280002259605e-06,0.0,0.0,0.0,0.0,0.0,6.874280002259605e-06,0.0,0.0
COL9A2→GP6,4.463493040253192e-08,4.463493040253192e-08,0.0,0.0,0.0,0.0,0.0,4.463493040253192e-08,0.0,0.0
COL9A2→MAG,6.0268098866377995e-05,6.0268098866377995e-05,0.0,0.0,0.0,0.0,0.0,6.0268098866377995e-05,0.0,0.0
COL9A2→SDC1,6.323148285729623e-07,6.323148285729623e-07,1.733405481847538e-05,1.733405481847538e-05,1.733405481847538e-05,0.0,1.733405481847538e-05,6.323148285729623e-07,1.733405481847538e-05,1.733405481847538e-05
COL9A3→CD44,0.0,0.0,0.0,0.0,0.0,0.0,0.0,0.0,0.0,0.0
COL9A3→GP6,1.8209687282564297e-08,1.8209687282564297e-08,0.0,0.0,0.0,0.0,0.0,1.8209687282564297e-08,0.0,0.0
COL9A3→MAG,3.6368482102736166e-07,3.6368482102736166e-07,0.0,0.0,0.0,0.0,0.0,3.6368482102736166e-07,0.0,0.0
COL9A3→SDC1,0.0,0.0,0.0,0.0,0.0,0.0,0.0,0.0,0.0,0.0
COLQ→MUSK,0.0,0.0,0.0,0.0,0.0,0.0,0.0,0.0,0.0,0.0
COMP→CD36,0.0,0.0,0.0,0.0,0.0,0.0,0.0,0.0,0.0,0.0
COMP→CD47,6.165633367081806e-08,6.165633367081806e-08,0.0,0.0,0.0,0.0,0.0,6.165633367081806e-08,0.0,0.0
COMP→ITGA5,7.2357224194771465e-06,7.2357224194771465e-06,0.0,0.0,0.0,0.00018227988432994134,0.0,7.2357224194771465e-06,0.0,0.0
COMP→SDC1,1.2791587766341168e-08,1.2791587766341168e-08,0.0,0.0,0.0,0.0,0.0,1.2791587766341168e-08,0.0,0.0
COPA→CD74,5.474750017695608e-07,5.474750017695608e-07,0.0,0.0,0.0,0.0,0.0,5.474750017695608e-07,0.0,0.0
COPA→MTNR1B,3.6677030929474515e-06,3.6677030929474515e-06,0.0,0.0,0.0,0.0,0.0,3.6677030929474515e-06,0.0,0.0
COPA→NTRK1,2.0759610812830567e-06,2.0759610812830567e-06,0.0,0.0,0.0,3.684791402520203e-05,0.0,2.0759610812830567e-06,0.0,0.0
COPA→P2RY6,0.0,0.0,0.0,0.0,0.0,0.0006258131658693815,0.0,0.0,0.0,0.0
CORT→ADRA2A,3.3864508117258675e-07,3.3864508117258675e-07,0.0,0.0,0.0,0.0,0.0,3.3864508117258675e-07,0.0,0.0
CORT→GHSR,0.0,0.0,0.0,0.0,0.0,0.0,0.0,0.0,0.0,0.0
CORT→GRM7,9.359382503411638e-09,9.359382503411638e-09,0.0,0.0,0.0,0.0,0.0,9.359382503411638e-09,0.0,0.0
CORT→MRGPRX2,0.0,0.0,0.0,0.0,0.0,0.0,0.0,0.0,0.0,0.0
CORT→MTNR1A,0.0,0.0,0.0,0.0,0.0,0.0,0.0,0.0,0.0,0.0
CORT→SSTR1,0.0,0.0,0.0,0.0,0.0,0.0,0.0,0.0,0.0,0.0
CORT→SSTR2,2.8833900269814978e-05,2.8833900269814978e-05,0.0,0.0,0.0,0.00012720018783854195,0.0,2.8833900269814978e-05,0.0,0.0
CORT→SSTR3,1.2346297332847504e-06,1.2346297332847504e-06,0.0,0.0,0.0,0.0,0.0,1.2346297332847504e-06,0.0,0.0
CORT→SSTR4,0.0,0.0,0.0,0.0,0.0,0.0,0.0,0.0,0.0,0.0
CORT→SSTR5,2.1701191646465378e-05,2.1701191646465378e-05,0.0,0.0,0.0,0.0,0.0,2.1701191646465378e-05,0.0,0.0
CPAMD8→SCTR,0.0,0.0,0.0,0.0,0.0,0.0,0.0,0.0,0.0,0.0
CP→SLC40A1,0.0,0.0,0.0,0.0,0.0,0.0,0.0,0.0,0.0,0.0
CRH→ADCYAP1R1,3.4742224341118642e-06,3.4742224341118642e-06,0.0,0.0,0.0,0.0,0.0,3.4742224341118642e-06,0.0,0.0
CRH→ADRB2,1.4733251355955644e-07,1.4733251355955644e-07,0.0,0.0,0.0,0.0,0.0,1.4733251355955644e-07,0.0,0.0
CRH→ADRB3,0.0,0.0,0.0,0.0,0.0,0.0,0.0,0.0,0.0,0.0
CRH→CRHR1,3.5214674147858236e-05,3.5214674147858236e-05,0.0,0.0,0.0,0.0,0.0,3.5214674147858236e-05,0.0,0.0
CRH→CRHR2,1.0923194783401043e-06,1.0923194783401043e-06,0.0,0.0,0.0,0.0,0.0,1.0923194783401043e-06,0.0,0.0
CRH→GPR20,0.00019395994861843457,0.00019395994861843457,0.0,0.0,0.0,0.0,0.0,0.00019395994861843457,0.0,0.0
CRH→GPR84,3.94236756023863e-05,3.94236756023863e-05,0.0,0.0,0.0,0.0,0.0,3.94236756023863e-05,0.0,0.0
CRH→MC2R,0.0,0.0,0.0,0.0,0.0,0.0,0.0,0.0,0.0,0.0
CRH→PTH1R,4.029549071496468e-06,4.029549071496468e-06,0.0,0.0,0.0,0.0,0.0,4.029549071496468e-06,0.0,0.0
CRH→RAMP2,0.00023293530371080594,0.00023293530371080594,0.0,0.0,0.0,0.0,0.0,0.00023293530371080594,0.0,0.0
CRH→RAMP3,6.891205900656392e-05,6.891205900656392e-05,0.0,0.0,0.0,0.0,0.0,6.891205900656392e-05,0.0,0.0
CRH→TSHR,1.9400577777638466e-08,1.9400577777638466e-08,0.0,0.0,0.0,0.0,0.0,1.9400577777638466e-08,0.0,0.0
CRH→VIPR1,0.0,0.0,0.0,0.0,0.0,0.0,0.0,0.0,0.0,0.0
CRISP2→CATSPER1,5.5658256232545944e-08,5.5658256232545944e-08,0.0,0.0,0.0,0.0,0.0,5.5658256232545944e-08,0.0,0.0
CRISP3→A1BG,0.0,0.0,0.0,0.0,0.0,0.0,0.0,0.0,0.0,0.0
CRP→CR1,0.0,0.0,6.552317262671551e-05,6.552317262671551e-05,6.552317262671551e-05,0.0,6.552317262671551e-05,0.0,6.552317262671551e-05,6.552317262671551e-05
CRP→OLR1,8.51217749885213e-07,8.51217749885213e-07,0.0,0.0,0.0,0.0,0.0,8.51217749885213e-07,0.0,0.0
CRTAM→CADM1,3.4616729635672535e-07,3.4616729635672535e-07,0.0,0.0,0.0,0.0,0.0,3.4616729635672535e-07,0.0,0.0
CSF1→CELSR3,0.0,0.0,0.00017347848308260015,0.00017347848308260015,0.00017347848308260015,0.0,0.00017347848308260015,0.0,0.00017347848308260015,0.00017347848308260015
CSF1→CSF2RA,9.488959485931603e-05,9.488959485931603e-05,0.0,0.0,0.0,0.00013400940148921626,0.0,9.488959485931603e-05,0.0,0.0
CSF1→CSF3R,2.5814483855927935e-06,2.5814483855927935e-06,0.0,0.0,0.0,0.0,0.0,2.5814483855927935e-06,0.0,0.0
CSF1→SIRPA,2.031231702278382e-05,2.031231702278382e-05,0.0,0.0,0.0,0.0,0.0,2.031231702278382e-05,0.0,0.0
CSF2→CSF1R,0.0,0.0,0.0,0.0,0.0,0.0,0.0,0.0,0.0,0.0
CSF2→CSF3R,0.0,0.0,0.0,0.0,0.0,0.0,0.0,0.0,0.0,0.0
CSF2→IL3RA,5.92285437775991e-07,5.92285437775991e-07,0.0,0.0,0.0,0.0,0.0,5.92285437775991e-07,0.0,0.0
CSF2→ITGA9,9.222540483797039e-07,9.222540483797039e-07,0.0,0.0,0.0,0.0,0.0,9.222540483797039e-07,0.0,0.0
CSF2→ITGB1,4.381802520132283e-06,4.381802520132283e-06,0.0,0.0,0.0,0.0,0.0,4.381802520132283e-06,0.0,0.0
CSF2→SDC2,0.0,0.0,0.0,0.0,0.0,0.0,0.0,0.0,0.0,0.0
CSF3→CSF1R,2.4292975848786e-06,2.4292975848786e-06,0.0,0.0,0.0,0.0,0.0,2.4292975848786e-06,0.0,0.0
CSF3→CSF2RA,3.6138471277380607e-07,3.6138471277380607e-07,0.0,0.0,0.0,0.0,0.0,3.6138471277380607e-07,0.0,0.0
CSF3→CSF3R,5.738236835487188e-07,5.738236835487188e-07,0.0,0.0,0.0,0.0,0.0,5.738236835487188e-07,0.0,0.0
CSH1→PRLR,2.0592767003214197e-07,2.0592767003214197e-07,0.0,0.0,0.0,0.0,0.0,2.0592767003214197e-07,0.0,0.0
CSH2→PRLR,2.916640423211282e-05,2.916640423211282e-05,0.0,0.0,0.0,0.0,0.0,2.916640423211282e-05,0.0,0.0
CSHL1→GHR,0.0,0.0,0.0,0.0,0.0,0.0,0.0,0.0,0.0,0.0
CSHL1→PRLR,6.5894510499556e-05,6.5894510499556e-05,0.0,0.0,0.0,0.0,0.0,6.5894510499556e-05,0.0,0.0
CTHRC1→FZD3,2.419334711641216e-07,2.419334711641216e-07,0.0,0.0,0.0,0.0009369493689234288,0.0,2.419334711641216e-07,0.0,0.0
CTHRC1→FZD5,6.112580847358284e-07,6.112580847358284e-07,0.0,0.0,0.0,9.859143270422592e-05,0.0,6.112580847358284e-07,0.0,0.0
CTHRC1→FZD6,1.1544436037730942e-06,1.1544436037730942e-06,0.0,0.0,0.0,0.0,0.0,1.1544436037730942e-06,0.0,0.0
CTHRC1→ROR2,2.6313857024233906e-06,2.6313857024233906e-06,0.0,0.0,0.0,0.0,0.0,2.6313857024233906e-06,0.0,0.0
CUBN→LRP2,5.884193938797662e-08,5.884193938797662e-08,0.0,0.0,0.0,0.0,0.0,5.884193938797662e-08,0.0,0.0
CX3CL1→CX3CR1,4.141037778395729e-08,4.141037778395729e-08,0.0,0.0,0.0,0.0,0.0,4.141037778395729e-08,0.0,0.0
CX3CL1→ITGAV,7.997658729509299e-06,7.997658729509299e-06,0.0004575155012671663,0.0004575155012671663,0.0004575155012671663,0.0,0.0004575155012671663,7.997658729509299e-06,0.0004575155012671663,0.0004575155012671663
CX3CL1→ITGB3,6.214130830878697e-08,6.214130830878697e-08,0.0,0.0,0.0,0.0,0.0,6.214130830878697e-08,0.0,0.0
CXADR→JAML,4.579347181550062e-06,4.579347181550062e-06,0.0,0.0,0.0,0.0017381257398422657,0.0,4.579347181550062e-06,0.0,0.0
CXCL10→ACKR1,1.5471925690355242e-05,1.5471925690355242e-05,0.0,0.0,0.0,0.0,0.0,1.5471925690355242e-05,0.0,0.0
CXCL10→ADRA2A,5.919149374465734e-07,5.919149374465734e-07,0.0003541555669653466,0.0003541555669653466,0.0003541555669653466,0.0,0.0003541555669653466,5.919149374465734e-07,0.0003541555669653466,0.0003541555669653466
CXCL10→CCR3,2.2158120128844948e-05,2.2158120128844948e-05,0.0,0.0,0.0,6.470810690808464e-05,0.0,2.2158120128844948e-05,0.0,0.0
CXCL10→CXCR3,1.3397115180857143e-07,1.3397115180857143e-07,0.0,0.0,0.0,0.0,0.0,1.3397115180857143e-07,0.0,0.0
CXCL10→DPP4,0.0,0.0,0.0,0.0,0.0,0.0,0.0,0.0,0.0,0.0
CXCL10→GRM7,6.995224527560384e-06,6.995224527560384e-06,0.0,0.0,0.0,0.0,0.0,6.995224527560384e-06,0.0,0.0
CXCL10→MTNR1A,6.901943070936565e-06,6.901943070936565e-06,0.0,0.0,0.0,0.0,0.0,6.901943070936565e-06,0.0,0.0
CXCL10→SDC4,4.454104100485781e-05,4.454104100485781e-05,0.0,0.0,0.0,0.0002287612747729155,0.0,4.454104100485781e-05,0.0,0.0
CXCL10→TLR4,2.9539063815837234e-06,2.9539063815837234e-06,0.0,0.0,0.0,0.0,0.0,2.9539063815837234e-06,0.0,0.0
CXCL11→ACKR1,3.588495177530631e-08,3.588495177530631e-08,0.0,0.0,0.0,0.0,0.0,3.588495177530631e-08,0.0,0.0
CXCL11→ACKR3,6.223196940262048e-08,6.223196940262048e-08,0.00032082035557988924,0.00032082035557988924,0.00032082035557988924,0.0,0.00032082035557988924,6.223196940262048e-08,0.00032082035557988924,0.00032082035557988924
CXCL11→ADRA2A,4.339552906068498e-08,4.339552906068498e-08,0.0,0.0,0.0,0.0006742242514424703,0.0,4.339552906068498e-08,0.0,0.0
CXCL11→CCR3,7.825928080991076e-05,7.825928080991076e-05,0.0,0.0,0.0,0.0,0.0,7.825928080991076e-05,0.0,0.0
CXCL11→CCR5,0.0,0.0,0.0,0.0,0.0,0.0,0.0,0.0,0.0,0.0
CXCL11→CXCR3,1.3700291736670092e-05,1.3700291736670092e-05,2.2206544958664895e-05,2.2206544958664895e-05,2.2206544958664895e-05,0.0,2.2206544958664895e-05,1.3700291736670092e-05,2.2206544958664895e-05,2.2206544958664895e-05
CXCL11→DPP4,5.143809220749399e-07,5.143809220749399e-07,0.0,0.0,0.0,0.0,0.0,5.143809220749399e-07,0.0,0.0
CXCL11→GRM7,0.0,0.0,0.0,0.0,0.0,0.00022975205445091226,0.0,0.0,0.0,0.0
CXCL11→MTNR1A,0.0,0.0,0.0,0.0,0.0,0.0,0.0,0.0,0.0,0.0
CXCL12→ACKR3,0.0,0.0,0.0,0.0,0.0,0.0,0.0,0.0,0.0,0.0
CXCL12→AVPR1A,2.290164807806397e-06,2.290164807806397e-06,0.0,0.0,0.0,0.0,0.0,2.290164807806397e-06,0.0,0.0
CXCL12→CCR4,0.0,0.0,0.0,0.0,0.0,0.00017925268696579718,0.0,0.0,0.0,0.0
CXCL12→CD4,1.728095683375429e-08,1.728095683375429e-08,3.232258187387967e-05,3.232258187387967e-05,3.232258187387967e-05,0.0002911128166411743,3.232258187387967e-05,1.728095683375429e-08,3.232258187387967e-05,3.232258187387967e-05
CXCL12→CXCR3,1.1414013548005648e-06,1.1414013548005648e-06,0.0,0.0,0.0,0.0,0.0,1.1414013548005648e-06,0.0,0.0
CXCL12→CXCR4,0.0,0.0,0.0,0.0,0.0,6.04305386564258e-05,0.0,0.0,0.0,0.0
CXCL12→DPP4,8.195747531123048e-08,8.195747531123048e-08,0.0,0.0,0.0,0.0,0.0,8.195747531123048e-08,0.0,0.0
CXCL12→GRM7,0.0,0.0,0.0,0.0,0.0,0.0001969670660734362,0.0,0.0,0.0,0.0
CXCL12→ITGA4,2.4021446737593146e-06,2.4021446737593146e-06,0.0,0.0,0.0,0.0,0.0,2.4021446737593146e-06,0.0,0.0
CXCL12→ITGA5,0.0,0.0,0.0,0.0,0.0,0.0,0.0,0.0,0.0,0.0
CXCL12→ITGAV,2.0459938110775122e-07,2.0459938110775122e-07,0.0,0.0,0.0,0.0,0.0,2.0459938110775122e-07,0.0,0.0
CXCL12→ITGB1,2.75662506386771e-08,2.75662506386771e-08,0.0,0.0,0.0,0.0,0.0,2.75662506386771e-08,0.0,0.0
CXCL12→ITGB3,1.1325784828221772e-07,1.1325784828221772e-07,0.0,0.0,0.0,0.0,0.0,1.1325784828221772e-07,0.0,0.0
CXCL12→MTNR1A,1.0365160692147255e-05,1.0365160692147255e-05,0.0,0.0,0.0,0.0,0.0,1.0365160692147255e-05,0.0,0.0
CXCL12→SDC4,0.0,0.0,0.0,0.0,0.0,0.0,0.0,0.0,0.0,0.0
CXCL13→ACKR1,9.297771700330755e-08,9.297771700330755e-08,0.0,0.0,0.0,0.0,0.0,9.297771700330755e-08,0.0,0.0
CXCL13→ACKR4,5.101647398506437e-06,5.101647398506437e-06,0.0,0.0,0.0,0.0,0.0,5.101647398506437e-06,0.0,0.0
CXCL13→ADRA2A,0.0,0.0,0.0,0.0,0.0,5.573417511555634e-05,0.0,0.0,0.0,0.0
CXCL13→CCR10,2.9392125743074952e-06,2.9392125743074952e-06,0.0,0.0,0.0,0.0,0.0,2.9392125743074952e-06,0.0,0.0
CXCL13→CXCR3,6.909583952102867e-06,6.909583952102867e-06,1.9280022383877685e-05,1.9280022383877685e-05,1.9280022383877685e-05,0.0076920255509448105,1.9280022383877685e-05,6.909583952102867e-06,1.9280022383877685e-05,1.9280022383877685e-05
CXCL13→CXCR5,2.4681899767809173e-09,2.4681899767809173e-09,0.0,0.0,0.0,0.0,0.0,2.4681899767809173e-09,0.0,0.0
CXCL13→GRM7,0.0,0.0,0.0,0.0,0.0,0.0,0.0,0.0,0.0,0.0
CXCL13→MTNR1A,1.99782339046888e-05,1.99782339046888e-05,0.0,0.0,0.0,0.0,0.0,1.99782339046888e-05,0.0,0.0
CXCL13→OPRD1,0.0,0.0,0.0,0.0,0.0,0.001520801136794199,0.0,0.0,0.0,0.0
CXCL14→CXCR4,0.0,0.0,1.706646468187831e-05,1.706646468187831e-05,1.706646468187831e-05,6.002015872713795e-05,1.706646468187831e-05,0.0,1.706646468187831e-05,1.706646468187831e-05
CXCL16→CXCR6,8.245707798323229e-06,8.245707798323229e-06,0.0,0.0,0.0,0.0,0.0,8.245707798323229e-06,0.0,0.0
CXCL16→GRM7,0.0,0.0,0.0,0.0,0.0,0.0008874820647959468,0.0,0.0,0.0,0.0
CXCL16→MTNR1A,0.0,0.0,0.0,0.0,0.0,0.0,0.0,0.0,0.0,0.0
CXCL1→ACKR1,7.625560265408553e-06,7.625560265408553e-06,0.0,0.0,0.0,0.0,0.0,7.625560265408553e-06,0.0,0.0
CXCL1→ADRA2A,9.826730979182399e-08,9.826730979182399e-08,0.0,0.0,0.0,0.00027240848909613043,0.0,9.826730979182399e-08,0.0,0.0
CXCL1→CXCR1,1.6822859820224584e-06,1.6822859820224584e-06,0.0,0.0,0.0,0.0,0.0,1.6822859820224584e-06,0.0,0.0
CXCL1→CXCR2,0.0,0.0,0.0,0.0,0.0,0.0,0.0,0.0,0.0,0.0
CXCL1→GRM7,0.0,0.0,0.0,0.0,0.0,9.980426318825389e-05,0.0,0.0,0.0,0.0
CXCL1→MTNR1A,0.0,0.0,0.0,0.0,0.0,0.0,0.0,0.0,0.0,0.0
CXCL2→ACKR1,1.2318351972692367e-05,1.2318351972692367e-05,0.0,0.0,0.0,0.0,0.0,1.2318351972692367e-05,0.0,0.0
CXCL2→CXCR1,1.9055640812445973e-05,1.9055640812445973e-05,0.0,0.0,0.0,0.0,0.0,1.9055640812445973e-05,0.0,0.0
CXCL2→CXCR2,1.758936421885683e-06,1.758936421885683e-06,0.0,0.0,0.0,0.0,0.0,1.758936421885683e-06,0.0,0.0
CXCL2→DPP4,0.0,0.0,0.0,0.0,0.0,0.0,0.0,0.0,0.0,0.0
CXCL2→GRM7,8.243515644674031e-07,8.243515644674031e-07,0.0,0.0,0.0,0.0,0.0,8.243515644674031e-07,0.0,0.0
CXCL2→MTNR1A,5.351086942062504e-05,5.351086942062504e-05,0.0,0.0,0.0,0.0,0.0,5.351086942062504e-05,0.0,0.0
CXCL2→XCR1,4.592770821044974e-06,4.592770821044974e-06,0.0,0.0,0.0,0.0,0.0,4.592770821044974e-06,0.0,0.0
CXCL3→ACKR1,6.486703451557141e-06,6.486703451557141e-06,0.0,0.0,0.0,0.0,0.0,6.486703451557141e-06,0.0,0.0
CXCL3→CXCR1,8.19012244471155e-07,8.19012244471155e-07,0.0,0.0,0.0,0.0,0.0,8.19012244471155e-07,0.0,0.0
CXCL3→CXCR2,1.255601121381888e-06,1.255601121381888e-06,0.0,0.0,0.0,0.0,0.0,1.255601121381888e-06,0.0,0.0
CXCL3→GRM7,6.8293601843570395e-09,6.8293601843570395e-09,0.0,0.0,0.0,0.0,0.0,6.8293601843570395e-09,0.0,0.0
CXCL3→MTNR1A,2.9874605576872226e-05,2.9874605576872226e-05,0.0,0.0,0.0,0.0,0.0,2.9874605576872226e-05,0.0,0.0
CXCL5→ACKR1,0.0,0.0,0.0,0.0,0.0,0.0,0.0,0.0,0.0,0.0
CXCL5→ADRA2A,1.2004463905052462e-05,1.2004463905052462e-05,0.0,0.0,0.0,0.0,0.0,1.2004463905052462e-05,0.0,0.0
CXCL5→CXCR1,0.0,0.0,0.0,0.0,0.0,0.0,0.0,0.0,0.0,0.0
CXCL5→CXCR2,6.112034835509347e-07,6.112034835509347e-07,0.0,0.0,0.0,0.00035389752257406544,0.0,6.112034835509347e-07,0.0,0.0
CXCL5→GRM7,6.605182247940514e-07,6.605182247940514e-07,0.0,0.0,0.0,0.0,0.0,6.605182247940514e-07,0.0,0.0
CXCL5→MTNR1A,0.00014862807342754983,0.00014862807342754983,0.0,0.0,0.0,0.0,0.0,0.00014862807342754983,0.0,0.0
CXCL6→ACKR1,0.0,0.0,0.0,0.0,0.0,0.0,0.0,0.0,0.0,0.0
CXCL6→ADRA2A,4.743202161396607e-07,4.743202161396607e-07,0.0,0.0,0.0,0.0,0.0,4.743202161396607e-07,0.0,0.0
CXCL6→CXCR1,2.115136823598785e-06,2.115136823598785e-06,0.0,0.0,0.0,0.0,0.0,2.115136823598785e-06,0.0,0.0
CXCL6→CXCR2,1.466806182651472e-06,1.466806182651472e-06,0.0,0.0,0.0,0.0,0.0,1.466806182651472e-06,0.0,0.0
CXCL6→GRM7,0.0,0.0,0.0,0.0,0.0,0.0,0.0,0.0,0.0,0.0
CXCL6→MTNR1A,0.0,0.0,0.0,0.0,0.0,0.0,0.0,0.0,0.0,0.0
CXCL8→ACKR1,7.427676701641047e-08,7.427676701641047e-08,0.0,0.0,0.0,0.0,0.0,7.427676701641047e-08,0.0,0.0
CXCL8→ADRA2A,2.277696166240082e-07,2.277696166240082e-07,0.0,0.0,0.0,0.0,0.0,2.277696166240082e-07,0.0,0.0
CXCL8→CD79A,5.543613661902256e-09,5.543613661902256e-09,0.0,0.0,0.0,0.0008394093903600312,0.0,5.543613661902256e-09,0.0,0.0
CXCL8→CXCR1,6.411933625003451e-08,6.411933625003451e-08,0.0,0.0,0.0,0.0,0.0,6.411933625003451e-08,0.0,0.0
CXCL8→CXCR2,1.3570436414962756e-07,1.3570436414962756e-07,0.0,0.0,0.0,0.0,0.0,1.3570436414962756e-07,0.0,0.0
CXCL8→GRM7,0.0,0.0,0.0,0.0,0.0,4.702672719956716e-05,0.0,0.0,0.0,0.0
CXCL8→KDR,3.779455267882123e-06,3.779455267882123e-06,0.0,0.0,0.0,0.0,0.0,3.779455267882123e-06,0.0,0.0
CXCL8→MTNR1A,2.7166641141452534e-05,2.7166641141452534e-05,0.0,0.0,0.0,0.0,0.0,2.7166641141452534e-05,0.0,0.0
CXCL8→SDC1,1.9133051981198443e-07,1.9133051981198443e-07,0.0,0.0,0.0,0.002981093813423944,0.0,1.9133051981198443e-07,0.0,0.0
CXCL8→SDC2,1.6967731811255483e-07,1.6967731811255483e-07,0.0,0.0,0.0,0.0009641399513930076,0.0,1.6967731811255483e-07,0.0,0.0
CXCL8→SDC3,4.706913694172868e-07,4.706913694172868e-07,0.0,0.0,0.0,0.0,0.0,4.706913694172868e-07,0.0,0.0
CXCL9→ACKR1,2.360146748529041e-06,2.360146748529041e-06,0.0,0.0,0.0,0.0,0.0,2.360146748529041e-06,0.0,0.0
CXCL9→ADRA2A,0.0,0.0,0.0,0.0,0.0,0.0,0.0,0.0,0.0,0.0
CXCL9→CCR3,2.3733191727030202e-05,2.3733191727030202e-05,0.0,0.0,0.0,0.0,0.0,2.3733191727030202e-05,0.0,0.0
CXCL9→CXCR3,1.6224690656788348e-05,1.6224690656788348e-05,0.0,0.0,0.0,0.0,0.0,1.6224690656788348e-05,0.0,0.0
CXCL9→DPP4,1.3360173477744837e-06,1.3360173477744837e-06,0.0,0.0,0.0,0.0,0.0,1.3360173477744837e-06,0.0,0.0
CXCL9→FCGR2A,1.1356304275030492e-07,1.1356304275030492e-07,2.9324993532139605e-05,2.9324993532139605e-05,2.9324993532139605e-05,0.0005321924232555544,2.9324993532139605e-05,1.1356304275030492e-07,2.9324993532139605e-05,2.9324993532139605e-05
CXCL9→GRM7,3.6421187586796957e-07,3.6421187586796957e-07,0.0,0.0,0.0,8.152458961020502e-05,0.0,3.6421187586796957e-07,0.0,0.0
CXCL9→KIR2DL3,6.823934461406922e-06,6.823934461406922e-06,0.0,0.0,0.0,0.0,0.0,6.823934461406922e-06,0.0,0.0
CXCL9→MTNR1A,2.3324550252625723e-05,2.3324550252625723e-05,0.0,0.0,0.0,0.0,0.0,2.3324550252625723e-05,0.0,0.0
CYTL1→CCR2,0.0,0.0,0.0,0.0,0.0,0.0,0.0,0.0,0.0,0.0
DBP→ACKR1,0.0,0.0,0.0,0.0,0.0,0.0,0.0,0.0,0.0,0.0
DCN→EGFR,0.0,0.0,0.0,0.0,0.0,0.0,0.0,0.0,0.0,0.0
DCN→ERBB4,1.0672012164104834e-05,1.0672012164104834e-05,0.0,0.0,0.0,0.0,0.0,1.0672012164104834e-05,0.0,0.0
DCN→MET,3.0634996104761715e-06,3.0634996104761715e-06,0.0,0.0,0.0,0.0,0.0,3.0634996104761715e-06,0.0,0.0
DCN→TLR2,2.789919067700382e-06,2.789919067700382e-06,0.0,0.0,0.0,0.0,0.0,2.789919067700382e-06,0.0,0.0
DCN→TLR4,2.1168748809901933e-08,2.1168748809901933e-08,0.0,0.0,0.0,0.0,0.0,2.1168748809901933e-08,0.0,0.0
DEFB103A→CCR2,0.0011351788712098548,0.0011351788712098548,0.0,0.0,0.0,0.0,0.0,0.0011351788712098548,0.0,0.0
DEFB103A→CCR6,0.0,0.0,0.0,0.0,0.0,0.0,0.0,0.0,0.0,0.0
DEFB106B→CCR2,4.84926767925229e-05,4.84926767925229e-05,0.0,0.0,0.0,0.0,0.0,4.84926767925229e-05,0.0,0.0
DEFB1→CCR6,0.0,0.0,0.0,0.0,0.0,0.0,0.0,0.0,0.0,0.0
DEFB4B→CCR6,0.0,0.0,0.0,0.0,0.0,0.0,0.0,0.0,0.0,0.0
DEFB4B→TLR4,0.0,0.0,0.0,0.0,0.0,0.0,0.0,0.0,0.0,0.0
DHH→BOC,0.0,0.0,0.0,0.0,0.0,0.0,0.0,0.0,0.0,0.0
DHH→CDON,3.4386484468874065e-06,3.4386484468874065e-06,0.0,0.0,0.0,0.0,0.0,3.4386484468874065e-06,0.0,0.0
DHH→HHIP,0.0,0.0,0.0,0.0,0.0,0.0,0.0,0.0,0.0,0.0
DKK1→KREMEN1,1.483421096815578e-06,1.483421096815578e-06,0.0,0.0,0.0,0.002197964622674341,0.0,1.483421096815578e-06,0.0,0.0
DKK1→KREMEN2,1.3762925547504284e-06,1.3762925547504284e-06,0.0,0.0,0.0,0.0,0.0,1.3762925547504284e-06,0.0,0.0
DKK1→LRP4,4.338147794689751e-06,4.338147794689751e-06,5.2127878157277694e-05,5.2127878157277694e-05,5.2127878157277694e-05,0.0,5.2127878157277694e-05,4.338147794689751e-06,5.2127878157277694e-05,5.2127878157277694e-05
DKK1→LRP5,8.997630934138396e-08,8.997630934138396e-08,0.0,0.0,0.0,0.00016587451803006607,0.0,8.997630934138396e-08,0.0,0.0
DKK1→LRP6,3.8336742867518226e-07,3.8336742867518226e-07,0.0,0.0,0.0,0.0,0.0,3.8336742867518226e-07,0.0,0.0
DKK2→KREMEN1,3.0405277753804885e-05,3.0405277753804885e-05,0.0,0.0,0.0,0.0,0.0,3.0405277753804885e-05,0.0,0.0
DKK2→KREMEN2,0.0,0.0,0.0003045689538897393,0.0003045689538897393,0.0003045689538897393,8.075563976865894e-05,0.0003045689538897393,0.0,0.0003045689538897393,0.0003045689538897393
DKK2→LRP5,2.382637473788797e-06,2.382637473788797e-06,0.0,0.0,0.0,0.0020819237397180558,0.0,2.382637473788797e-06,0.0,0.0
DKK2→LRP6,2.474834282889768e-07,2.474834282889768e-07,0.0,0.0,0.0,0.0,0.0,2.474834282889768e-07,0.0,0.0
DKK3→KREMEN1,0.0,0.0,0.0,0.0,0.0,0.0,0.0,0.0,0.0,0.0
DKK4→KREMEN1,3.345752312114521e-05,3.345752312114521e-05,0.0,0.0,0.0,0.0,0.0,3.345752312114521e-05,0.0,0.0
DKK4→KREMEN2,0.0,0.0,0.0,0.0,0.0,0.0,0.0,0.0,0.0,0.0
DKK4→LRP5,3.228980362879167e-07,3.228980362879167e-07,0.0,0.0,0.0,0.0,0.0,3.228980362879167e-07,0.0,0.0
DKK4→LRP6,4.820138555920491e-06,4.820138555920491e-06,0.0,0.0,0.0,0.0,0.0,4.820138555920491e-06,0.0,0.0
DLK1→NOTCH1,6.781735967007877e-05,6.781735967007877e-05,0.0,0.0,0.0,0.0,0.0,6.781735967007877e-05,0.0,0.0
DLK1→NOTCH2,9.403484531381294e-07,9.403484531381294e-07,0.0,0.0,0.0,0.0,0.0,9.403484531381294e-07,0.0,0.0
DLK1→NOTCH3,2.3497708540379494e-05,2.3497708540379494e-05,0.0,0.0,0.0,0.0,0.0,2.3497708540379494e-05,0.0,0.0
DLK1→NOTCH4,5.298389171243341e-07,5.298389171243341e-07,0.0,0.0,0.0,0.0,0.0,5.298389171243341e-07,0.0,0.0
DLK2→NOTCH1,1.1063394732524987e-06,1.1063394732524987e-06,2.07223839994923e-05,2.07223839994923e-05,2.07223839994923e-05,0.0,2.07223839994923e-05,1.1063394732524987e-06,2.07223839994923e-05,2.07223839994923e-05
DLL1→NOTCH1,1.5967907200030068e-08,1.5967907200030068e-08,3.291956918039194e-05,3.291956918039194e-05,3.291956918039194e-05,0.0,3.291956918039194e-05,1.5967907200030068e-08,3.291956918039194e-05,3.291956918039194e-05
DLL1→NOTCH2,2.497144499965795e-08,2.497144499965795e-08,0.00015673998417689987,0.00015673998417689987,0.00015673998417689987,0.0,0.00015673998417689987,2.497144499965795e-08,0.00015673998417689987,0.00015673998417689987
DLL1→NOTCH3,1.7735559530414646e-06,1.7735559530414646e-06,0.0012061071241942713,0.0012061071241942713,0.0012061071241942713,0.0,0.0012061071241942713,1.7735559530414646e-06,0.0012061071241942713,0.0012061071241942713
DLL1→NOTCH4,0.0,0.0,1.0551789794629697e-05,1.0551789794629697e-05,1.0551789794629697e-05,0.0,1.0551789794629697e-05,0.0,1.0551789794629697e-05,1.0551789794629697e-05
DLL3→NOTCH1,0.0,0.0,0.0007042944135901049,0.0007042944135901049,0.0007042944135901049,0.0,0.0007042944135901049,0.0,0.0007042944135901049,0.0007042944135901049
DLL3→NOTCH2,2.0754647349790957e-08,2.0754647349790957e-08,0.00021919711805584607,0.00021919711805584607,0.00021919711805584607,0.0,0.00021919711805584607,2.0754647349790957e-08,0.00021919711805584607,0.00021919711805584607
DLL3→NOTCH3,1.2214867258238804e-05,1.2214867258238804e-05,7.438281940105715e-05,7.438281940105715e-05,7.438281940105715e-05,0.0,7.438281940105715e-05,1.2214867258238804e-05,7.438281940105715e-05,7.438281940105715e-05
DLL3→NOTCH4,3.9255702974673e-06,3.9255702974673e-06,0.0,0.0,0.0,0.0,0.0,3.9255702974673e-06,0.0,0.0
DLL4→NOTCH1,0.0,0.0,0.0,0.0,0.0,0.0,0.0,0.0,0.0,0.0
DLL4→NOTCH2,8.897955567022107e-08,8.897955567022107e-08,4.8064470592826317e-05,4.8064470592826317e-05,4.8064470592826317e-05,0.0,4.8064470592826317e-05,8.897955567022107e-08,4.8064470592826317e-05,4.8064470592826317e-05
DLL4→NOTCH3,2.0460543807163458e-07,2.0460543807163458e-07,0.0,0.0,0.0,0.0,0.0,2.0460543807163458e-07,0.0,0.0
DLL4→NOTCH4,0.0,0.0,0.0,0.0,0.0,0.0,0.0,0.0,0.0,0.0
DMP1→PHEX,0.0,0.0,0.0,0.0,0.0,0.0,0.0,0.0,0.0,0.0
DNAJB11→PRTG,0.0,0.0,0.0,0.0,0.0,0.0,0.0,0.0,0.0,0.0
DRAXIN→DCC,1.4427079875068504e-06,1.4427079875068504e-06,0.0,0.0,0.0,0.0,0.0,1.4427079875068504e-06,0.0,0.0
DSC1→DSG3,0.0,0.0,0.0,0.0,0.0,0.0,0.0,0.0,0.0,0.0
DSC1→DSG4,0.0,0.0,0.0,0.0,0.0,0.0,0.0,0.0,0.0,0.0
DSC2→DSG3,0.0,0.0,0.0,0.0,0.0,0.0,0.0,0.0,0.0,0.0
DSC2→DSG4,0.0,0.0,0.0,0.0,0.0,0.0,0.0,0.0,0.0,0.0
DSC3→DSG3,2.397974547056616e-07,2.397974547056616e-07,0.0,0.0,0.0,0.0,0.0,2.397974547056616e-07,0.0,0.0
DSC3→DSG4,0.0,0.0,0.0,0.0,0.0,0.0,0.0,0.0,0.0,0.0
DSCAM→DCC,6.026688214700228e-05,6.026688214700228e-05,0.0,0.0,0.0,0.0,0.0,6.026688214700228e-05,0.0,0.0
DSG1→DSC3,6.441290086664375e-08,6.441290086664375e-08,0.0,0.0,0.0,0.0,0.0,6.441290086664375e-08,0.0,0.0
DSG2→DSC1,0.0,0.0,0.0,0.0,0.0,0.0,0.0,0.0,0.0,0.0
DSG2→DSC3,9.075528425350135e-07,9.075528425350135e-07,0.0,0.0,0.0,0.0,0.0,9.075528425350135e-07,0.0,0.0
ECM1→ITGB4,5.39083171315065e-07,5.39083171315065e-07,0.0,0.0,0.0,0.00031021956009437304,0.0,5.39083171315065e-07,0.0,0.0
EDA→EDA2R,2.8927328958820483e-06,2.8927328958820483e-06,0.0,0.0,0.0,0.0,0.0,2.8927328958820483e-06,0.0,0.0
EDA→EDAR,8.659236478390242e-09,8.659236478390242e-09,0.0,0.0,0.0,0.0,0.0,8.659236478390242e-09,0.0,0.0
EDIL3→ITGAV,1.7967382206587691e-06,1.7967382206587691e-06,0.0,0.0,0.0,0.0,0.0,1.7967382206587691e-06,0.0,0.0
EDIL3→ITGB3,6.5647288828507035e-06,6.5647288828507035e-06,0.0,0.0,0.0,0.0,0.0,6.5647288828507035e-06,0.0,0.0
EDIL3→ITGB5,6.675682667706043e-08,6.675682667706043e-08,0.0,0.0,0.0,0.0,0.0,6.675682667706043e-08,0.0,0.0
EDN1→ADGRL4,3.1272313875693924e-06,3.1272313875693924e-06,0.0,0.0,0.0,0.0,0.0,3.1272313875693924e-06,0.0,0.0
EDN1→EDNRA,3.6434192554350096e-06,3.6434192554350096e-06,0.0,0.0,0.0,0.0,0.0,3.6434192554350096e-06,0.0,0.0
EDN1→EDNRB,8.306016577887495e-06,8.306016577887495e-06,0.0,0.0,0.0,0.0,0.0,8.306016577887495e-06,0.0,0.0
EDN1→KEL,3.1041708902246657e-07,3.1041708902246657e-07,0.0,0.0,0.0,0.004451702506827871,0.0,3.1041708902246657e-07,0.0,0.0
EDN2→EDNRA,1.0163599239129568e-06,1.0163599239129568e-06,0.0,0.0,0.0,0.0,0.0,1.0163599239129568e-06,0.0,0.0
EDN2→EDNRB,0.0,0.0,0.0,0.0,0.0,0.0010287305033564377,0.0,0.0,0.0,0.0
EDN2→KEL,2.9778606945594295e-06,2.9778606945594295e-06,0.0,0.0,0.0,0.0,0.0,2.9778606945594295e-06,0.0,0.0
EDN3→EDNRA,5.486610218107718e-08,5.486610218107718e-08,0.0,0.0,0.0,3.246211944275749e-05,0.0,5.486610218107718e-08,0.0,0.0
EDN3→EDNRB,0.0006422928841710941,0.0006422928841710941,0.0,0.0,0.0,0.0,0.0,0.0006422928841710941,0.0,0.0
EDN3→KEL,2.209007513961888e-06,2.209007513961888e-06,0.0,0.0,0.0,0.0004994897334933963,0.0,2.209007513961888e-06,0.0,0.0
EFEMP1→EGFR,4.1446456888775344e-07,4.1446456888775344e-07,0.0,0.0,0.0,0.0,0.0,4.1446456888775344e-07,0.0,0.0
EFEMP2→AQP1,0.0,0.0,0.0,0.0,0.0,0.0,0.0,0.0,0.0,0.0
EFEMP2→PLSCR4,2.0227041497913673e-07,2.0227041497913673e-07,0.0,0.0,0.0,0.0,0.0,2.0227041497913673e-07,0.0,0.0
EFNA1→EPHA1,5.760847529857537e-06,5.760847529857537e-06,0.0,0.0,0.0,0.0,0.0,5.760847529857537e-06,0.0,0.0
EFNA1→EPHA10,0.0,0.0,0.0,0.0,0.0,0.0,0.0,0.0,0.0,0.0
EFNA1→EPHA2,1.4929104582878978e-06,1.4929104582878978e-06,0.00010956689759673876,0.00010956689759673876,0.00010956689759673876,0.0,0.00010956689759673876,1.4929104582878978e-06,0.00010956689759673876,0.00010956689759673876
EFNA1→EPHA3,4.842896260410983e-06,4.842896260410983e-06,0.0,0.0,0.0,0.0,0.0,4.842896260410983e-06,0.0,0.0
EFNA1→EPHA4,7.981905084465238e-07,7.981905084465238e-07,0.0,0.0,0.0,0.0,0.0,7.981905084465238e-07,0.0,0.0
EFNA1→EPHA5,0.0,0.0,0.0,0.0,0.0,0.0,0.0,0.0,0.0,0.0
EFNA1→EPHA6,1.6750014459949318e-06,1.6750014459949318e-06,0.0,0.0,0.0,0.0,0.0,1.6750014459949318e-06,0.0,0.0
EFNA1→EPHA7,2.0107136568121837e-07,2.0107136568121837e-07,0.0,0.0,0.0,4.4699183966957336e-05,0.0,2.0107136568121837e-07,0.0,0.0
EFNA1→EPHA8,3.618062551416462e-08,3.618062551416462e-08,0.0,0.0,0.0,0.0,0.0,3.618062551416462e-08,0.0,0.0
EFNA1→EPHB1,1.1731702483446134e-07,1.1731702483446134e-07,0.00014770654366762722,0.00014770654366762722,0.00014770654366762722,0.0,0.00014770654366762722,1.1731702483446134e-07,0.00014770654366762722,0.00014770654366762722
EFNA1→EPHB6,0.0,0.0,0.0,0.0,0.0,0.0,0.0,0.0,0.0,0.0
EFNA2→EPHA1,0.0,0.0,0.0,0.0,0.0,0.0,0.0,0.0,0.0,0.0
EFNA2→EPHA10,3.198755786929658e-05,3.198755786929658e-05,0.0,0.0,0.0,0.0,0.0,3.198755786929658e-05,0.0,0.0
EFNA2→EPHA2,3.360687119113772e-06,3.360687119113772e-06,0.0,0.0,0.0,0.0,0.0,3.360687119113772e-06,0.0,0.0
EFNA2→EPHA3,8.050151177452576e-06,8.050151177452576e-06,0.0,0.0,0.0,0.0,0.0,8.050151177452576e-06,0.0,0.0
EFNA2→EPHA4,1.1356441740516581e-05,1.1356441740516581e-05,0.0,0.0,0.0,0.0,0.0,1.1356441740516581e-05,0.0,0.0
EFNA2→EPHA5,2.656842437329138e-05,2.656842437329138e-05,0.0,0.0,0.0,0.0,0.0,2.656842437329138e-05,0.0,0.0
EFNA2→EPHA6,1.4966890227863562e-07,1.4966890227863562e-07,0.0,0.0,0.0,0.0,0.0,1.4966890227863562e-07,0.0,0.0
EFNA2→EPHA7,9.820047521118428e-07,9.820047521118428e-07,0.0,0.0,0.0,0.0,0.0,9.820047521118428e-07,0.0,0.0
EFNA2→EPHA8,0.0,0.0,0.0,0.0,0.0,0.0,0.0,0.0,0.0,0.0
EFNA3→EPHA1,2.3901398119209194e-07,2.3901398119209194e-07,0.00015872767198638055,0.00015872767198638055,0.00015872767198638055,0.0,0.00015872767198638055,2.3901398119209194e-07,0.00015872767198638055,0.00015872767198638055
EFNA3→EPHA10,2.9445978509196476e-06,2.9445978509196476e-06,0.0,0.0,0.0,0.0,0.0,2.9445978509196476e-06,0.0,0.0
EFNA3→EPHA2,1.4691530456690555e-05,1.4691530456690555e-05,0.0,0.0,0.0,0.0,0.0,1.4691530456690555e-05,0.0,0.0
EFNA3→EPHA3,7.332261141831012e-07,7.332261141831012e-07,0.0,0.0,0.0,0.00011293029814808416,0.0,7.332261141831012e-07,0.0,0.0
EFNA3→EPHA4,7.183644705734347e-07,7.183644705734347e-07,4.6196495547084585e-05,4.6196495547084585e-05,4.6196495547084585e-05,0.0,4.6196495547084585e-05,7.183644705734347e-07,4.6196495547084585e-05,4.6196495547084585e-05
EFNA3→EPHA5,0.0,0.0,0.0,0.0,0.0,0.0,0.0,0.0,0.0,0.0
EFNA3→EPHA6,1.062745812410814e-06,1.062745812410814e-06,0.0,0.0,0.0,8.111388098030511e-05,0.0,1.062745812410814e-06,0.0,0.0
EFNA3→EPHA7,2.96147680511121e-07,2.96147680511121e-07,0.0,0.0,0.0,0.0,0.0,2.96147680511121e-07,0.0,0.0
EFNA3→EPHA8,0.0,0.0,0.0,0.0,0.0,0.0,0.0,0.0,0.0,0.0
EFNA3→EPHB1,0.0,0.0,0.0,0.0,0.0,0.0,0.0,0.0,0.0,0.0
EFNA3→EPHB6,0.0,0.0,0.0,0.0,0.0,0.0,0.0,0.0,0.0,0.0
EFNA4→EPHA1,5.27652895679185e-07,5.27652895679185e-07,0.0,0.0,0.0,0.0,0.0,5.27652895679185e-07,0.0,0.0
EFNA4→EPHA10,0.0,0.0,0.0,0.0,0.0,0.0,0.0,0.0,0.0,0.0
EFNA4→EPHA2,7.041783271498991e-06,7.041783271498991e-06,0.0,0.0,0.0,0.0,0.0,7.041783271498991e-06,0.0,0.0
EFNA4→EPHA3,3.564651197878092e-07,3.564651197878092e-07,0.0,0.0,0.0,0.0,0.0,3.564651197878092e-07,0.0,0.0
EFNA4→EPHA4,3.554995775203499e-07,3.554995775203499e-07,0.0,0.0,0.0,0.0,0.0,3.554995775203499e-07,0.0,0.0
EFNA4→EPHA5,5.635960710902585e-07,5.635960710902585e-07,3.519609722270223e-05,3.519609722270223e-05,3.519609722270223e-05,0.0,3.519609722270223e-05,5.635960710902585e-07,3.519609722270223e-05,3.519609722270223e-05
EFNA4→EPHA6,4.7226014325185974e-08,4.7226014325185974e-08,0.0,0.0,0.0,0.0,0.0,4.7226014325185974e-08,0.0,0.0
EFNA4→EPHA7,1.9262116735135825e-07,1.9262116735135825e-07,0.0,0.0,0.0,0.0,0.0,1.9262116735135825e-07,0.0,0.0
EFNA4→EPHA8,7.263753884729711e-08,7.263753884729711e-08,0.0,0.0,0.0,0.0,0.0,7.263753884729711e-08,0.0,0.0
EFNA5→EPHA1,2.5825148092754894e-08,2.5825148092754894e-08,0.0,0.0,0.0,0.0,0.0,2.5825148092754894e-08,0.0,0.0
EFNA5→EPHA10,1.6156324464461337e-05,1.6156324464461337e-05,0.0,0.0,0.0,0.0,0.0,1.6156324464461337e-05,0.0,0.0
EFNA5→EPHA2,3.7561559397748205e-06,3.7561559397748205e-06,0.0,0.0,0.0,0.0,0.0,3.7561559397748205e-06,0.0,0.0
EFNA5→EPHA3,0.0,0.0,0.0,0.0,0.0,0.0,0.0,0.0,0.0,0.0
EFNA5→EPHA4,5.999909848654088e-07,5.999909848654088e-07,0.0,0.0,0.0,2.2961201217330584e-05,0.0,5.999909848654088e-07,0.0,0.0
EFNA5→EPHA5,4.2961536090170676e-07,4.2961536090170676e-07,0.0,0.0,0.0,0.0,0.0,4.2961536090170676e-07,0.0,0.0
EFNA5→EPHA6,4.1977243212628584e-08,4.1977243212628584e-08,0.0,0.0,0.0,0.0009110379284011539,0.0,4.1977243212628584e-08,0.0,0.0
EFNA5→EPHA7,1.0409929128124952e-06,1.0409929128124952e-06,0.0,0.0,0.0,0.0,0.0,1.0409929128124952e-06,0.0,0.0
EFNA5→EPHA8,0.0,0.0,0.0,0.0,0.0,0.0,0.0,0.0,0.0,0.0
EFNA5→EPHB1,0.0,0.0,0.002990407721629616,0.002990407721629616,0.002990407721629616,0.0,0.002990407721629616,0.0,0.002990407721629616,0.002990407721629616
EFNA5→EPHB2,1.3085681030924723e-05,1.3085681030924723e-05,0.0,0.0,0.0,0.0008111989202144035,0.0,1.3085681030924723e-05,0.0,0.0
EFNA5→EPHB6,4.925687899103289e-07,4.925687899103289e-07,0.0,0.0,0.0,0.0,0.0,4.925687899103289e-07,0.0,0.0
EFNB1→EPHA4,0.0,0.0,0.0,0.0,0.0,0.0,0.0,0.0,0.0,0.0
EFNB1→EPHA6,2.1381487491400626e-07,2.1381487491400626e-07,0.0,0.0,0.0,4.8953568760660595e-05,0.0,2.1381487491400626e-07,0.0,0.0
EFNB1→EPHB1,5.4230164457469024e-08,5.4230164457469024e-08,0.0,0.0,0.0,6.630474959398486e-05,0.0,5.4230164457469024e-08,0.0,0.0
EFNB1→EPHB2,9.170166923091991e-07,9.170166923091991e-07,0.0,0.0,0.0,0.0,0.0,9.170166923091991e-07,0.0,0.0
EFNB1→EPHB3,1.426829719943982e-07,1.426829719943982e-07,0.0,0.0,0.0,0.0,0.0,1.426829719943982e-07,0.0,0.0
EFNB1→EPHB4,0.0,0.0,0.0,0.0,0.0,0.0,0.0,0.0,0.0,0.0
EFNB1→EPHB6,9.66376692857644e-06,9.66376692857644e-06,0.0,0.0,0.0,0.0,0.0,9.66376692857644e-06,0.0,0.0
EFNB1→ERBB2,2.133650156028504e-07,2.133650156028504e-07,0.0,0.0,0.0,0.0002145076940143514,0.0,2.133650156028504e-07,0.0,0.0
EFNB2→EPHA3,4.350084329689335e-06,4.350084329689335e-06,0.0,0.0,0.0,0.0,0.0,4.350084329689335e-06,0.0,0.0
EFNB2→EPHA4,1.7709263397756448e-06,1.7709263397756448e-06,1.0112990432811568e-05,1.0112990432811568e-05,1.0112990432811568e-05,0.0,1.0112990432811568e-05,1.7709263397756448e-06,1.0112990432811568e-05,1.0112990432811568e-05
EFNB2→EPHA6,0.0,0.0,0.0,0.0,0.0,0.0,0.0,0.0,0.0,0.0
EFNB2→EPHB1,0.0,0.0,0.0,0.0,0.0,0.0,0.0,0.0,0.0,0.0
EFNB2→EPHB2,1.3696662387966788e-07,1.3696662387966788e-07,0.0,0.0,0.0,0.0006840456652402729,0.0,1.3696662387966788e-07,0.0,0.0
EFNB2→EPHB3,7.014409388962052e-07,7.014409388962052e-07,0.0,0.0,0.0,0.0,0.0,7.014409388962052e-07,0.0,0.0
EFNB2→EPHB4,2.153228867998053e-07,2.153228867998053e-07,0.0,0.0,0.0,0.0005832578428595766,0.0,2.153228867998053e-07,0.0,0.0
EFNB2→EPHB6,3.6580103455000185e-06,3.6580103455000185e-06,0.0,0.0,0.0,0.0,0.0,3.6580103455000185e-06,0.0,0.0
EFNB2→GRM1,9.955768584167482e-07,9.955768584167482e-07,0.00026138128612175317,0.00026138128612175317,0.00026138128612175317,0.0,0.00026138128612175317,9.955768584167482e-07,0.00026138128612175317,0.00026138128612175317
EFNB2→GRM5,0.0,0.0,0.0,0.0,0.0,0.0,0.0,0.0,0.0,0.0
EFNB2→PECAM1,1.1464763871658042e-07,1.1464763871658042e-07,0.0,0.0,0.0,0.0,0.0,1.1464763871658042e-07,0.0,0.0
EFNB2→RHBDL2,4.215002580009311e-08,4.215002580009311e-08,0.0,0.0,0.0,0.0,0.0,4.215002580009311e-08,0.0,0.0
EFNB3→EPHA4,2.2741255010708116e-06,2.2741255010708116e-06,0.0,0.0,0.0,0.0005286280041015564,0.0,2.2741255010708116e-06,0.0,0.0
EFNB3→EPHB1,9.420522879939553e-06,9.420522879939553e-06,0.0,0.0,0.0,0.0,0.0,9.420522879939553e-06,0.0,0.0
EFNB3→EPHB2,2.6745098443496e-07,2.6745098443496e-07,0.0,0.0,0.0,0.0,0.0,2.6745098443496e-07,0.0,0.0
EFNB3→EPHB3,4.327945108502962e-06,4.327945108502962e-06,0.0,0.0,0.0,0.0,0.0,4.327945108502962e-06,0.0,0.0
EFNB3→EPHB4,4.819349714983159e-05,4.819349714983159e-05,0.0,0.0,0.0,0.0,0.0,4.819349714983159e-05,0.0,0.0
EFNB3→EPHB6,8.369119581587168e-07,8.369119581587168e-07,0.0,0.0,0.0,0.0,0.0,8.369119581587168e-07,0.0,0.0
EFNB3→RHBDL2,0.0,0.0,0.0,0.0,0.0,0.0,0.0,0.0,0.0,0.0
EGF→ADRB2,1.6520958929438646e-06,1.6520958929438646e-06,9.485256488282503e-06,9.485256488282503e-06,9.485256488282503e-06,0.0,9.485256488282503e-06,1.6520958929438646e-06,9.485256488282503e-06,9.485256488282503e-06
EGF→AXL,5.2624758578349864e-06,5.2624758578349864e-06,0.0,0.0,0.0,0.0,0.0,5.2624758578349864e-06,0.0,0.0
EGF→CAV1,3.973975886893916e-06,3.973975886893916e-06,0.0,0.0,0.0,0.0,0.0,3.973975886893916e-06,0.0,0.0
EGF→ERBB3,0.0,0.0,0.0,0.0,0.0,0.0,0.0,0.0,0.0,0.0
EGF→ERBB4,0.0,0.0,7.418725675091514e-06,7.418725675091514e-06,7.418725675091514e-06,0.0,7.418725675091514e-06,0.0,7.418725675091514e-06,7.418725675091514e-06
EGF→FSHR,0.0,0.0,0.0,0.0,0.0,0.0,0.0,0.0,0.0,0.0
EGF→LDLR,1.545890849018284e-08,1.545890849018284e-08,1.0464134249849693e-05,1.0464134249849693e-05,1.0464134249849693e-05,0.0,1.0464134249849693e-05,1.545890849018284e-08,1.0464134249849693e-05,1.0464134249849693e-05
EGF→LRP2,1.4929104582878978e-06,1.4929104582878978e-06,0.0,0.0,0.0,0.0,0.0,1.4929104582878978e-06,0.0,0.0
EGF→NRP1,1.8690277576514863e-07,1.8690277576514863e-07,0.0,0.0,0.0,0.0,0.0,1.8690277576514863e-07,0.0,0.0
EGF→PLD2,1.1486058812305854e-05,1.1486058812305854e-05,0.0,0.0,0.0,0.0,0.0,1.1486058812305854e-05,0.0,0.0
EGF→RHBDL2,0.0,0.0,0.00031594316641280455,0.00031594316641280455,0.00031594316641280455,0.0,0.00031594316641280455,0.0,0.00031594316641280455,0.00031594316641280455
EGF→TNFRSF11B,1.105478141798285e-06,1.105478141798285e-06,0.0,0.0,0.0,0.0,0.0,1.105478141798285e-06,0.0,0.0
ENAM→CD63,0.0,0.0,0.0,0.0,0.0,0.0,0.0,0.0,0.0,0.0
ENHO→GPR19,0.0,0.0,0.0,0.0,0.0,0.0,0.0,0.0,0.0,0.0
ENTPD1→ADORA1,1.2539237594242162e-06,1.2539237594242162e-06,0.0,0.0,0.0,0.00018683079050590685,0.0,1.2539237594242162e-06,0.0,0.0
ENTPD1→ADORA2A,0.0,0.0,0.0,0.0,0.0,0.0,0.0,0.0,0.0,0.0
ENTPD1→ADORA2B,1.1203807329089276e-06,1.1203807329089276e-06,0.0,0.0,0.0,0.0,0.0,1.1203807329089276e-06,0.0,0.0
ENTPD1→ADORA3,0.0,0.0,0.001268244432702608,0.001268244432702608,0.001268244432702608,0.0,0.001268244432702608,0.0,0.001268244432702608,0.001268244432702608
ENTPD1→TMIGD3,7.088045598625224e-08,7.088045598625224e-08,0.0,0.0,0.0,0.0,0.0,7.088045598625224e-08,0.0,0.0
EPGN→EGFR,1.0430673007473502e-07,1.0430673007473502e-07,0.0,0.0,0.0,0.0,0.0,1.0430673007473502e-07,0.0,0.0
EPO→CRLF3,7.688464442178495e-07,7.688464442178495e-07,0.00019448963400529924,0.00019448963400529924,0.00019448963400529924,0.0,0.00019448963400529924,7.688464442178495e-07,0.00019448963400529924,0.00019448963400529924
EPO→EPHB4,0.0,0.0,0.0,0.0,0.0,0.0,0.0,0.0,0.0,0.0
EPO→EPOR,8.993072276058702e-07,8.993072276058702e-07,0.0,0.0,0.0,0.0,0.0,8.993072276058702e-07,0.0,0.0
EREG→ERBB3,0.0,0.0,2.610198141116163e-06,2.610198141116163e-06,2.610198141116163e-06,0.0,2.610198141116163e-06,0.0,2.610198141116163e-06,2.610198141116163e-06
ERFE→LRP1,0.0,0.0,0.0,0.0,0.0,0.0,0.0,0.0,0.0,0.0
ETV5→ERBB2,0.0,0.0,3.396390978683696e-05,3.396390978683696e-05,3.396390978683696e-05,2.1279639630570878e-05,3.396390978683696e-05,0.0,3.396390978683696e-05,3.396390978683696e-05
F10→F3,5.666614293309923e-07,5.666614293309923e-07,0.0,0.0,0.0,2.6826109383034877e-05,0.0,5.666614293309923e-07,0.0,0.0
F10→ITGAM,0.0,0.0,0.0,0.0,0.0,0.0,0.0,0.0,0.0,0.0
F11→GP1BB,0.0,0.0,0.0,0.0,0.0,0.0,0.0,0.0,0.0,0.0
F11→GP5,0.0,0.0,0.0,0.0,0.0,0.0,0.0,0.0,0.0,0.0
F11→GP9,0.0,0.0,0.0,0.0,0.0,0.0,0.0,0.0,0.0,0.0
F12→CD93,2.5518494485059766e-07,2.5518494485059766e-07,4.509478780454482e-05,4.509478780454482e-05,4.509478780454482e-05,0.0,4.509478780454482e-05,2.5518494485059766e-07,4.509478780454482e-05,4.509478780454482e-05
F12→GP1BB,7.530736606876982e-07,7.530736606876982e-07,0.0,0.0,0.0,0.0,0.0,7.530736606876982e-07,0.0,0.0
F12→GP5,9.3821935034493e-07,9.3821935034493e-07,1.4992068291589477e-05,1.4992068291589477e-05,1.4992068291589477e-05,9.192902767661475e-05,1.4992068291589477e-05,9.3821935034493e-07,1.4992068291589477e-05,1.4992068291589477e-05
F12→GP9,7.981000910971681e-07,7.981000910971681e-07,0.0,0.0,0.0,0.0,0.0,7.981000910971681e-07,0.0,0.0
F13A1→ITGA4,1.4482368962911781e-06,1.4482368962911781e-06,0.0,0.0,0.0,0.0,0.0,1.4482368962911781e-06,0.0,0.0
F13A1→ITGA9,0.0,0.0,0.0,0.0,0.0,0.0,0.0,0.0,0.0,0.0
F13A1→ITGB1,2.7174528267808097e-07,2.7174528267808097e-07,0.0,0.0,0.0,0.0,0.0,2.7174528267808097e-07,0.0,0.0
F2→F2R,0.0,0.0,0.0,0.0,0.0,0.0,0.0,0.0,0.0,0.0
F2→F2RL1,2.890669605656739e-06,2.890669605656739e-06,0.0,0.0,0.0,0.0,0.0,2.890669605656739e-06,0.0,0.0
F2→F2RL2,1.1303740384260043e-06,1.1303740384260043e-06,0.0,0.0,0.0,0.0,0.0,1.1303740384260043e-06,0.0,0.0
F2→F2RL3,3.4117803108423706e-08,3.4117803108423706e-08,0.0,0.0,0.0,0.0,0.0,3.4117803108423706e-08,0.0,0.0
F2→GP1BB,0.0,0.0,0.0,0.0,0.0,0.0,0.0,0.0,0.0,0.0
F2→GP9,0.0,0.0,0.0,0.0,0.0,0.0,0.0,0.0,0.0,0.0
F2→ITGA2B,1.2167822851683864e-07,1.2167822851683864e-07,0.0,0.0,0.0,0.0,0.0,1.2167822851683864e-07,0.0,0.0
F2→THBD,2.9927313585505845e-08,2.9927313585505845e-08,0.0,0.0,0.0,0.0,0.0,2.9927313585505845e-08,0.0,0.0
F7→F3,3.9404000407544604e-06,3.9404000407544604e-06,0.0,0.0,0.0,0.0,0.0,3.9404000407544604e-06,0.0,0.0
F8→ASGR2,2.7759419291491528e-05,2.7759419291491528e-05,0.0,0.0,0.0,0.0024604466202172402,0.0,2.7759419291491528e-05,0.0,0.0
F8→LDLR,4.5024066808316315e-07,4.5024066808316315e-07,0.0,0.0,0.0,4.731975895637063e-05,0.0,4.5024066808316315e-07,0.0,0.0
F8→LRP1,4.443801757925455e-08,4.443801757925455e-08,0.0012394535413431762,0.0012394535413431762,0.0012394535413431762,0.0,0.0012394535413431762,4.443801757925455e-08,0.0012394535413431762,0.0012394535413431762
F8→LRP2,0.0,0.0,0.0,0.0,0.0,0.0,0.0,0.0,0.0,0.0
F8→LRP4,5.437085509702629e-08,5.437085509702629e-08,1.904382379362306e-05,1.904382379362306e-05,1.904382379362306e-05,0.0014450940644187998,1.904382379362306e-05,5.437085509702629e-08,1.904382379362306e-05,1.904382379362306e-05
F9→LRP1,1.1636572140603064e-06,1.1636572140603064e-06,0.0,0.0,0.0,0.0,0.0,1.1636572140603064e-06,0.0,0.0
FABP5→RXRA,0.0,0.0,0.0,0.0,0.0,0.0,0.0,0.0,0.0,0.0
FADD→ABCA1,7.595867803910797e-05,7.595867803910797e-05,0.0,0.0,0.0,0.0017424639332518606,0.0,7.595867803910797e-05,0.0,0.0
FADD→FAS,5.464700497332556e-09,5.464700497332556e-09,0.0,0.0,0.0,0.0,0.0,5.464700497332556e-09,0.0,0.0
FADD→TRADD,0.0,0.0,0.0,0.0,0.0,0.0007641466188022975,0.0,0.0,0.0,0.0
FADD→TRAF2,7.213200561254521e-07,7.213200561254521e-07,7.746967560943516e-06,7.746967560943516e-06,7.746967560943516e-06,0.0,7.746967560943516e-06,7.213200561254521e-07,7.746967560943516e-06,7.746967560943516e-06
FAM3B→LRP5,0.0,0.0,0.0005681673081317449,0.0005681673081317449,0.0005681673081317449,0.0,0.0005681673081317449,0.0,0.0005681673081317449,0.0005681673081317449
FAM3C→ADGRG5,2.4857410667283614e-06,2.4857410667283614e-06,0.0,0.0,0.0,0.0,0.0,2.4857410667283614e-06,0.0,0.0
FAM3C→CLEC2D,2.846849990841078e-06,2.846849990841078e-06,0.0,0.0,0.0,0.0,0.0,2.846849990841078e-06,0.0,0.0
FAM3C→FFAR2,0.0,0.0,0.0,0.0,0.0,0.0,0.0,0.0,0.0,0.0
FAM3C→GLRA2,1.7049053820011204e-05,1.7049053820011204e-05,0.0,0.0,0.0,0.0,0.0,1.7049053820011204e-05,0.0,0.0
FAM3C→GPR42,0.0005339475644493393,0.0005339475644493393,0.0,0.0,0.0,0.0,0.0,0.0005339475644493393,0.0,0.0
FAM3C→KIR2DL3,0.0004569106641253605,0.0004569106641253605,0.0,0.0,0.0,0.0,0.0,0.0004569106641253605,0.0,0.0
FAM3C→LAMP1,4.941623750816551e-08,4.941623750816551e-08,0.0,0.0,0.0,0.0,0.0,4.941623750816551e-08,0.0,0.0
FAM3C→LIFR,2.533605661613058e-06,2.533605661613058e-06,0.0,0.0,0.0,0.0,0.0,2.533605661613058e-06,0.0,0.0
FAM3C→PDCD1,5.374242197317269e-05,5.374242197317269e-05,0.0,0.0,0.0,0.0,0.0,5.374242197317269e-05,0.0,0.0
FAM3D→FPR1,7.163839976111267e-07,7.163839976111267e-07,0.0,0.0,0.0,0.0,0.0,7.163839976111267e-07,0.0,0.0
FAM3D→FPR2,0.0,0.0,0.0,0.0,0.0,0.0,0.0,0.0,0.0,0.0
FARP2→PLXNA1,3.463104617580371e-06,3.463104617580371e-06,0.0,0.0,0.0,0.0,0.0,3.463104617580371e-06,0.0,0.0
FARP2→PLXNA2,0.0,0.0,0.0,0.0,0.0,0.0,0.0,0.0,0.0,0.0
FARP2→PLXNA3,2.1876531673620716e-05,2.1876531673620716e-05,0.0,0.0,0.0,0.0,0.0,2.1876531673620716e-05,0.0,0.0
FARP2→PLXNA4,2.8307855291791036e-08,2.8307855291791036e-08,3.7127112433892373e-06,3.7127112433892373e-06,3.7127112433892373e-06,0.0,3.7127112433892373e-06,2.8307855291791036e-08,3.7127112433892373e-06,3.7127112433892373e-06
FASLG→FAS,2.730379128479401e-07,2.730379128479401e-07,0.0,0.0,0.0,0.0,0.0,2.730379128479401e-07,0.0,0.0
FASLG→TNFRSF10B,0.0,0.0,0.0,0.0,0.0,0.0,0.0,0.0,0.0,0.0
FASLG→TNFRSF1A,3.5270411820047744e-07,3.5270411820047744e-07,0.0,0.0,0.0,0.0,0.0,3.5270411820047744e-07,0.0,0.0
FASLG→TNFRSF6B,0.0005557593828239406,0.0005557593828239406,0.0,0.0,0.0,0.0,0.0,0.0005557593828239406,0.0,0.0
FAT4→DCHS1,6.390815434460292e-06,6.390815434460292e-06,0.0,0.0,0.0,0.0,0.0,6.390815434460292e-06,0.0,0.0
FBLN1→ITGB1,0.0,0.0,0.0,0.0,0.0,0.0,0.0,0.0,0.0,0.0
FBLN2→ITGB3,0.0,0.0,0.0,0.0,0.0,0.0,0.0,0.0,0.0,0.0
FBN1→ITGA5,1.8229001653853105e-05,1.8229001653853105e-05,0.0,0.0,0.0,0.0001516400317628406,0.0,1.8229001653853105e-05,0.0,0.0
FBN1→ITGB1,5.836210220877547e-07,5.836210220877547e-07,0.0,0.0,0.0,0.0,0.0,5.836210220877547e-07,0.0,0.0
FBN1→ITGB3,2.785529620585548e-07,2.785529620585548e-07,0.0,0.0,0.0,0.0,0.0,2.785529620585548e-07,0.0,0.0
FBN1→ITGB6,0.0,0.0,0.0,0.0,0.0,0.0,0.0,0.0,0.0,0.0
FCER2→CR2,6.263468268384978e-06,6.263468268384978e-06,0.0,0.0,0.0,0.0,0.0,6.263468268384978e-06,0.0,0.0
FCN2→LRP1,0.0,0.0,0.0,0.0,0.0,0.0,0.0,0.0,0.0,0.0
FGA→CDH5,0.0,0.0,0.0,0.0,0.0,0.0,0.0,0.0,0.0,0.0
FGA→ITGA2B,0.0,0.0,0.0,0.0,0.0,0.0,0.0,0.0,0.0,0.0
FGA→ITGA5,2.265580170689212e-06,2.265580170689212e-06,0.0,0.0,0.0,0.0,0.0,2.265580170689212e-06,0.0,0.0
FGA→ITGAD,6.521523613213325e-06,6.521523613213325e-06,0.0,0.0,0.0,0.0,0.0,6.521523613213325e-06,0.0,0.0
FGA→ITGAM,5.997404506855709e-06,5.997404506855709e-06,0.0,0.0,0.0,0.0,0.0,5.997404506855709e-06,0.0,0.0
FGA→ITGAX,9.21961209293392e-06,9.21961209293392e-06,0.0,0.0,0.0,0.0,0.0,9.21961209293392e-06,0.0,0.0
FGA→ITGB1,2.7228844889147818e-05,2.7228844889147818e-05,0.0,0.0,0.0,0.0,0.0,2.7228844889147818e-05,0.0,0.0
FGA→ITGB3,7.13483043422246e-06,7.13483043422246e-06,0.0,0.0,0.0,0.0,0.0,7.13483043422246e-06,0.0,0.0
FGA→PLAUR,2.2660219064855455e-05,2.2660219064855455e-05,0.0,0.0,0.0,0.0,0.0,2.2660219064855455e-05,0.0,0.0
FGA→TLR4,0.0,0.0,0.0,0.0,0.0,0.0,0.0,0.0,0.0,0.0
FGB→CDH5,6.362401672321673e-07,6.362401672321673e-07,0.0,0.0,0.0,0.0,0.0,6.362401672321673e-07,0.0,0.0
FGB→ITGA2B,1.9827137267397585e-08,1.9827137267397585e-08,0.0,0.0,0.0,0.0,0.0,1.9827137267397585e-08,0.0,0.0
FGB→ITGA5,1.3089597119437391e-05,1.3089597119437391e-05,0.0,0.0,0.0,0.0,0.0,1.3089597119437391e-05,0.0,0.0
FGB→ITGAM,1.7926716984601158e-06,1.7926716984601158e-06,0.0,0.0,0.0,0.0,0.0,1.7926716984601158e-06,0.0,0.0
FGB→ITGB1,1.1123406917262846e-06,1.1123406917262846e-06,0.0,0.0,0.0,0.0,0.0,1.1123406917262846e-06,0.0,0.0
FGB→ITGB3,0.0,0.0,0.0,0.0,0.0,0.0,0.0,0.0,0.0,0.0
FGB→TLR4,1.6597837326327739e-06,1.6597837326327739e-06,0.0,0.0,0.0,0.0,0.0,1.6597837326327739e-06,0.0,0.0
FGF10→FGFR1,5.638988084377202e-07,5.638988084377202e-07,0.0,0.0,0.0,0.0,0.0,5.638988084377202e-07,0.0,0.0
FGF10→FGFR2,0.0,0.0,0.0,0.0,0.0,0.0,0.0,0.0,0.0,0.0
FGF10→FGFRL1,3.556023103799921e-07,3.556023103799921e-07,0.0,0.0,0.0,0.0,0.0,3.556023103799921e-07,0.0,0.0
FGF11→FGFR1,7.35212337370956e-07,7.35212337370956e-07,0.0,0.0,0.0,0.0,0.0,7.35212337370956e-07,0.0,0.0
FGF11→FGFR2,1.2127730121805783e-06,1.2127730121805783e-06,0.0,0.0,0.0,0.0,0.0,1.2127730121805783e-06,0.0,0.0
FGF12→FGFR1,1.2293952305180535e-06,1.2293952305180535e-06,0.0,0.0,0.0,0.0,0.0,1.2293952305180535e-06,0.0,0.0
FGF12→FGFR2,9.815442754715795e-07,9.815442754715795e-07,0.0,0.0,0.0,0.0,0.0,9.815442754715795e-07,0.0,0.0
FGF13→EGFR,1.204579268226329e-06,1.204579268226329e-06,9.349040763587204e-05,9.349040763587204e-05,9.349040763587204e-05,0.0,9.349040763587204e-05,1.204579268226329e-06,9.349040763587204e-05,9.349040763587204e-05
FGF13→FGFR1,0.0,0.0,0.0,0.0,0.0,0.00011347344866025848,0.0,0.0,0.0,0.0
FGF13→FGFR2,7.727248162941609e-07,7.727248162941609e-07,0.0,0.0,0.0,0.0,0.0,7.727248162941609e-07,0.0,0.0
FGF13→FGFR3,2.4088735013403648e-06,2.4088735013403648e-06,0.0,0.0,0.0,0.0,0.0,2.4088735013403648e-06,0.0,0.0
FGF13→FGFR4,3.467390380332079e-08,3.467390380332079e-08,3.1208560335208066e-05,3.1208560335208066e-05,3.1208560335208066e-05,0.0,3.1208560335208066e-05,3.467390380332079e-08,3.1208560335208066e-05,3.1208560335208066e-05
FGF13→SCN5A,7.314419065920274e-07,7.314419065920274e-07,0.0001990337869579706,0.0001990337869579706,0.0001990337869579706,0.0,0.0001990337869579706,7.314419065920274e-07,0.0001990337869579706,0.0001990337869579706
FGF13→SCN8A,1.0723819115853148e-06,1.0723819115853148e-06,0.0,0.0,0.0,0.0,0.0,1.0723819115853148e-06,0.0,0.0
FGF14→FGFR1,0.0,0.0,0.0,0.0,0.0,0.0,0.0,0.0,0.0,0.0
FGF14→FGFR2,8.709333498338685e-06,8.709333498338685e-06,0.0,0.0,0.0,0.0,0.0,8.709333498338685e-06,0.0,0.0
FGF16→FGFR1,1.0072429468060397e-07,1.0072429468060397e-07,0.0,0.0,0.0,6.534355829160998e-05,0.0,1.0072429468060397e-07,0.0,0.0
FGF16→FGFR2,0.0,0.0,0.0,0.0,0.0,0.0,0.0,0.0,0.0,0.0
FGF16→FGFR3,4.1440933477713424e-07,4.1440933477713424e-07,0.0,0.0,0.0,0.0,0.0,4.1440933477713424e-07,0.0,0.0
FGF16→FGFR4,0.0,0.0,0.0,0.0,0.0,0.0,0.0,0.0,0.0,0.0
FGF17→FGFR1,1.3633144110998195e-06,1.3633144110998195e-06,0.0,0.0,0.0,0.0,0.0,1.3633144110998195e-06,0.0,0.0
FGF17→FGFR2,2.6217474437540174e-06,2.6217474437540174e-06,0.0,0.0,0.0,0.0,0.0,2.6217474437540174e-06,0.0,0.0
FGF17→FGFR3,3.6028068457265677e-06,3.6028068457265677e-06,0.0,0.0,0.0,0.0,0.0,3.6028068457265677e-06,0.0,0.0
FGF17→FGFR4,7.608103933340527e-06,7.608103933340527e-06,0.0,0.0,0.0,0.0,0.0,7.608103933340527e-06,0.0,0.0
FGF18→FGFR1,8.78634977366147e-08,8.78634977366147e-08,0.0,0.0,0.0,0.0,0.0,8.78634977366147e-08,0.0,0.0
FGF18→FGFR2,0.0,0.0,0.0,0.0,0.0,0.0,0.0,0.0,0.0,0.0
FGF18→FGFR3,1.4095221837001228e-06,1.4095221837001228e-06,0.0,0.0,0.0,0.0,0.0,1.4095221837001228e-06,0.0,0.0
FGF18→FGFR4,3.466312943190957e-07,3.466312943190957e-07,0.00013996525201458808,0.00013996525201458808,0.00013996525201458808,0.0,0.00013996525201458808,3.466312943190957e-07,0.00013996525201458808,0.00013996525201458808
FGF19→FGFR1,0.0,0.0,0.0,0.0,0.0,0.0,0.0,0.0,0.0,0.0
FGF19→FGFR2,0.0002365534015668833,0.0002365534015668833,4.619022784791535e-05,4.619022784791535e-05,4.619022784791535e-05,0.0,4.619022784791535e-05,0.0002365534015668833,4.619022784791535e-05,4.619022784791535e-05
FGF19→FGFR3,2.000766537515819e-08,2.000766537515819e-08,0.0,0.0,0.0,0.0,0.0,2.000766537515819e-08,0.0,0.0
FGF19→FGFR4,0.0,0.0,0.0,0.0,0.0,0.0,0.0,0.0,0.0,0.0
FGF19→KLB,0.0,0.0,0.0,0.0,0.0,0.0,0.0,0.0,0.0,0.0
FGF1→CD44,3.9752645399872013e-08,3.9752645399872013e-08,0.0,0.0,0.0,0.0,0.0,3.9752645399872013e-08,0.0,0.0
FGF1→CSPG4,0.0,0.0,0.0,0.0,0.0,0.0,0.0,0.0,0.0,0.0
FGF1→EGFR,0.0,0.0,0.0,0.0,0.0,0.0,0.0,0.0,0.0,0.0
FGF1→FGFR1,4.345846135135512e-07,4.345846135135512e-07,0.0,0.0,0.0,0.0,0.0,4.345846135135512e-07,0.0,0.0
FGF1→FGFR2,0.0,0.0,0.0,0.0,0.0,0.0,0.0,0.0,0.0,0.0
FGF1→FGFR3,0.0,0.0,0.0,0.0,0.0,0.0,0.0,0.0,0.0,0.0
FGF1→FGFR4,0.0,0.0,0.0,0.0,0.0,0.0,0.0,0.0,0.0,0.0
FGF1→FGFRL1,0.0,0.0,0.0,0.0,0.0,0.0,0.0,0.0,0.0,0.0
FGF1→ITGB3,1.1535762521085923e-06,1.1535762521085923e-06,0.0,0.0,0.0,0.0,0.0,1.1535762521085923e-06,0.0,0.0
FGF1→NRP1,0.0,0.0,0.0,0.0,0.0,0.0,0.0,0.0,0.0,0.0
FGF1→TGFBR3,0.0,0.0,0.0,0.0,0.0,0.0,0.0,0.0,0.0,0.0
FGF20→FGFR1,8.830733305409895e-08,8.830733305409895e-08,0.0,0.0,0.0,2.3391826006234728e-05,0.0,8.830733305409895e-08,0.0,0.0
FGF20→FGFR2,0.0,0.0,0.0,0.0,0.0,0.0,0.0,0.0,0.0,0.0
FGF20→FGFR3,1.821545108144788e-06,1.821545108144788e-06,0.0,0.0,0.0,0.0,0.0,1.821545108144788e-06,0.0,0.0
FGF20→FGFR4,7.32509704530985e-08,7.32509704530985e-08,0.0,0.0,0.0,0.0,0.0,7.32509704530985e-08,0.0,0.0
FGF21→FGFR1,0.0,0.0,0.0,0.0,0.0,0.0,0.0,0.0,0.0,0.0
FGF21→FGFR2,0.0,0.0,0.0,0.0,0.0,0.0,0.0,0.0,0.0,0.0
FGF21→FGFR3,0.0,0.0,0.0,0.0,0.0,0.0,0.0,0.0,0.0,0.0
FGF21→FGFR4,1.0081034064490308e-07,1.0081034064490308e-07,0.0,0.0,0.0,0.0,0.0,1.0081034064490308e-07,0.0,0.0
FGF21→KLB,0.0,0.0,0.0,0.0,0.0,0.0,0.0,0.0,0.0,0.0
FGF22→FGFR1,1.2745951742222076e-06,1.2745951742222076e-06,0.0,0.0,0.0,0.0,0.0,1.2745951742222076e-06,0.0,0.0
FGF22→FGFR2,4.916158300510273e-07,4.916158300510273e-07,0.0,0.0,0.0,0.0001447790101354362,0.0,4.916158300510273e-07,0.0,0.0
FGF22→FGFRL1,1.1513447075033228e-07,1.1513447075033228e-07,0.0,0.0,0.0,0.0,0.0,1.1513447075033228e-07,0.0,0.0
FGF23→FGFR1,1.0278417488260184e-07,1.0278417488260184e-07,0.0,0.0,0.0,0.0,0.0,1.0278417488260184e-07,0.0,0.0
FGF23→FGFR2,3.1595310429111137e-06,3.1595310429111137e-06,0.0,0.0,0.0,0.0,0.0,3.1595310429111137e-06,0.0,0.0
FGF23→FGFR3,1.9316899022956222e-08,1.9316899022956222e-08,0.0,0.0,0.0,0.0,0.0,1.9316899022956222e-08,0.0,0.0
FGF23→FGFR4,2.4702685080459655e-06,2.4702685080459655e-06,0.00022942924298162786,0.00022942924298162786,0.00022942924298162786,0.0,0.00022942924298162786,2.4702685080459655e-06,0.00022942924298162786,0.00022942924298162786
FGF23→PHEX,0.0,0.0,0.0,0.0,0.0,0.0,0.0,0.0,0.0,0.0
FGF2→CD44,0.0,0.0,0.0,0.0,0.0,0.0,0.0,0.0,0.0,0.0
FGF2→FGFR1,2.8289954463469957e-06,2.8289954463469957e-06,0.0,0.0,0.0,0.0,0.0,2.8289954463469957e-06,0.0,0.0
FGF2→FGFR2,0.0,0.0,0.0,0.0,0.0,3.075281588073029e-05,0.0,0.0,0.0,0.0
FGF2→FGFR3,2.214529179572429e-06,2.214529179572429e-06,0.0,0.0,0.0,0.0,0.0,2.214529179572429e-06,0.0,0.0
FGF2→FGFR4,0.0,0.0,0.0001423387963594629,0.0001423387963594629,0.0001423387963594629,0.0,0.0001423387963594629,0.0,0.0001423387963594629,0.0001423387963594629
FGF2→FGFRL1,0.0,0.0,0.0,0.0,0.0,0.0,0.0,0.0,0.0,0.0
FGF2→GPC4,3.098130577384745e-08,3.098130577384745e-08,0.0,0.0,0.0,0.0,0.0,3.098130577384745e-08,0.0,0.0
FGF2→ITGB3,2.865183564542836e-07,2.865183564542836e-07,0.00018600216390146588,0.00018600216390146588,0.00018600216390146588,2.989624987568949e-05,0.00018600216390146588,2.865183564542836e-07,0.00018600216390146588,0.00018600216390146588
FGF2→NRP1,8.848584868652012e-08,8.848584868652012e-08,0.0,0.0,0.0,0.0,0.0,8.848584868652012e-08,0.0,0.0
FGF2→SDC1,4.0858318757676765e-07,4.0858318757676765e-07,0.0,0.0,0.0,0.0,0.0,4.0858318757676765e-07,0.0,0.0
FGF2→SDC2,0.0,0.0,0.0,0.0,0.0,0.00029543560888260594,0.0,0.0,0.0,0.0
FGF2→SDC3,1.0946413569937636e-06,1.0946413569937636e-06,0.0,0.0,0.0,0.0,0.0,1.0946413569937636e-06,0.0,0.0
FGF2→SDC4,4.633573869988186e-07,4.633573869988186e-07,0.0,0.0,0.0,0.0,0.0,4.633573869988186e-07,0.0,0.0
FGF3→FGFR1,5.624833060567756e-07,5.624833060567756e-07,0.0,0.0,0.0,0.0,0.0,5.624833060567756e-07,0.0,0.0
FGF3→FGFR2,2.0207145457723075e-08,2.0207145457723075e-08,0.0,0.0,0.0,0.0,0.0,2.0207145457723075e-08,0.0,0.0
FGF3→FGFR3,7.7877411276068e-08,7.7877411276068e-08,5.2495900880838256e-05,5.2495900880838256e-05,5.2495900880838256e-05,0.0,5.2495900880838256e-05,7.7877411276068e-08,5.2495900880838256e-05,5.2495900880838256e-05
FGF3→FGFR4,0.0,0.0,0.0,0.0,0.0,0.0,0.0,0.0,0.0,0.0
FGF3→FGFRL1,1.4676749802786809e-07,1.4676749802786809e-07,0.0,0.0,0.0,0.0,0.0,1.4676749802786809e-07,0.0,0.0
FGF4→FGFR1,0.0,0.0,0.0,0.0,0.0,0.0,0.0,0.0,0.0,0.0
FGF4→FGFR2,0.0,0.0,0.0,0.0,0.0,0.0,0.0,0.0,0.0,0.0
FGF4→FGFR3,0.0,0.0,0.0,0.0,0.0,0.0,0.0,0.0,0.0,0.0
FGF4→FGFR4,0.0,0.0,0.0,0.0,0.0,0.0,0.0,0.0,0.0,0.0
FGF4→FGFRL1,0.0,0.0,0.0,0.0,0.0,0.0,0.0,0.0,0.0,0.0
FGF4→NRP1,0.0,0.0,0.0,0.0,0.0,0.0,0.0,0.0,0.0,0.0
FGF5→FGFR1,0.0,0.0,0.0,0.0,0.0,0.0,0.0,0.0,0.0,0.0
FGF5→FGFR2,1.4536278609521907e-05,1.4536278609521907e-05,0.0,0.0,0.0,0.0,0.0,1.4536278609521907e-05,0.0,0.0
FGF5→FGFR3,1.6735437489789565e-07,1.6735437489789565e-07,0.0,0.0,0.0,0.0,0.0,1.6735437489789565e-07,0.0,0.0
FGF5→FGFR4,2.912300179941931e-05,2.912300179941931e-05,0.0,0.0,0.0,0.0,0.0,2.912300179941931e-05,0.0,0.0
FGF6→FGFR1,0.0,0.0,0.0,0.0,0.0,0.0,0.0,0.0,0.0,0.0
FGF6→FGFR2,0.0,0.0,0.0,0.0,0.0,0.0,0.0,0.0,0.0,0.0
FGF6→FGFR3,0.0,0.0,0.0,0.0,0.0,0.0,0.0,0.0,0.0,0.0
FGF6→FGFR4,2.1093557926191818e-05,2.1093557926191818e-05,0.0,0.0,0.0,0.0,0.0,2.1093557926191818e-05,0.0,0.0
FGF6→SDC4,0.0,0.0,0.0,0.0,0.0,0.0,0.0,0.0,0.0,0.0
FGF7→FGFR1,1.7004075740355866e-06,1.7004075740355866e-06,0.0,0.0,0.0,0.0,0.0,1.7004075740355866e-06,0.0,0.0
FGF7→FGFR2,2.212375018011929e-06,2.212375018011929e-06,0.0,0.0,0.0,0.0,0.0,2.212375018011929e-06,0.0,0.0
FGF7→FGFR3,9.761895115303374e-08,9.761895115303374e-08,0.0,0.0,0.0,0.0,0.0,9.761895115303374e-08,0.0,0.0
FGF7→FGFR4,9.329437490686454e-07,9.329437490686454e-07,0.0,0.0,0.0,0.0,0.0,9.329437490686454e-07,0.0,0.0
FGF7→NRP1,0.0,0.0,0.0,0.0,0.0,0.0,0.0,0.0,0.0,0.0
FGF8→FGFR1,4.2389498320108705e-06,4.2389498320108705e-06,0.0,0.0,0.0,0.0,0.0,4.2389498320108705e-06,0.0,0.0
FGF8→FGFR2,2.7236315520687416e-05,2.7236315520687416e-05,0.0,0.0,0.0,0.0,0.0,2.7236315520687416e-05,0.0,0.0
FGF8→FGFR3,1.522824023238067e-07,1.522824023238067e-07,0.0,0.0,0.0,0.0,0.0,1.522824023238067e-07,0.0,0.0
FGF8→FGFR4,8.083510300367292e-08,8.083510300367292e-08,1.8757120107192587e-05,1.8757120107192587e-05,1.8757120107192587e-05,0.0,1.8757120107192587e-05,8.083510300367292e-08,1.8757120107192587e-05,1.8757120107192587e-05
FGF8→FGFRL1,2.05386939579393e-07,2.05386939579393e-07,0.0,0.0,0.0,0.0,0.0,2.05386939579393e-07,0.0,0.0
FGF9→FGFR1,4.546234169430858e-06,4.546234169430858e-06,0.0,0.0,0.0,0.0,0.0,4.546234169430858e-06,0.0,0.0
FGF9→FGFR2,3.322820995282675e-08,3.322820995282675e-08,0.0,0.0,0.0,0.0,0.0,3.322820995282675e-08,0.0,0.0
FGF9→FGFR3,4.2519902482650725e-07,4.2519902482650725e-07,0.0,0.0,0.0,0.0,0.0,4.2519902482650725e-07,0.0,0.0
FGF9→FGFR4,2.8819184973026103e-05,2.8819184973026103e-05,0.0,0.0,0.0,0.0,0.0,2.8819184973026103e-05,0.0,0.0
FGFR3→EPHA4,3.650671390211255e-06,3.650671390211255e-06,0.0,0.0,0.0,0.0013935579609834895,0.0,3.650671390211255e-06,0.0,0.0
FGFR4→EPHA4,2.1886431559315453e-06,2.1886431559315453e-06,0.0,0.0,0.0,0.0,0.0,2.1886431559315453e-06,0.0,0.0
FGFR4→PTPRR,3.668076780174318e-07,3.668076780174318e-07,0.0,0.0,0.0,0.0,0.0,3.668076780174318e-07,0.0,0.0
FGFR4→TNFRSF10A,2.8775782692178656e-05,2.8775782692178656e-05,0.0,0.0,0.0,0.0,0.0,2.8775782692178656e-05,0.0,0.0
FGG→ITGA2B,7.756607866186059e-07,7.756607866186059e-07,0.0,0.0,0.0,0.0,0.0,7.756607866186059e-07,0.0,0.0
FGG→ITGA5,1.0774997822494675e-05,1.0774997822494675e-05,0.0,0.0,0.0,0.0,0.0,1.0774997822494675e-05,0.0,0.0
FGG→ITGB1,5.287605493266221e-06,5.287605493266221e-06,0.0,0.0,0.0,0.0062928960475213515,0.0,5.287605493266221e-06,0.0,0.0
FGG→ITGB3,0.0,0.0,0.0,0.0,0.0,0.0,0.0,0.0,0.0,0.0
FGG→TLR4,3.853732219432661e-06,3.853732219432661e-06,0.0,0.0,0.0,0.0,0.0,3.853732219432661e-06,0.0,0.0
FGL1→EGFR,2.880938643628958e-06,2.880938643628958e-06,0.0,0.0,0.0,0.0,0.0,2.880938643628958e-06,0.0,0.0
FGL1→LAG3,4.841225128525999e-06,4.841225128525999e-06,0.0,0.0,0.0,5.1414169698757094e-05,0.0,4.841225128525999e-06,0.0,0.0
FLT3LG→FLT3,7.068035019395369e-05,7.068035019395369e-05,0.0,0.0,0.0,0.0,0.0,7.068035019395369e-05,0.0,0.0
FN1→C5AR1,5.791268540304088e-06,5.791268540304088e-06,0.0,0.0,0.0,0.0,0.0,5.791268540304088e-06,0.0,0.0
FN1→CD44,0.0,0.0,0.0,0.0,0.0,0.0,0.0,0.0,0.0,0.0
FN1→CD79A,7.493626852432284e-05,7.493626852432284e-05,0.0,0.0,0.0,0.0,0.0,7.493626852432284e-05,0.0,0.0
FN1→DPP4,2.454189706585949e-05,2.454189706585949e-05,0.0,0.0,0.0,0.0,0.0,2.454189706585949e-05,0.0,0.0
FN1→FLT4,0.0,0.0,0.0,0.0,0.0,0.0,0.0,0.0,0.0,0.0
FN1→IL17RC,1.7204034818767973e-07,1.7204034818767973e-07,0.0,0.0,0.0,0.0,0.0,1.7204034818767973e-07,0.0,0.0
FN1→ITGA2,8.636159005961247e-10,8.636159005961247e-10,0.0,0.0,0.0,0.0,0.0,8.636159005961247e-10,0.0,0.0
FN1→ITGA6,5.51108120951217e-06,5.51108120951217e-06,1.4764928483350229e-05,1.4764928483350229e-05,1.4764928483350229e-05,0.0,1.4764928483350229e-05,5.51108120951217e-06,1.4764928483350229e-05,1.4764928483350229e-05
FN1→ITGA9,1.052845471502247e-07,1.052845471502247e-07,0.0,0.0,0.0,0.0,0.0,1.052845471502247e-07,0.0,0.0
FN1→MAG,3.735308408016718e-07,3.735308408016718e-07,3.847073970031275e-05,3.847073970031275e-05,3.847073970031275e-05,0.00014305634340851855,3.847073970031275e-05,3.735308408016718e-07,3.847073970031275e-05,3.847073970031275e-05
FN1→NT5E,1.4631695251489288e-06,1.4631695251489288e-06,0.0,0.0,0.0,0.0,0.0,1.4631695251489288e-06,0.0,0.0
FN1→PLAUR,5.172877186680477e-06,5.172877186680477e-06,0.0,0.0,0.0,0.0,0.0,5.172877186680477e-06,0.0,0.0
FN1→ROBO4,0.0,0.0,0.0,0.0,0.0,0.0,0.0,0.0,0.0,0.0
FN1→SDC1,0.0,0.0,0.0,0.0,0.0,0.0,0.0,0.0,0.0,0.0
FN1→SDC2,1.7520275514543076e-07,1.7520275514543076e-07,0.0,0.0,0.0,0.001466912920730176,0.0,1.7520275514543076e-07,0.0,0.0
FN1→TNFRSF11B,6.89119105632215e-08,6.89119105632215e-08,4.144531745333693e-05,4.144531745333693e-05,4.144531745333693e-05,0.0,4.144531745333693e-05,6.89119105632215e-08,4.144531745333693e-05,4.144531745333693e-05
FN1→TSHR,0.0,0.0,0.0,0.0,0.0,0.0,0.0,0.0,0.0,0.0
FNDC5→ITGAV,0.0,0.0,0.0,0.0,0.0,0.0,0.0,0.0,0.0,0.0
FNDC5→ITGB5,2.802838882443199e-08,2.802838882443199e-08,0.0,0.0,0.0,0.0,0.0,2.802838882443199e-08,0.0,0.0
FRS3→FGFR1,0.0,0.0,0.0,0.0,0.0,0.0,0.0,0.0,0.0,0.0
FSHB→ADCYAP1R1,0.0,0.0,0.0,0.0,0.0,0.0,0.0,0.0,0.0,0.0
FSHB→ADRB2,0.0004751500846359177,0.0004751500846359177,0.0,0.0,0.0,0.0,0.0,0.0004751500846359177,0.0,0.0
FSHB→ADRB3,0.0,0.0,0.0,0.0,0.0,0.0,0.0,0.0,0.0,0.0
FSHB→FSHR,0.0,0.0,0.0,0.0,0.0,0.0,0.0,0.0,0.0,0.0
FSHB→GPR20,0.0,0.0,0.0,0.0,0.0,0.0,0.0,0.0,0.0,0.0
FSHB→GPR84,0.0,0.0,0.0,0.0,0.0,0.0,0.0,0.0,0.0,0.0
FSHB→PTH1R,0.0,0.0,0.0,0.0,0.0,0.0,0.0,0.0,0.0,0.0
FSHB→RAMP2,0.0,0.0,0.0,0.0,0.0,0.0,0.0,0.0,0.0,0.0
FSHB→RAMP3,1.3474833777117825e-07,1.3474833777117825e-07,0.0,0.0,0.0,0.0,0.0,1.3474833777117825e-07,0.0,0.0
FSHB→TSHR,0.0,0.0,0.0,0.0,0.0,0.0,0.0,0.0,0.0,0.0
FSHB→VIPR1,0.0,0.0,0.0,0.0,0.0,0.0,0.0,0.0,0.0,0.0
FSTL1→DIP2A,4.224744072311346e-08,4.224744072311346e-08,0.0,0.0,0.0,0.0,0.0,4.224744072311346e-08,0.0,0.0
FSTL5→CEACAM19,4.419025692971855e-06,4.419025692971855e-06,0.0,0.0,0.0,0.0,0.0,4.419025692971855e-06,0.0,0.0
FSTL5→CHL1,1.6038415953411523e-06,1.6038415953411523e-06,0.0,0.0,0.0,0.0,0.0,1.6038415953411523e-06,0.0,0.0
FSTL5→CNTN5,1.5051227616507334e-06,1.5051227616507334e-06,0.0,0.0,0.0,0.0,0.0,1.5051227616507334e-06,0.0,0.0
FSTL5→GP6,1.966963296916511e-06,1.966963296916511e-06,0.0,0.0,0.0,0.0,0.0,1.966963296916511e-06,0.0,0.0
FSTL5→IL6R,1.8041064281044297e-06,1.8041064281044297e-06,0.0,0.0,0.0,0.0,0.0,1.8041064281044297e-06,0.0,0.0
FSTL5→LILRA1,0.0,0.0,0.0,0.0,0.0,0.0,0.0,0.0,0.0,0.0
FSTL5→LILRB2,0.0,0.0,0.0,0.0,0.0,0.0,0.0,0.0,0.0,0.0
FSTL5→SDK2,0.0,0.0,0.0,0.0,0.0,0.0,0.0,0.0,0.0,0.0
FSTL5→SIGLEC6,4.544495405986508e-06,4.544495405986508e-06,0.0,0.0,0.0,0.0,0.0,4.544495405986508e-06,0.0,0.0
FST→BMPR1B,3.448986367517876e-07,3.448986367517876e-07,0.0,0.0,0.0,0.0,0.0,3.448986367517876e-07,0.0,0.0
FST→BMPR2,7.87635542729875e-08,7.87635542729875e-08,0.0,0.0,0.0,0.0,0.0,7.87635542729875e-08,0.0,0.0
FST→HJV,0.0,0.0,0.0,0.0,0.0,0.0,0.0,0.0,0.0,0.0
GAD1→GRM4,2.460548923567252e-07,2.460548923567252e-07,0.0,0.0,0.0,0.0,0.0,2.460548923567252e-07,0.0,0.0
GALP→GALR1,0.0,0.0,0.0,0.0,0.0,0.0,0.0,0.0,0.0,0.0
GALP→GALR2,0.0,0.0,0.0,0.0,0.0,0.0,0.0,0.0,0.0,0.0
GALP→GALR3,0.0,0.0,0.0,0.0,0.0,0.0,0.0,0.0,0.0,0.0
GAL→ADRA2A,1.9378532512945813e-07,1.9378532512945813e-07,0.0,0.0,0.0,0.0,0.0,1.9378532512945813e-07,0.0,0.0
GAL→GALR1,4.6411527075238334e-08,4.6411527075238334e-08,0.0,0.0,0.0,0.0,0.0,4.6411527075238334e-08,0.0,0.0
GAL→GALR2,1.1717728118154799e-07,1.1717728118154799e-07,0.00011997713358668718,0.00011997713358668718,0.00011997713358668718,0.0004549209038858586,0.00011997713358668718,1.1717728118154799e-07,0.00011997713358668718,0.00011997713358668718
GAL→GALR3,2.062841553223308e-06,2.062841553223308e-06,0.0,0.0,0.0,0.0,0.0,2.062841553223308e-06,0.0,0.0
GAL→GPR151,0.0,0.0,0.0,0.0,0.0,0.0,0.0,0.0,0.0,0.0
GAL→GRM7,1.6414869828227178e-08,1.6414869828227178e-08,0.0,0.0,0.0,0.0,0.0,1.6414869828227178e-08,0.0,0.0
GAL→HLA-DPA1,2.733414030840125e-06,2.733414030840125e-06,0.0,0.0,0.0,0.0,0.0,2.733414030840125e-06,0.0,0.0
GAL→MTNR1A,0.0,0.0,0.0,0.0,0.0,0.0,0.0,0.0,0.0,0.0
GAS6→AXL,5.627943270762157e-07,5.627943270762157e-07,0.00018427077821283786,0.00018427077821283786,0.00018427077821283786,0.0,0.00018427077821283786,5.627943270762157e-07,0.00018427077821283786,0.00018427077821283786
GAS6→MERTK,1.957905246656636e-07,1.957905246656636e-07,0.0,0.0,0.0,0.0,0.0,1.957905246656636e-07,0.0,0.0
GAS6→TYRO3,0.0,0.0,0.0,0.0,0.0,6.385808741259201e-05,0.0,0.0,0.0,0.0
GAST→CCKBR,0.0005420908792692226,0.0005420908792692226,0.0,0.0,0.0,0.0,0.0,0.0005420908792692226,0.0,0.0
GAST→GPR152,0.0014627013675045165,0.0014627013675045165,0.0,0.0,0.0,0.0,0.0,0.0014627013675045165,0.0,0.0
GAST→KIR2DL3,0.0,0.0,0.0,0.0,0.0,0.0,0.0,0.0,0.0,0.0
GCG→ADCYAP1R1,9.05688242367603e-09,9.05688242367603e-09,0.0,0.0,0.0,0.0,0.0,9.05688242367603e-09,0.0,0.0
GCG→ADRB2,0.0,0.0,0.0,0.0,0.0,0.0,0.0,0.0,0.0,0.0
GCG→ADRB3,0.0,0.0,0.0,0.0,0.0,0.0,0.0,0.0,0.0,0.0
GCG→DPP4,0.0,0.0,0.0,0.0,0.0,0.0,0.0,0.0,0.0,0.0
GCG→FAP,0.0,0.0,0.0,0.0,0.0,0.0,0.0,0.0,0.0,0.0
GCG→GCGR,0.0,0.0,0.0,0.0,0.0,0.0,0.0,0.0,0.0,0.0
GCG→GIPR,1.167797723530097e-05,1.167797723530097e-05,0.0,0.0,0.0,0.0,0.0,1.167797723530097e-05,0.0,0.0
GCG→GLP1R,0.0,0.0,0.0,0.0,0.0,0.0,0.0,0.0,0.0,0.0
GCG→GLP2R,4.6943171451014186e-07,4.6943171451014186e-07,0.0,0.0,0.0,0.0,0.0,4.6943171451014186e-07,0.0,0.0
GCG→GPR20,3.6417966290845584e-06,3.6417966290845584e-06,0.0,0.0,0.0,0.0,0.0,3.6417966290845584e-06,0.0,0.0
GCG→GPR84,0.0,0.0,0.0,0.0,0.0,0.0,0.0,0.0,0.0,0.0
GCG→PTH1R,0.0,0.0,0.0,0.0,0.0,0.0,0.0,0.0,0.0,0.0
GCG→RAMP2,5.3171386265392546e-08,5.3171386265392546e-08,0.0,0.0,0.0,0.0,0.0,5.3171386265392546e-08,0.0,0.0
GCG→RAMP3,0.0,0.0,0.0,0.0,0.0,0.0,0.0,0.0,0.0,0.0
GCG→TSHR,0.0,0.0,0.0,0.0,0.0,0.0,0.0,0.0,0.0,0.0
GCG→VIPR1,0.0,0.0,0.0,0.0,0.0,0.0,0.0,0.0,0.0,0.0
GC→LRP2,0.0,0.0,0.0,0.0,0.0,0.0,0.0,0.0,0.0,0.0
GDF10→BMPR2,0.0,0.0,0.0,0.0,0.0,0.0,0.0,0.0,0.0,0.0
GDF11→ACTR2,0.0,0.0,0.0,0.0,0.0,0.0,0.0,0.0,0.0,0.0
GDF11→ACVR1C,0.0,0.0,0.0,0.0,0.0,0.0,0.0,0.0,0.0,0.0
GDF11→ANTXR1,2.4616565681132225e-07,2.4616565681132225e-07,0.0,0.0,0.0,0.0,0.0,2.4616565681132225e-07,0.0,0.0
GDF11→BMPR1A,0.0,0.0,0.0,0.0,0.0,0.0,0.0,0.0,0.0,0.0
GDF11→BMPR1B,2.6096069994501743e-06,2.6096069994501743e-06,0.0,0.0,0.0,0.0,0.0,2.6096069994501743e-06,0.0,0.0
GDF11→BMPR2,0.0,0.0,0.0,0.0,0.0,0.0,0.0,0.0,0.0,0.0
GDF15→GFRAL,0.0,0.0,0.0,0.0,0.0,0.0,0.0,0.0,0.0,0.0
GDF15→RET,5.838273660296228e-07,5.838273660296228e-07,0.0,0.0,0.0,0.0016829064841474154,0.0,5.838273660296228e-07,0.0,0.0
GDF15→TGFBR2,0.0,0.0,0.0,0.0,0.0,0.0,0.0,0.0,0.0,0.0
GDF1→ACTR2,0.0,0.0,0.0,0.0,0.0,0.0,0.0,0.0,0.0,0.0
GDF1→ACVR1,0.0,0.0,0.0,0.0,0.0,0.0,0.0,0.0,0.0,0.0
GDF1→BMPR1A,0.0,0.0,0.0,0.0,0.0,0.0,0.0,0.0,0.0,0.0
GDF1→BMPR2,0.0,0.0,0.0,0.0,0.0,0.0,0.0,0.0,0.0,0.0
GDF1→HTR4,0.0,0.0,0.0,0.0,0.0,0.0,0.0,0.0,0.0,0.0
GDF2→ACVR1,0.0,0.0,0.0,0.0,0.0,0.0,0.0,0.0,0.0,0.0
GDF2→ENG,1.2026479007100416e-07,1.2026479007100416e-07,0.0,0.0,0.0,0.0,0.0,1.2026479007100416e-07,0.0,0.0
GDF5→ACVR1,0.0,0.0,9.942782851504636e-05,9.942782851504636e-05,9.942782851504636e-05,0.0,9.942782851504636e-05,0.0,9.942782851504636e-05,9.942782851504636e-05
GDF5→ROR2,8.234127305869431e-08,8.234127305869431e-08,0.0007061615316123983,0.0007061615316123983,0.0007061615316123983,0.0,0.0007061615316123983,8.234127305869431e-08,0.0007061615316123983,0.0007061615316123983
GDF9→ACVR2A,3.118210580137728e-07,3.118210580137728e-07,0.0,0.0,0.0,0.0006215756297780139,0.0,3.118210580137728e-07,0.0,0.0
GDF9→BMPR1A,1.4932399420539024e-07,1.4932399420539024e-07,0.0,0.0,0.0,0.0,0.0,1.4932399420539024e-07,0.0,0.0
GDF9→BMPR1B,5.887586796137032e-07,5.887586796137032e-07,0.0,0.0,0.0,0.0,0.0,5.887586796137032e-07,0.0,0.0
GDF9→FXYD6,0.0,0.0,0.0,0.0,0.0,0.0,0.0,0.0,0.0,0.0
GDF9→ORAI2,3.3491055762789234e-06,3.3491055762789234e-06,0.0,0.0,0.0,0.0,0.0,3.3491055762789234e-06,0.0,0.0
GDNF→EDNRB,5.8006530309575245e-06,5.8006530309575245e-06,0.00036160291543321533,0.00036160291543321533,0.00036160291543321533,0.0005079867429394388,0.00036160291543321533,5.8006530309575245e-06,0.00036160291543321533,0.00036160291543321533
GDNF→GFRA3,1.5576246522518108e-06,1.5576246522518108e-06,0.0,0.0,0.0,0.0,0.0,1.5576246522518108e-06,0.0,0.0
GH1→EPOR,4.395268598212148e-08,4.395268598212148e-08,0.0,0.0,0.0,0.0,0.0,4.395268598212148e-08,0.0,0.0
GH1→GHR,2.557765471623415e-07,2.557765471623415e-07,0.0,0.0,0.0,0.0,0.0,2.557765471623415e-07,0.0,0.0
GH1→PRLR,3.113255717903857e-05,3.113255717903857e-05,0.0,0.0,0.0,0.0,0.0,3.113255717903857e-05,0.0,0.0
GH2→GHR,3.448486932342533e-07,3.448486932342533e-07,0.0,0.0,0.0,0.0,0.0,3.448486932342533e-07,0.0,0.0
GHRH→ADCYAP1R1,1.0581924969771329e-07,1.0581924969771329e-07,0.0,0.0,0.0,0.0,0.0,1.0581924969771329e-07,0.0,0.0
GHRH→ADRB2,5.535270894724354e-07,5.535270894724354e-07,0.0,0.0,0.0,0.0,0.0,5.535270894724354e-07,0.0,0.0
GHRH→ADRB3,0.0,0.0,0.0,0.0,0.0,0.0,0.0,0.0,0.0,0.0
GHRH→DPP4,0.0,0.0,0.0,0.0,0.0,0.0,0.0,0.0,0.0,0.0
GHRH→GHRHR,0.0,0.0,0.0,0.0,0.0,0.0,0.0,0.0,0.0,0.0
GHRH→GHSR,0.0,0.0,0.0,0.0,0.0,0.0,0.0,0.0,0.0,0.0
GHRH→GPR20,1.6405926240652289e-06,1.6405926240652289e-06,0.0,0.0,0.0,0.0,0.0,1.6405926240652289e-06,0.0,0.0
GHRH→GPR84,0.0010309393257847512,0.0010309393257847512,0.0,0.0,0.0,0.0,0.0,0.0010309393257847512,0.0,0.0
GHRH→PTH1R,0.0,0.0,0.0,0.0,0.0,0.0,0.0,0.0,0.0,0.0
GHRH→RAMP2,2.55818558480386e-06,2.55818558480386e-06,7.661892915443184e-05,7.661892915443184e-05,7.661892915443184e-05,0.0,7.661892915443184e-05,2.55818558480386e-06,7.661892915443184e-05,7.661892915443184e-05
GHRH→RAMP3,3.2149383377396025e-06,3.2149383377396025e-06,0.0,0.0,0.0,0.0,0.0,3.2149383377396025e-06,0.0,0.0
GHRH→TSHR,0.0015037428785753073,0.0015037428785753073,0.0,0.0,0.0,0.0,0.0,0.0015037428785753073,0.0,0.0
GHRH→VIPR1,2.692743330350783e-06,2.692743330350783e-06,0.0,0.0,0.0,0.0,0.0,2.692743330350783e-06,0.0,0.0
GHRH→VIPR2,1.5233580081059846e-06,1.5233580081059846e-06,0.0,0.0,0.0,0.0,0.0,1.5233580081059846e-06,0.0,0.0
GHRL→GHRHR,4.211198015121003e-06,4.211198015121003e-06,0.0,0.0,0.0,0.0,0.0,4.211198015121003e-06,0.0,0.0
GHRL→GHSR,8.543848894555919e-07,8.543848894555919e-07,0.0,0.0,0.0,0.0,0.0,8.543848894555919e-07,0.0,0.0
GHRL→GPR39,2.2070346121375014e-06,2.2070346121375014e-06,0.0,0.0,0.0,4.1443320019293484e-05,0.0,2.2070346121375014e-06,0.0,0.0
GHRL→MLNR,8.158237074973795e-07,8.158237074973795e-07,0.0,0.0,0.0,0.0,0.0,8.158237074973795e-07,0.0,0.0
GHRL→PTGER3,1.665574238649095e-06,1.665574238649095e-06,0.0,0.0,0.0,0.0,0.0,1.665574238649095e-06,0.0,0.0
GHRL→PTGIR,4.0467685840153325e-06,4.0467685840153325e-06,0.0,0.0,0.0,0.0,0.0,4.0467685840153325e-06,0.0,0.0
GHRL→TBXA2R,2.542779860551242e-09,2.542779860551242e-09,0.0,0.0,0.0,0.0,0.0,2.542779860551242e-09,0.0,0.0
GIP→ADCYAP1R1,0.0,0.0,0.0,0.0,0.0,0.0,0.0,0.0,0.0,0.0
GIP→ADRB2,0.0,0.0,0.0,0.0,0.0,0.0,0.0,0.0,0.0,0.0
GIP→ADRB3,0.0,0.0,0.0,0.0,0.0,0.0,0.0,0.0,0.0,0.0
GIP→DPP4,2.2276952778169747e-05,2.2276952778169747e-05,0.0,0.0,0.0,0.0,0.0,2.2276952778169747e-05,0.0,0.0
GIP→FAP,0.0,0.0,0.0,0.0,0.0,0.0,0.0,0.0,0.0,0.0
GIP→GIPR,5.8945171804472626e-08,5.8945171804472626e-08,0.0,0.0,0.0,0.0,0.0,5.8945171804472626e-08,0.0,0.0
GIP→GPR20,0.0,0.0,0.0,0.0,0.0,0.0,0.0,0.0,0.0,0.0
GIP→GPR84,0.0,0.0,0.0,0.0,0.0,0.0,0.0,0.0,0.0,0.0
GIP→INSR,1.90970481818785e-05,1.90970481818785e-05,0.0,0.0,0.0,0.0,0.0,1.90970481818785e-05,0.0,0.0
GIP→PTH1R,1.563594084320333e-06,1.563594084320333e-06,0.0,0.0,0.0,0.0,0.0,1.563594084320333e-06,0.0,0.0
GIP→RAMP2,0.0,0.0,0.0,0.0,0.0,0.0,0.0,0.0,0.0,0.0
GIP→RAMP3,5.597603832932468e-07,5.597603832932468e-07,0.0,0.0,0.0,0.0,0.0,5.597603832932468e-07,0.0,0.0
GIP→TSHR,2.5181795062951592e-08,2.5181795062951592e-08,0.0,0.0,0.0,0.0,0.0,2.5181795062951592e-08,0.0,0.0
GIP→VIPR1,0.0,0.0,0.0,0.0,0.0,0.0,0.0,0.0,0.0,0.0
GNAI2→ADCY1,2.3457766250088008e-07,2.3457766250088008e-07,0.0,0.0,0.0,0.0,0.0,2.3457766250088008e-07,0.0,0.0
GNAI2→ADCY7,0.0,0.0,0.0,0.0,0.0,0.0,0.0,0.0,0.0,0.0
GNAI2→ADCY8,3.068548809413029e-05,3.068548809413029e-05,0.0,0.0,0.0,0.0,0.0,3.068548809413029e-05,0.0,0.0
GNAI2→ADCY9,2.4051880211692457e-05,2.4051880211692457e-05,0.0,0.0,0.0,0.0014662246382710917,0.0,2.4051880211692457e-05,0.0,0.0
GNAI2→ADORA1,0.0,0.0,0.0,0.0,0.0,0.00013429579215248254,0.0,0.0,0.0,0.0
GNAI2→ADRA2A,0.0,0.0,0.0,0.0,0.0,0.0,0.0,0.0,0.0,0.0
GNAI2→ADRA2B,2.6947956459922706e-07,2.6947956459922706e-07,0.0,0.0,0.0,0.00040045138607915174,0.0,2.6947956459922706e-07,0.0,0.0
GNAI2→AGTR2,0.0,0.0,0.0,0.0,0.0,0.0,0.0,0.0,0.0,0.0
GNAI2→C5AR1,9.150086413528431e-06,9.150086413528431e-06,0.0,0.0,0.0,0.0,0.0,9.150086413528431e-06,0.0,0.0
GNAI2→CAV1,0.0,0.0,0.0,0.0,0.0,0.0,0.0,0.0,0.0,0.0
GNAI2→CCR5,3.783809655731711e-07,3.783809655731711e-07,0.0,0.0,0.0,0.0,0.0,3.783809655731711e-07,0.0,0.0
GNAI2→CHRM1,2.1767457297571219e-07,2.1767457297571219e-07,0.0,0.0,0.0,0.0,0.0,2.1767457297571219e-07,0.0,0.0
GNAI2→CNR1,1.0738224088578285e-07,1.0738224088578285e-07,0.0,0.0,0.0,0.0,0.0,1.0738224088578285e-07,0.0,0.0
GNAI2→CXCR1,4.0518724404343114e-07,4.0518724404343114e-07,0.0,0.0,0.0,0.0,0.0,4.0518724404343114e-07,0.0,0.0
GNAI2→CXCR2,1.809907193238362e-08,1.809907193238362e-08,0.00016817647380842083,0.00016817647380842083,0.00016817647380842083,0.0,0.00016817647380842083,1.809907193238362e-08,0.00016817647380842083,0.00016817647380842083
GNAI2→CXCR3,6.669000017477695e-07,6.669000017477695e-07,0.0,0.0,0.0,0.0,0.0,6.669000017477695e-07,0.0,0.0
GNAI2→DRD2,1.1926665130998853e-06,1.1926665130998853e-06,0.0,0.0,0.0,0.0,0.0,1.1926665130998853e-06,0.0,0.0
GNAI2→EDNRA,2.2503067330867316e-05,2.2503067330867316e-05,0.0,0.0,0.0,0.0,0.0,2.2503067330867316e-05,0.0,0.0
GNAI2→EDNRB,0.0,0.0,0.0,0.0,0.0,0.0,0.0,0.0,0.0,0.0
GNAI2→EGFR,4.926570795924964e-07,4.926570795924964e-07,0.0,0.0,0.0,0.0,0.0,4.926570795924964e-07,0.0,0.0
GNAI2→F2R,1.1254816716087664e-06,1.1254816716087664e-06,0.0,0.0,0.0,0.0,0.0,1.1254816716087664e-06,0.0,0.0
GNAI2→FPR1,4.746633873066348e-07,4.746633873066348e-07,0.0,0.0,0.0,0.0,0.0,4.746633873066348e-07,0.0,0.0
GNAI2→IGF1R,8.491051609065627e-06,8.491051609065627e-06,0.0,0.0,0.0,0.0,0.0,8.491051609065627e-06,0.0,0.0
GNAI2→LHCGR,0.0,0.0,0.0,0.0,0.0,0.0,0.0,0.0,0.0,0.0
GNAI2→LPAR3,0.0,0.0,0.0,0.0,0.0,0.0,0.0,0.0,0.0,0.0
GNAI2→MTNR1A,2.973063528348787e-05,2.973063528348787e-05,0.0,0.0,0.0,0.0,0.0,2.973063528348787e-05,0.0,0.0
GNAI2→MTNR1B,1.6832035649133403e-05,1.6832035649133403e-05,0.0,0.0,0.0,0.0,0.0,1.6832035649133403e-05,0.0,0.0
GNAI2→OPRD1,6.272717878030016e-05,6.272717878030016e-05,6.754245016265376e-05,6.754245016265376e-05,6.754245016265376e-05,0.0,6.754245016265376e-05,6.272717878030016e-05,6.754245016265376e-05,6.754245016265376e-05
GNAI2→OPRM1,1.592867427330087e-05,1.592867427330087e-05,0.0,0.0,0.0,0.0,0.0,1.592867427330087e-05,0.0,0.0
GNAI2→P2RY12,2.885282812211948e-07,2.885282812211948e-07,0.0,0.0,0.0,0.0,0.0,2.885282812211948e-07,0.0,0.0
GNAI2→PTPRU,3.5528884707070565e-07,3.5528884707070565e-07,1.8869060612010763e-05,1.8869060612010763e-05,1.8869060612010763e-05,0.0,1.8869060612010763e-05,3.5528884707070565e-07,1.8869060612010763e-05,1.8869060612010763e-05
GNAI2→S1PR1,5.343236625455342e-06,5.343236625455342e-06,0.0,0.0,0.0,0.0,0.0,5.343236625455342e-06,0.0,0.0
GNAI2→S1PR3,4.418711798761133e-06,4.418711798761133e-06,0.0,0.0,0.0,0.0,0.0,4.418711798761133e-06,0.0,0.0
GNAI2→S1PR4,0.0,0.0,0.0,0.0,0.0,0.0,0.0,0.0,0.0,0.0
GNAI2→S1PR5,0.0,0.0,0.0,0.0,0.0,0.008028356406704944,0.0,0.0,0.0,0.0
GNAI2→TBXA2R,2.6898476765619198e-05,2.6898476765619198e-05,0.0,0.0,0.0,0.0,0.0,2.6898476765619198e-05,0.0,0.0
GNAI2→TSHR,6.51722797511327e-07,6.51722797511327e-07,0.0,0.0,0.0,0.0,0.0,6.51722797511327e-07,0.0,0.0
GNAI2→UNC5B,0.0,0.0,0.0,0.0,0.0,0.0,0.0,0.0,0.0,0.0
GNAS→ADCY1,0.0,0.0,0.0,0.0,0.0,0.002460606021893488,0.0,0.0,0.0,0.0
GNAS→ADCY7,3.760874690814871e-05,3.760874690814871e-05,0.0,0.0,0.0,0.00025829899085785156,0.0,3.760874690814871e-05,0.0,0.0
GNAS→ADCY8,1.134431578342946e-06,1.134431578342946e-06,0.0,0.0,0.0,0.0,0.0,1.134431578342946e-06,0.0,0.0
GNAS→ADCY9,1.1076791692624068e-07,1.1076791692624068e-07,0.0,0.0,0.0,0.00047198907683512347,0.0,1.1076791692624068e-07,0.0,0.0
GNAS→ADORA1,6.639498081145483e-07,6.639498081145483e-07,0.0,0.0,0.0,0.0,0.0,6.639498081145483e-07,0.0,0.0
GNAS→ADRB2,2.4940240689539804e-08,2.4940240689539804e-08,0.0,0.0,0.0,0.0,0.0,2.4940240689539804e-08,0.0,0.0
GNAS→ADRB3,2.8745844668963526e-07,2.8745844668963526e-07,0.0,0.0,0.0,0.0,0.0,2.8745844668963526e-07,0.0,0.0
GNAS→AVPR2,2.757320362295239e-08,2.757320362295239e-08,0.0,0.0,0.0,0.0,0.0,2.757320362295239e-08,0.0,0.0
GNAS→CRHR1,5.361679607699615e-07,5.361679607699615e-07,0.0,0.0,0.0,0.0013956553722127337,0.0,5.361679607699615e-07,0.0,0.0
GNAS→GCGR,3.8070132744167814e-07,3.8070132744167814e-07,6.382780584132977e-05,6.382780584132977e-05,6.382780584132977e-05,0.0,6.382780584132977e-05,3.8070132744167814e-07,6.382780584132977e-05,6.382780584132977e-05
GNAS→GLP1R,0.0,0.0,0.0,0.0,0.0,9.968606244581392e-05,0.0,0.0,0.0,0.0
GNAS→HTR6,0.0,0.0,0.0,0.0,0.0,0.0,0.0,0.0,0.0,0.0
GNAS→LHCGR,1.350589458128805e-06,1.350589458128805e-06,0.0,0.0,0.0,0.0,0.0,1.350589458128805e-06,0.0,0.0
GNAS→PTGDR,1.4789298610579162e-06,1.4789298610579162e-06,0.0,0.0,0.0,2.0996348976304797e-05,0.0,1.4789298610579162e-06,0.0,0.0
GNAS→TSHR,0.0,0.0,0.0,0.0,0.0,0.0,0.0,0.0,0.0,0.0
GNAS→VIPR1,7.710254774766353e-06,7.710254774766353e-06,0.0,0.0,0.0,0.0,0.0,7.710254774766353e-06,0.0,0.0
GNB3→GABBR2,3.5906778879691896e-06,3.5906778879691896e-06,0.0,0.0,0.0,0.0,0.0,3.5906778879691896e-06,0.0,0.0
GNB3→TGFBR1,0.0,0.0,0.0,0.0,0.0,0.0,0.0,0.0,0.0,0.0
GNRH1→GNRHR,0.0,0.0,0.0,0.0,0.0,0.0,0.0,0.0,0.0,0.0
GNRH2→GNRHR,0.0,0.0,0.0,0.0,0.0,0.0,0.0,0.0,0.0,0.0
GPC3→CD81,1.6573716838207557e-07,1.6573716838207557e-07,1.9410857062936994e-05,1.9410857062936994e-05,1.9410857062936994e-05,0.0,1.9410857062936994e-05,1.6573716838207557e-07,1.9410857062936994e-05,1.9410857062936994e-05
GPC3→FLT1,0.0,0.0,0.0,0.0,0.0,0.0,0.0,0.0,0.0,0.0
GPC3→IGF1R,1.2258364733542626e-05,1.2258364733542626e-05,0.0,0.0,0.0,0.0008913733244306688,0.0,1.2258364733542626e-05,0.0,0.0
GPC3→LRP1,2.614077614472957e-07,2.614077614472957e-07,0.0,0.0,0.0,0.0,0.0,2.614077614472957e-07,0.0,0.0
GPC3→LRP2,2.5089013795843086e-05,2.5089013795843086e-05,0.0,0.0,0.0,0.0,0.0,2.5089013795843086e-05,0.0,0.0
GPC3→TNFRSF11B,0.0001138094110395672,0.0001138094110395672,0.0,0.0,0.0,0.0,0.0,0.0001138094110395672,0.0,0.0
GPC3→UNC5C,2.8211551353983267e-05,2.8211551353983267e-05,0.0,0.0,0.0,0.0,0.0,2.8211551353983267e-05,0.0,0.0
GPC3→UNC5D,3.2157603656109434e-07,3.2157603656109434e-07,0.0,0.0,0.0,0.0,0.0,3.2157603656109434e-07,0.0,0.0
GPC3→VSIG10L,7.907672937490397e-05,7.907672937490397e-05,0.0,0.0,0.0,0.00014102975312751986,0.0,7.907672937490397e-05,0.0,0.0
GPHA2→ADGRV1,7.881200317335101e-07,7.881200317335101e-07,0.0,0.0,0.0,0.0,0.0,7.881200317335101e-07,0.0,0.0
GPHA2→EPHA6,0.0,0.0,0.0,0.0,0.0,0.0,0.0,0.0,0.0,0.0
GPHA2→TSHR,0.0,0.0,0.0,0.0,0.0,0.0,0.0,0.0,0.0,0.0
GPHB5→TSHR,0.0,0.0,0.0,0.0,0.0,0.0,0.0,0.0,0.0,0.0
GPI→AMFR,0.0,0.0,0.0,0.0,0.0,0.0,0.0,0.0,0.0,0.0
GPI→NTRK1,8.419053739893632e-09,8.419053739893632e-09,0.0,0.0,0.0,0.0,0.0,8.419053739893632e-09,0.0,0.0
GREM1→KDR,0.0,0.0,0.0,0.0,0.0,0.0,0.0,0.0,0.0,0.0
GRN→CLEC4M,5.26031121613213e-05,5.26031121613213e-05,0.0,0.0,0.0,0.0,0.0,5.26031121613213e-05,0.0,0.0
GRN→EGFR,0.0,0.0,0.0,0.0,0.0,0.0,0.0,0.0,0.0,0.0
GRN→NTRK1,1.0167253120912838e-07,1.0167253120912838e-07,0.0,0.0,0.0,3.829189724660529e-05,0.0,1.0167253120912838e-07,0.0,0.0
GRN→SORT1,3.5900366572891714e-06,3.5900366572891714e-06,0.0,0.0,0.0,0.0,0.0,3.5900366572891714e-06,0.0,0.0
GRN→TNFRSF1A,0.0,0.0,0.0,0.0,0.0,0.0,0.0,0.0,0.0,0.0
GRN→TNFRSF1B,8.055430357408247e-06,8.055430357408247e-06,0.0,0.0,0.0,0.0,0.0,8.055430357408247e-06,0.0,0.0
GRP→BRS3,0.0,0.0,0.0,0.0,0.0,0.0,0.0,0.0,0.0,0.0
GRP→FAP,2.2650997944490385e-07,2.2650997944490385e-07,0.0,0.0,0.0,0.0,0.0,2.2650997944490385e-07,0.0,0.0
GRP→GRPR,4.015557252433357e-06,4.015557252433357e-06,0.0,0.0,0.0,0.0,0.0,4.015557252433357e-06,0.0,0.0
GRP→NMBR,4.435296366594962e-06,4.435296366594962e-06,0.0,0.0,0.0,0.0,0.0,4.435296366594962e-06,0.0,0.0
GSTM2→RYR2,4.5773276238450956e-08,4.5773276238450956e-08,0.0,0.0,0.0,0.0,0.0,4.5773276238450956e-08,0.0,0.0
GSTO1→RYR1,3.318042961777591e-08,3.318042961777591e-08,0.0,0.0,0.0,0.0,0.0,3.318042961777591e-08,0.0,0.0
GSTP1→EGFR,1.6025845421572878e-06,1.6025845421572878e-06,0.0,0.0,0.0,0.0,0.0,1.6025845421572878e-06,0.0,0.0
GSTP1→TRAF2,2.1628119651248437e-07,2.1628119651248437e-07,0.0,0.0,0.0,0.00017079892734055528,0.0,2.1628119651248437e-07,0.0,0.0
GUCA2A→GUCY2C,3.5906389140122433e-06,3.5906389140122433e-06,0.0,0.0,0.0,0.0,0.0,3.5906389140122433e-06,0.0,0.0
GUCA2B→GUCY2C,0.0,0.0,0.0,0.0,0.0,0.0,0.0,0.0,0.0,0.0
GUCA2B→GUCY2D,2.6055339454916583e-07,2.6055339454916583e-07,0.0,0.0,0.0,0.0,0.0,2.6055339454916583e-07,0.0,0.0
GZMA→F2R,4.5605785628063826e-05,4.5605785628063826e-05,8.667568982396591e-05,8.667568982396591e-05,8.667568982396591e-05,0.0,8.667568982396591e-05,4.5605785628063826e-05,8.667568982396591e-05,8.667568982396591e-05
GZMA→F2RL1,3.829602861884907e-05,3.829602861884907e-05,1.2432743738906513e-05,1.2432743738906513e-05,1.2432743738906513e-05,0.0,1.2432743738906513e-05,3.829602861884907e-05,1.2432743738906513e-05,1.2432743738906513e-05
GZMA→F2RL2,1.4929104582878978e-06,1.4929104582878978e-06,0.0,0.0,0.0,0.0,0.0,1.4929104582878978e-06,0.0,0.0
GZMA→F2RL3,1.4082870688376277e-07,1.4082870688376277e-07,0.0,0.0,0.0,0.0,0.0,1.4082870688376277e-07,0.0,0.0
GZMA→PARD3,0.0,0.0,0.0,0.0,0.0,0.00018041564169597347,0.0,0.0,0.0,0.0
GZMB→CHRM3,2.5569874892294223e-06,2.5569874892294223e-06,0.0,0.0,0.0,0.0019450841422276692,0.0,2.5569874892294223e-06,0.0,0.0
GZMB→IGF2R,7.515852066298846e-05,7.515852066298846e-05,9.288052214538177e-06,9.288052214538177e-06,9.288052214538177e-06,0.0,9.288052214538177e-06,7.515852066298846e-05,9.288052214538177e-06,9.288052214538177e-06
HAPLN1→ADGRA2,7.382573762384516e-07,7.382573762384516e-07,0.0,0.0,0.0,2.1611679390923172e-05,0.0,7.382573762384516e-07,0.0,0.0
HAPLN1→AGER,8.061512058715847e-07,8.061512058715847e-07,0.0,0.0,0.0,0.0,0.0,8.061512058715847e-07,0.0,0.0
HAPLN1→IGDCC4,5.003665174541123e-06,5.003665174541123e-06,0.0,0.0,0.0,0.0,0.0,5.003665174541123e-06,0.0,0.0
HAPLN1→IL1RL1,0.0,0.0,0.0,0.0,0.0,0.0,0.0,0.0,0.0,0.0
HAPLN1→MPIG6B,0.0,0.0,0.0,0.0,0.0,0.0,0.0,0.0,0.0,0.0
HAPLN1→PRTG,9.030444934451489e-07,9.030444934451489e-07,0.0,0.0,0.0,0.0,0.0,9.030444934451489e-07,0.0,0.0
HAPLN1→TNFRSF11B,0.0,0.0,0.0,0.0,0.0,0.0,0.0,0.0,0.0,0.0
HAPLN1→TREML2,3.266466908668088e-08,3.266466908668088e-08,0.0,0.0,0.0,0.0,0.0,3.266466908668088e-08,0.0,0.0
HAS2→CD44,1.944890035914312e-07,1.944890035914312e-07,0.0,0.0,0.0,0.0,0.0,1.944890035914312e-07,0.0,0.0
HAS2→HMMR,2.972785538800728e-06,2.972785538800728e-06,0.0,0.0,0.0,0.0,0.0,2.972785538800728e-06,0.0,0.0
HAVCR1→CD300LB,1.2740153948492235e-06,1.2740153948492235e-06,0.0,0.0,0.0,0.0,0.0,1.2740153948492235e-06,0.0,0.0
HBEGF→CD44,0.0,0.0,0.0,0.0,0.0,0.006542949349060781,0.0,0.0,0.0,0.0
HBEGF→CD82,0.0,0.0,0.0,0.0,0.0,0.0,0.0,0.0,0.0,0.0
HBEGF→CD9,4.19464719694519e-07,4.19464719694519e-07,0.0,0.0,0.0,0.0018472589367572079,0.0,4.19464719694519e-07,0.0,0.0
HBEGF→PRLR,2.332383064876889e-05,2.332383064876889e-05,0.0,0.0,0.0,9.123185777001627e-05,0.0,2.332383064876889e-05,0.0,0.0
HCRT→HCRTR1,0.0,0.0,0.0,0.0,0.0,0.0,0.0,0.0,0.0,0.0
HCRT→HCRTR2,4.856688888666856e-06,4.856688888666856e-06,0.0,0.0,0.0,0.0,0.0,4.856688888666856e-06,0.0,0.0
HCRT→NPFFR2,8.133381190230905e-06,8.133381190230905e-06,0.0,0.0,0.0,0.0,0.0,8.133381190230905e-06,0.0,0.0
HDC→HRH1,3.6956709271121135e-07,3.6956709271121135e-07,0.0,0.0,0.0,0.0,0.0,3.6956709271121135e-07,0.0,0.0
HDC→HRH2,0.0,0.0,0.0,0.0,0.0,0.0,0.0,0.0,0.0,0.0
HDC→HRH3,0.0019314207561184778,0.0019314207561184778,0.0,0.0,0.0,0.0,0.0,0.0019314207561184778,0.0,0.0
HDC→HRH4,0.0010786369444249957,0.0010786369444249957,0.0,0.0,0.0,0.0,0.0,0.0010786369444249957,0.0,0.0
HEBP1→ADRA2A,0.0,0.0,6.60750661715966e-05,6.60750661715966e-05,6.60750661715966e-05,0.0,6.60750661715966e-05,0.0,6.60750661715966e-05,6.60750661715966e-05
HEBP1→FPR3,1.2697786116299595e-05,1.2697786116299595e-05,0.0,0.0,0.0,0.0,0.0,1.2697786116299595e-05,0.0,0.0
HEBP1→GRM7,3.9551652224377526e-07,3.9551652224377526e-07,7.459230717411604e-05,7.459230717411604e-05,7.459230717411604e-05,0.0,7.459230717411604e-05,3.9551652224377526e-07,7.459230717411604e-05,7.459230717411604e-05
HEBP1→MTNR1A,8.067009981934224e-06,8.067009981934224e-06,0.0,0.0,0.0,0.0,0.0,8.067009981934224e-06,0.0,0.0
HGF→CD44,2.3439235694267162e-07,2.3439235694267162e-07,0.0,0.0,0.0,0.0,0.0,2.3439235694267162e-07,0.0,0.0
HGF→ITGB1,2.1738719273264922e-05,2.1738719273264922e-05,0.0,0.0,0.0,0.0,0.0,2.1738719273264922e-05,0.0,0.0
HGF→MET,0.0,0.0,0.0003797014810824416,0.0003797014810824416,0.0003797014810824416,0.0,0.0003797014810824416,0.0,0.0003797014810824416,0.0003797014810824416
HGF→NRP1,5.37063142593379e-08,5.37063142593379e-08,0.0,0.0,0.0,0.0,0.0,5.37063142593379e-08,0.0,0.0
HGF→SDC1,7.577340334681804e-05,7.577340334681804e-05,0.0,0.0,0.0,0.0,0.0,7.577340334681804e-05,0.0,0.0
HGF→SDC2,1.029174658477271e-07,1.029174658477271e-07,0.0,0.0,0.0,0.0,0.0,1.029174658477271e-07,0.0,0.0
HGF→ST14,4.701681650262997e-07,4.701681650262997e-07,0.0,0.0,0.0,0.0,0.0,4.701681650262997e-07,0.0,0.0
HHLA2→TMIGD2,0.0,0.0,0.0,0.0,0.0,0.0,0.0,0.0,0.0,0.0
HLA-A→APLP2,1.685335663888752e-05,1.685335663888752e-05,0.0,0.0,0.0,0.0,0.0,1.685335663888752e-05,0.0,0.0
HLA-A→CD8A,1.0734457968830108e-05,1.0734457968830108e-05,0.0,0.0,0.0,0.0,0.0,1.0734457968830108e-05,0.0,0.0
HLA-A→CD8B,1.4987228742275e-06,1.4987228742275e-06,0.0,0.0,0.0,0.0,0.0,1.4987228742275e-06,0.0,0.0
HLA-A→CD8B2,2.8947961861073544e-06,2.8947961861073544e-06,0.0,0.0,0.0,0.0,0.0,2.8947961861073544e-06,0.0,0.0
HLA-A→ERBB2,1.7630438382500705e-06,1.7630438382500705e-06,0.0,0.0,0.0,0.0002651492436137668,0.0,1.7630438382500705e-06,0.0,0.0
HLA-A→KIR2DL1,2.844878087796755e-07,2.844878087796755e-07,0.0,0.0,0.0,0.0,0.0,2.844878087796755e-07,0.0,0.0
HLA-A→KIR2DL3,1.5545915168605207e-06,1.5545915168605207e-06,0.0,0.0,0.0,0.0,0.0,1.5545915168605207e-06,0.0,0.0
HLA-A→KIR3DL1,4.794255484897721e-08,4.794255484897721e-08,0.0,0.0,0.0,0.0,0.0,4.794255484897721e-08,0.0,0.0
HLA-A→KIR3DL2,9.124172876126092e-08,9.124172876126092e-08,0.0,0.0,0.0,0.0,0.0,9.124172876126092e-08,0.0,0.0
HLA-A→LILRA1,0.0,0.0,0.0,0.0,0.0,0.0,0.0,0.0,0.0,0.0
HLA-A→LILRB1,4.3575374198500846e-08,4.3575374198500846e-08,0.0,0.0,0.0,0.0,0.0,4.3575374198500846e-08,0.0,0.0
HLA-A→LILRB2,0.0,0.0,0.0,0.0,0.0,0.0,0.0,0.0,0.0,0.0
HLA-B→CD3D,6.810899290143923e-06,6.810899290143923e-06,0.0,0.0,0.0,0.0,0.0,6.810899290143923e-06,0.0,0.0
HLA-B→CD8A,1.1348289670655815e-05,1.1348289670655815e-05,0.0,0.0,0.0,0.0,0.0,1.1348289670655815e-05,0.0,0.0
HLA-B→CD8B,3.835129915202836e-06,3.835129915202836e-06,0.0,0.0,0.0,0.0,0.0,3.835129915202836e-06,0.0,0.0
HLA-B→CD8B2,4.109829973231178e-08,4.109829973231178e-08,0.0,0.0,0.0,0.0,0.0,4.109829973231178e-08,0.0,0.0
HLA-B→KIR2DL3,4.449271188002021e-05,4.449271188002021e-05,0.0,0.0,0.0,0.0,0.0,4.449271188002021e-05,0.0,0.0
HLA-B→KIR3DL1,1.913966891244352e-06,1.913966891244352e-06,0.0,0.0,0.0,0.0,0.0,1.913966891244352e-06,0.0,0.0
HLA-B→KIR3DL2,8.557651774085775e-07,8.557651774085775e-07,0.0,0.0,0.0,0.0,0.0,8.557651774085775e-07,0.0,0.0
HLA-B→KLRD1,1.1265392332507622e-06,1.1265392332507622e-06,1.633731277482749e-05,1.633731277482749e-05,1.633731277482749e-05,0.0,1.633731277482749e-05,1.1265392332507622e-06,1.633731277482749e-05,1.633731277482749e-05
HLA-B→LILRA1,8.71011614349612e-07,8.71011614349612e-07,0.0,0.0,0.0,0.00024779614795356194,0.0,8.71011614349612e-07,0.0,0.0
HLA-B→LILRB1,6.81196165649031e-05,6.81196165649031e-05,6.279913905545729e-06,6.279913905545729e-06,6.279913905545729e-06,0.0,6.279913905545729e-06,6.81196165649031e-05,6.279913905545729e-06,6.279913905545729e-06
HLA-B→LILRB2,0.0,0.0,0.0,0.0,0.0,0.0,0.0,0.0,0.0,0.0
HLA-C→CD8A,1.2581938305368138e-05,1.2581938305368138e-05,0.0,0.0,0.0,0.0,0.0,1.2581938305368138e-05,0.0,0.0
HLA-C→CD8B,3.991210783037849e-07,3.991210783037849e-07,0.0,0.0,0.0,0.0,0.0,3.991210783037849e-07,0.0,0.0
HLA-C→CD8B2,0.0,0.0,0.0,0.0,0.0,0.0,0.0,0.0,0.0,0.0
HLA-C→KIR2DL1,2.1882555018400458e-07,2.1882555018400458e-07,0.0,0.0,0.0,0.0,0.0,2.1882555018400458e-07,0.0,0.0
HLA-C→KIR2DL3,9.17305651966302e-06,9.17305651966302e-06,0.0,0.0,0.0,0.0,0.0,9.17305651966302e-06,0.0,0.0
HLA-C→KIR2DS4,0.0,0.0,0.0,0.0,0.0,0.0,0.0,0.0,0.0,0.0
HLA-C→KIR3DL1,1.5605667372103595e-05,1.5605667372103595e-05,0.0,0.0,0.0,0.0,0.0,1.5605667372103595e-05,0.0,0.0
HLA-C→KIR3DL3,1.4017038302351157e-05,1.4017038302351157e-05,0.0,0.0,0.0,0.0,0.0,1.4017038302351157e-05,0.0,0.0
HLA-C→LILRA1,7.347160101784066e-07,7.347160101784066e-07,5.914890511273074e-05,5.914890511273074e-05,5.914890511273074e-05,0.0,5.914890511273074e-05,7.347160101784066e-07,5.914890511273074e-05,5.914890511273074e-05
HLA-C→LILRB1,1.814303269661057e-07,1.814303269661057e-07,0.0,0.0,0.0,0.0,0.0,1.814303269661057e-07,0.0,0.0
HLA-C→LILRB2,1.2109264717909738e-05,1.2109264717909738e-05,0.0,0.0,0.0,0.0,0.0,1.2109264717909738e-05,0.0,0.0
HLA-DMA→CD4,9.383973351298446e-07,9.383973351298446e-07,0.0,0.0,0.0,0.0,0.0,9.383973351298446e-07,0.0,0.0
HLA-DMB→CD4,0.0,0.0,0.0,0.0,0.0,0.0,0.0,0.0,0.0,0.0
HLA-DOB→CD4,3.3776599848994448e-06,3.3776599848994448e-06,0.0,0.0,0.0,0.0,0.0,3.3776599848994448e-06,0.0,0.0
HLA-DPA1→CD4,7.415543909440183e-08,7.415543909440183e-08,0.0,0.0,0.0,0.0,0.0,7.415543909440183e-08,0.0,0.0
HLA-DPA1→LAG3,0.0,0.0,0.0,0.0,0.0,0.0,0.0,0.0,0.0,0.0
HLA-DPB1→CD4,4.711303074567486e-06,4.711303074567486e-06,0.0,0.0,0.0,0.0,0.0,4.711303074567486e-06,0.0,0.0
HLA-DPB1→LAG3,2.125748665456332e-06,2.125748665456332e-06,0.0,0.0,0.0,0.0,0.0,2.125748665456332e-06,0.0,0.0
HLA-DQA1→CD4,0.0,0.0,1.1488307748589688e-05,1.1488307748589688e-05,1.1488307748589688e-05,0.0,1.1488307748589688e-05,0.0,1.1488307748589688e-05,1.1488307748589688e-05
HLA-DQA1→LAG3,1.778026824100393e-05,1.778026824100393e-05,0.0,0.0,0.0,0.0,0.0,1.778026824100393e-05,0.0,0.0
HLA-DQA2→CD4,0.0,0.0,0.0007761522589355107,0.0007761522589355107,0.0007761522589355107,0.0,0.0007761522589355107,0.0,0.0007761522589355107,0.0007761522589355107
HLA-DQA2→LAG3,4.299803856256863e-06,4.299803856256863e-06,2.922015011711702e-05,2.922015011711702e-05,2.922015011711702e-05,0.0,2.922015011711702e-05,4.299803856256863e-06,2.922015011711702e-05,2.922015011711702e-05
HLA-DQB1→CD4,1.6709783799474225e-09,1.6709783799474225e-09,0.0,0.0,0.0,0.0,0.0,1.6709783799474225e-09,0.0,0.0
HLA-DQB1→LAG3,7.493078900571836e-06,7.493078900571836e-06,0.0,0.0,0.0,0.0,0.0,7.493078900571836e-06,0.0,0.0
HLA-DQB2→LAG3,0.0,0.0,0.0,0.0,0.0,0.0,0.0,0.0,0.0,0.0
HLA-DRA→CD4,0.0,0.0,0.0005425071821686735,0.0005425071821686735,0.0005425071821686735,0.0,0.0005425071821686735,0.0,0.0005425071821686735,0.0005425071821686735
HLA-DRA→LAG3,9.916103887746046e-07,9.916103887746046e-07,0.0,0.0,0.0,0.0,0.0,9.916103887746046e-07,0.0,0.0
HLA-DRB1→CD4,5.677743981543108e-07,5.677743981543108e-07,0.0,0.0,0.0,0.0,0.0,5.677743981543108e-07,0.0,0.0
HLA-DRB1→LAG3,4.3168201346672865e-08,4.3168201346672865e-08,0.00046082253275148887,0.00046082253275148887,0.00046082253275148887,0.0,0.00046082253275148887,4.3168201346672865e-08,0.00046082253275148887,0.00046082253275148887
HLA-DRB5→CD4,3.2098762866770933e-06,3.2098762866770933e-06,6.297126400423239e-05,6.297126400423239e-05,6.297126400423239e-05,0.0,6.297126400423239e-05,3.2098762866770933e-06,6.297126400423239e-05,6.297126400423239e-05
HLA-DRB5→LAG3,2.1027499286427185e-06,2.1027499286427185e-06,0.0,0.0,0.0,0.0,0.0,2.1027499286427185e-06,0.0,0.0
HLA-E→CD8A,7.295137461814308e-06,7.295137461814308e-06,0.0,0.0,0.0,0.0,0.0,7.295137461814308e-06,0.0,0.0
HLA-E→CD8B,0.0,0.0,0.0,0.0,0.0,0.0,0.0,0.0,0.0,0.0
HLA-E→CD8B2,0.0,0.0,0.0,0.0,0.0,0.002100063007893513,0.0,0.0,0.0,0.0
HLA-E→KIR3DL1,1.0361044772160798e-08,1.0361044772160798e-08,0.0,0.0,0.0,0.0,0.0,1.0361044772160798e-08,0.0,0.0
HLA-E→KLRK1,1.0940076086625251e-07,1.0940076086625251e-07,0.0006323446901122851,0.0006323446901122851,0.0006323446901122851,0.0,0.0006323446901122851,1.0940076086625251e-07,0.0006323446901122851,0.0006323446901122851
HLA-F→CD8A,4.18160376306902e-06,4.18160376306902e-06,0.0,0.0,0.0,0.0,0.0,4.18160376306902e-06,0.0,0.0
HLA-F→CD8B,1.0010491024682663e-06,1.0010491024682663e-06,0.0,0.0,0.0,0.0,0.0,1.0010491024682663e-06,0.0,0.0
HLA-F→CD8B2,0.0,0.0,0.0,0.0,0.0,0.010821407899678934,0.0,0.0,0.0,0.0
HLA-F→KIR3DL1,1.2968561608813882e-08,1.2968561608813882e-08,0.0,0.0,0.0,0.0,0.0,1.2968561608813882e-08,0.0,0.0
HLA-F→KIR3DL2,0.0,0.0,0.0,0.0,0.0,0.0,0.0,0.0,0.0,0.0
HLA-F→LILRB1,3.6095271303381265e-06,3.6095271303381265e-06,0.0001346714647169775,0.0001346714647169775,0.0001346714647169775,0.0,0.0001346714647169775,3.6095271303381265e-06,0.0001346714647169775,0.0001346714647169775
HLA-F→LILRB2,0.0,0.0,0.0,0.0,0.0,0.0,0.0,0.0,0.0,0.0
HLA-G→CD4,0.0,0.0,0.0,0.0,0.0,0.0029326507013267503,0.0,0.0,0.0,0.0
HLA-G→CD8A,3.4634536359343005e-07,3.4634536359343005e-07,0.0,0.0,0.0,0.0,0.0,3.4634536359343005e-07,0.0,0.0
HLA-G→CD8B,1.229322516416649e-07,1.229322516416649e-07,0.0,0.0,0.0,0.0,0.0,1.229322516416649e-07,0.0,0.0
HLA-G→CD8B2,0.0,0.0,0.0,0.0,0.0,0.0,0.0,0.0,0.0,0.0
HLA-G→KIR2DL4,2.3144655802914284e-07,2.3144655802914284e-07,0.0,0.0,0.0,0.00027921999881231317,0.0,2.3144655802914284e-07,0.0,0.0
HLA-G→KIR3DL1,1.4929104582878976e-06,1.4929104582878976e-06,0.0,0.0,0.0,0.0,0.0,1.4929104582878976e-06,0.0,0.0
HLA-G→KLRC1,2.7255779443201067e-06,2.7255779443201067e-06,0.0,0.0,0.0,0.0,0.0,2.7255779443201067e-06,0.0,0.0
HLA-G→KLRD1,1.116762255052257e-06,1.116762255052257e-06,0.0,0.0,0.0,0.0,0.0,1.116762255052257e-06,0.0,0.0
HLA-G→LILRB1,0.0,0.0,0.0,0.0,0.0,0.0,0.0,0.0,0.0,0.0
HLA-G→LILRB2,7.728057660781089e-07,7.728057660781089e-07,0.0,0.0,0.0,0.0,0.0,7.728057660781089e-07,0.0,0.0
HMGB1→AGER,1.2225575662598762e-06,1.2225575662598762e-06,0.0,0.0,0.0,0.0027176265662316283,0.0,1.2225575662598762e-06,0.0,0.0
HMGB1→CXCR4,7.996926792459452e-06,7.996926792459452e-06,0.0,0.0,0.0,0.0,0.0,7.996926792459452e-06,0.0,0.0
HMGB1→HAVCR2,0.0,0.0,0.0,0.0,0.0,0.0,0.0,0.0,0.0,0.0
HMGB1→SDC1,1.6015418942265235e-06,1.6015418942265235e-06,0.0,0.0,0.0,0.0,0.0,1.6015418942265235e-06,0.0,0.0
HMGB1→THBD,0.0,0.0,0.0003803085225007491,0.0003803085225007491,0.0003803085225007491,0.0,0.0003803085225007491,0.0,0.0003803085225007491,0.0003803085225007491
HMGB1→TLR2,1.0527261035095777e-05,1.0527261035095777e-05,0.0,0.0,0.0,0.0018446650098000342,0.0,1.0527261035095777e-05,0.0,0.0
HMGB1→TLR4,1.4439925072783035e-07,1.4439925072783035e-07,0.0,0.0,0.0,0.0,0.0,1.4439925072783035e-07,0.0,0.0
HMGB1→TLR9,5.338572464888392e-06,5.338572464888392e-06,0.0,0.0,0.0,0.0,0.0,5.338572464888392e-06,0.0,0.0
HPX→LRP1,6.3149441476509e-06,6.3149441476509e-06,0.0,0.0,0.0,0.0,0.0,6.3149441476509e-06,0.0,0.0
HP→ASGR1,0.0,0.0,0.0,0.0,0.0,0.0,0.0,0.0,0.0,0.0
HP→ASGR2,0.0,0.0,0.0,0.0,0.0,0.0,0.0,0.0,0.0,0.0
HP→CD163,0.00015088386737571074,0.00015088386737571074,0.0,0.0,0.0,0.0,0.0,0.00015088386737571074,0.0,0.0
HP→CD22,2.220182059956842e-05,2.220182059956842e-05,0.0,0.0,0.0,0.0,0.0,2.220182059956842e-05,0.0,0.0
HP→ITGAM,8.053834556348639e-07,8.053834556348639e-07,0.0,0.0,0.0,0.0,0.0,8.053834556348639e-07,0.0,0.0
HP→ITGB2,3.2411769915189056e-06,3.2411769915189056e-06,0.0,0.0,0.0,0.0,0.0,3.2411769915189056e-06,0.0,0.0
HP→TLR4,1.444897698303253e-05,1.444897698303253e-05,0.0,0.0,0.0,0.0,0.0,1.444897698303253e-05,0.0,0.0
HRAS→AGTR1,2.1808575415872735e-07,2.1808575415872735e-07,0.0,0.0,0.0,0.0,0.0,2.1808575415872735e-07,0.0,0.0
HRAS→CAV1,1.1621241285666471e-07,1.1621241285666471e-07,0.0,0.0,0.0,0.0,0.0,1.1621241285666471e-07,0.0,0.0
HRAS→INSR,1.6942907012085867e-07,1.6942907012085867e-07,0.0001646427382414899,0.0001646427382414899,0.0001646427382414899,0.0,0.0001646427382414899,1.6942907012085867e-07,0.0001646427382414899,0.0001646427382414899
HRAS→TLR9,9.828586431785553e-07,9.828586431785553e-07,0.0,0.0,0.0,0.0,0.0,9.828586431785553e-07,0.0,0.0
HRG→ERBB2,0.0,0.0,0.0,0.0,0.0,0.0,0.0,0.0,0.0,0.0
HRG→ERBB3,2.0372312639065595e-07,2.0372312639065595e-07,0.0,0.0,0.0,0.0,0.0,2.0372312639065595e-07,0.0,0.0
HRG→FCGR1A,4.366236865188099e-08,4.366236865188099e-08,0.0,0.0,0.0,0.0,0.0,4.366236865188099e-08,0.0,0.0
HSPA1A→GRIN2D,2.0334744038112717e-06,2.0334744038112717e-06,5.512844478790362e-05,5.512844478790362e-05,5.512844478790362e-05,0.0,5.512844478790362e-05,2.0334744038112717e-06,5.512844478790362e-05,5.512844478790362e-05
HSPA1A→TLR4,0.0,0.0,0.0,0.0,0.0,0.0,0.0,0.0,0.0,0.0
HSPA4→TLR4,0.0,0.0,0.0,0.0,0.0,0.0,0.0,0.0,0.0,0.0
HSPA8→ADRB2,1.1381162836333306e-05,1.1381162836333306e-05,0.0,0.0,0.0,0.0,0.0,1.1381162836333306e-05,0.0,0.0
HSPA8→LDLR,1.8831558852888126e-06,1.8831558852888126e-06,0.0,0.0,0.0,0.012129398494191418,0.0,1.8831558852888126e-06,0.0,0.0
HSPA8→LRP2,3.8446475537592787e-07,3.8446475537592787e-07,0.0,0.0,0.0,0.0,0.0,3.8446475537592787e-07,0.0,0.0
HSPG2→DAG1,6.529159440232568e-05,6.529159440232568e-05,0.0,0.0,0.0,0.0,0.0,6.529159440232568e-05,0.0,0.0
HSPG2→FGFR1,1.786859318420687e-07,1.786859318420687e-07,0.0,0.0,0.0,0.0,0.0,1.786859318420687e-07,0.0,0.0
HSPG2→ITGA2,0.0,0.0,0.0,0.0,0.0,0.0,0.0,0.0,0.0,0.0
HSPG2→ITGB1,4.773420302672748e-05,4.773420302672748e-05,0.0,0.0,0.0,0.0,0.0,4.773420302672748e-05,0.0,0.0
HSPG2→LRP1,1.1247272499242223e-07,1.1247272499242223e-07,0.0,0.0,0.0,0.0,0.0,1.1247272499242223e-07,0.0,0.0
HSPG2→LRP2,2.0272859272696232e-06,2.0272859272696232e-06,0.00032933134498439357,0.00032933134498439357,0.00032933134498439357,0.0,0.00032933134498439357,2.0272859272696232e-06,0.00032933134498439357,0.00032933134498439357
HSPG2→PTPRS,2.03403756518787e-07,2.03403756518787e-07,0.0,0.0,0.0,0.0,0.0,2.03403756518787e-07,0.0,0.0
HSPG2→SDC1,1.6605719470481223e-07,1.6605719470481223e-07,0.0,0.0,0.0,0.0,0.0,1.6605719470481223e-07,0.0,0.0
IAPP→ADCYAP1R1,0.0,0.0,0.0,0.0,0.0,0.0,0.0,0.0,0.0,0.0
IAPP→ADRB2,1.7589904380345058e-05,1.7589904380345058e-05,0.0,0.0,0.0,0.0,0.0,1.7589904380345058e-05,0.0,0.0
IAPP→ADRB3,6.875040859955806e-05,6.875040859955806e-05,0.0,0.0,0.0,0.0,0.0,6.875040859955806e-05,0.0,0.0
IAPP→CALCR,3.8132714405656793e-07,3.8132714405656793e-07,0.0,0.0,0.0,0.0,0.0,3.8132714405656793e-07,0.0,0.0
IAPP→CALCRL,3.4507520072308934e-07,3.4507520072308934e-07,0.0,0.0,0.0,0.0,0.0,3.4507520072308934e-07,0.0,0.0
IAPP→GPR20,2.0261889505220912e-05,2.0261889505220912e-05,0.0,0.0,0.0,0.0,0.0,2.0261889505220912e-05,0.0,0.0
IAPP→GPR84,0.0010126380550980396,0.0010126380550980396,0.0,0.0,0.0,0.0,0.0,0.0010126380550980396,0.0,0.0
IAPP→PTH1R,1.4738425264515197e-06,1.4738425264515197e-06,0.0,0.0,0.0,0.0,0.0,1.4738425264515197e-06,0.0,0.0
IAPP→RAMP1,0.0,0.0,0.0,0.0,0.0,0.0,0.0,0.0,0.0,0.0
IAPP→RAMP2,5.757787553349864e-07,5.757787553349864e-07,0.0,0.0,0.0,0.0,0.0,5.757787553349864e-07,0.0,0.0
IAPP→RAMP3,0.0,0.0,0.0,0.0,0.0,0.0,0.0,0.0,0.0,0.0
IAPP→TSHR,0.0,0.0,0.0,0.0,0.0,0.0,0.0,0.0,0.0,0.0
IAPP→VIPR1,3.0780035162124535e-05,3.0780035162124535e-05,0.0,0.0,0.0,0.0,0.0,3.0780035162124535e-05,0.0,0.0
ICAM1→CAV1,0.0,0.0,0.0,0.0,0.0,0.0,0.0,0.0,0.0,0.0
ICAM1→EGFR,2.317685775377344e-06,2.317685775377344e-06,0.0,0.0,0.0,0.0,0.0,2.317685775377344e-06,0.0,0.0
ICAM1→IL2RA,5.455797077088651e-07,5.455797077088651e-07,0.0,0.0,0.0,0.0,0.0,5.455797077088651e-07,0.0,0.0
ICAM1→IL2RG,2.3585133390767743e-08,2.3585133390767743e-08,0.0,0.0,0.0,0.0,0.0,2.3585133390767743e-08,0.0,0.0
ICAM1→MUC1,3.7609543633556177e-06,3.7609543633556177e-06,0.0,0.0,0.0,0.0,0.0,3.7609543633556177e-06,0.0,0.0
ICAM1→SPN,0.0,0.0,0.0,0.0,0.0,0.0,0.0,0.0,0.0,0.0
ICAM3→CLEC4M,1.4244765760309555e-06,1.4244765760309555e-06,0.0,0.0,0.0,0.0,0.0,1.4244765760309555e-06,0.0,0.0
ICAM3→ITGAL,1.7070318624234914e-06,1.7070318624234914e-06,0.0,0.0,0.0,0.0,0.0,1.7070318624234914e-06,0.0,0.0
ICAM4→ITGA2B,0.0,0.0,2.2222991767747488e-05,2.2222991767747488e-05,2.2222991767747488e-05,0.0,2.2222991767747488e-05,0.0,2.2222991767747488e-05,2.2222991767747488e-05
ICAM4→ITGA4,0.0,0.0,0.0,0.0,0.0,0.0,0.0,0.0,0.0,0.0
ICAM4→ITGAL,0.0011044701022109471,0.0011044701022109471,0.0,0.0,0.0,0.0,0.0,0.0011044701022109471,0.0,0.0
ICAM4→ITGAM,6.497559107273169e-05,6.497559107273169e-05,0.0,0.0,0.0,0.0,0.0,6.497559107273169e-05,0.0,0.0
ICAM4→ITGAV,2.306124033566449e-06,2.306124033566449e-06,0.0,0.0,0.0,0.0,0.0,2.306124033566449e-06,0.0,0.0
ICAM4→ITGB1,0.0,0.0,0.0,0.0,0.0,0.0,0.0,0.0,0.0,0.0
ICAM4→ITGB2,1.423620947892181e-06,1.423620947892181e-06,0.0,0.0,0.0,0.0,0.0,1.423620947892181e-06,0.0,0.0
ICAM4→ITGB3,6.115946121534086e-05,6.115946121534086e-05,0.0,0.0,0.0,0.0,0.0,6.115946121534086e-05,0.0,0.0
ICAM4→RHAG,2.9513336806079315e-07,2.9513336806079315e-07,0.0,0.0,0.0,0.0,0.0,2.9513336806079315e-07,0.0,0.0
ICAM5→ITGAL,0.0,0.0,0.0,0.0,0.0,7.29944002855717e-05,0.0,0.0,0.0,0.0
ICAM5→ITGB2,2.6498280559310485e-07,2.6498280559310485e-07,0.0,0.0,0.0,0.0,0.0,2.6498280559310485e-07,0.0,0.0
ICOSLG→CD28,9.965558843839027e-09,9.965558843839027e-09,5.1572940883224946e-06,5.1572940883224946e-06,5.1572940883224946e-06,0.0,5.1572940883224946e-06,9.965558843839027e-09,5.1572940883224946e-06,5.1572940883224946e-06
ICOSLG→CTLA4,8.200459573023038e-08,8.200459573023038e-08,0.0,0.0,0.0,0.0005423941496416736,0.0,8.200459573023038e-08,0.0,0.0
ICOSLG→ICOS,3.261168570590636e-08,3.261168570590636e-08,6.295099591743961e-05,6.295099591743961e-05,6.295099591743961e-05,0.0,6.295099591743961e-05,3.261168570590636e-08,6.295099591743961e-05,6.295099591743961e-05
IFNA1→CR2,7.421500521941453e-05,7.421500521941453e-05,0.0,0.0,0.0,0.0,0.0,7.421500521941453e-05,0.0,0.0
IFNA2→CR2,1.0066878665040613e-06,1.0066878665040613e-06,0.0,0.0,0.0,0.0,0.0,1.0066878665040613e-06,0.0,0.0
IFNA8→GPR152,0.0,0.0,0.0,0.0,0.0,0.0,0.0,0.0,0.0,0.0
IFNE→ADGRV1,0.0,0.0,0.00012082123955632873,0.00012082123955632873,0.00012082123955632873,0.0,0.00012082123955632873,0.0,0.00012082123955632873,0.00012082123955632873
IFNG→MPL,3.0079525797123973e-06,3.0079525797123973e-06,0.0,0.0,0.0,0.0,0.0,3.0079525797123973e-06,0.0,0.0
IFNL4→IFNLR1,0.0,0.0,0.0,0.0,0.0,0.0,0.0,0.0,0.0,0.0
IFNL4→IL10RB,0.0,0.0,0.0,0.0,0.0,0.0,0.0,0.0,0.0,0.0
IGF1→IGF1R,7.21310085214656e-07,7.21310085214656e-07,0.0,0.0,0.0,0.0,0.0,7.21310085214656e-07,0.0,0.0
IGF1→IGF2R,3.428395136392533e-05,3.428395136392533e-05,0.0,0.0,0.0,0.0,0.0,3.428395136392533e-05,0.0,0.0
IGF1→INSR,0.0,0.0,0.0,0.0,0.0,0.0,0.0,0.0,0.0,0.0
IGFBP4→FZD8,0.0,0.0,0.0,0.0,0.0,0.0,0.0,0.0,0.0,0.0
IGFBP4→LRP6,3.87898256330269e-09,3.87898256330269e-09,0.0,0.0,0.0,0.0,0.0,3.87898256330269e-09,0.0,0.0
IGFBP7→MPIG6B,2.9600705387519394e-06,2.9600705387519394e-06,0.0,0.0,0.0,0.0,0.0,2.9600705387519394e-06,0.0,0.0
IGFBPL1→DCC,7.57440943514714e-05,7.57440943514714e-05,0.0,0.0,0.0,0.0,0.0,7.57440943514714e-05,0.0,0.0
IGFL1→IGFLR1,2.5810403594926098e-08,2.5810403594926098e-08,0.0,0.0,0.0,7.124012255598502e-05,0.0,2.5810403594926098e-08,0.0,0.0
IGFL2→IGFLR1,0.00014434780861067632,0.00014434780861067632,0.0,0.0,0.0,0.0,0.0,0.00014434780861067632,0.0,0.0
IGFL3→IGFLR1,2.4651789101261656e-06,2.4651789101261656e-06,0.0,0.0,0.0,0.0,0.0,2.4651789101261656e-06,0.0,0.0
IGSF10→CD200R1L,0.0,0.0,0.0,0.0,0.0,0.0,0.0,0.0,0.0,0.0
IGSF10→MAG,7.057053768712509e-07,7.057053768712509e-07,1.9233900162573137e-05,1.9233900162573137e-05,1.9233900162573137e-05,0.0,1.9233900162573137e-05,7.057053768712509e-07,1.9233900162573137e-05,1.9233900162573137e-05
IGSF10→MILR1,3.4105858861803963e-06,3.4105858861803963e-06,0.0,0.0,0.0,0.0,0.0,3.4105858861803963e-06,0.0,0.0
IGSF10→SLAMF9,6.999844302454484e-06,6.999844302454484e-06,3.259891628197467e-05,3.259891628197467e-05,3.259891628197467e-05,0.0,3.259891628197467e-05,6.999844302454484e-06,3.259891628197467e-05,3.259891628197467e-05
IGSF11→VSIR,0.0,0.0,3.5447868163380284e-05,3.5447868163380284e-05,3.5447868163380284e-05,0.0,3.5447868163380284e-05,0.0,3.5447868163380284e-05,3.5447868163380284e-05
IGSF1→ACVR1B,7.059882754969495e-05,7.059882754969495e-05,0.0,0.0,0.0,0.0,0.0,7.059882754969495e-05,0.0,0.0
IHH→BOC,3.042926872022573e-08,3.042926872022573e-08,0.0,0.0,0.0,0.0,0.0,3.042926872022573e-08,0.0,0.0
IHH→CDON,0.0,0.0,0.0,0.0,0.0,0.0,0.0,0.0,0.0,0.0
IHH→HHIP,0.0,0.0,0.0,0.0,0.0,0.0,0.0,0.0,0.0,0.0
IL10→CD27,1.5470957215639807e-07,1.5470957215639807e-07,0.0,0.0,0.0,0.0,0.0,1.5470957215639807e-07,0.0,0.0
IL10→CD70,3.12343382686948e-06,3.12343382686948e-06,0.0,0.0,0.0,0.0,0.0,3.12343382686948e-06,0.0,0.0
IL10→IFNLR1,6.991889282800854e-05,6.991889282800854e-05,0.0,0.0,0.0,0.0,0.0,6.991889282800854e-05,0.0,0.0
IL11→IL6R,2.68834853889932e-07,2.68834853889932e-07,0.0,0.0,0.0,0.0,0.0,2.68834853889932e-07,0.0,0.0
IL12A→CD28,1.1240166566987383e-06,1.1240166566987383e-06,1.648609790182503e-05,1.648609790182503e-05,1.648609790182503e-05,3.9656324437785686e-05,1.648609790182503e-05,1.1240166566987383e-06,1.648609790182503e-05,1.648609790182503e-05
IL12B→BOC,2.755032899493519e-06,2.755032899493519e-06,0.0,0.0,0.0,0.0,0.0,2.755032899493519e-06,0.0,0.0
IL13→IL2RG,2.5381600069914107e-05,2.5381600069914107e-05,4.202574284610574e-05,4.202574284610574e-05,4.202574284610574e-05,0.0,4.202574284610574e-05,2.5381600069914107e-05,4.202574284610574e-05,4.202574284610574e-05
IL13→TMEM219,6.48936924336872e-05,6.48936924336872e-05,0.0,0.0,0.0,0.0,0.0,6.48936924336872e-05,0.0,0.0
IL15RA→AXL,0.0,0.0,0.0,0.0,0.0,5.1681729896897515e-05,0.0,0.0,0.0,0.0
IL15→IL2RA,9.33169445963121e-08,9.33169445963121e-08,0.0,0.0,0.0,0.0,0.0,9.33169445963121e-08,0.0,0.0
IL16→CCR5,0.0,0.0,0.0,0.0,0.0,0.0,0.0,0.0,0.0,0.0
IL16→CD4,3.5813521556823023e-06,3.5813521556823023e-06,0.0,0.0,0.0,0.00037647850300477284,0.0,3.5813521556823023e-06,0.0,0.0
IL16→CD9,4.4367136781134807e-07,4.4367136781134807e-07,0.0,0.0,0.0,0.00023071498031271604,0.0,4.4367136781134807e-07,0.0,0.0
IL16→GRIN2A,3.464696940194489e-07,3.464696940194489e-07,0.0,0.0,0.0,0.0,0.0,3.464696940194489e-07,0.0,0.0
IL16→GRIN2B,7.883113496090097e-06,7.883113496090097e-06,0.0,0.0,0.0,0.0,0.0,7.883113496090097e-06,0.0,0.0
IL16→GRIN2C,1.1641988573457633e-06,1.1641988573457633e-06,2.6709330104758755e-05,2.6709330104758755e-05,2.6709330104758755e-05,0.0,2.6709330104758755e-05,1.1641988573457633e-06,2.6709330104758755e-05,2.6709330104758755e-05
IL16→GRIN2D,7.530545679605561e-06,7.530545679605561e-06,0.0,0.0,0.0,0.0,0.0,7.530545679605561e-06,0.0,0.0
IL16→KCNA3,9.739737813470453e-07,9.739737813470453e-07,0.0,0.0,0.0,0.0,0.0,9.739737813470453e-07,0.0,0.0
IL16→KCND1,0.0,0.0,0.0,0.0,0.0,0.0,0.0,0.0,0.0,0.0
IL16→KCND2,1.5045541981701228e-06,1.5045541981701228e-06,0.0,0.0,0.0,0.0,0.0,1.5045541981701228e-06,0.0,0.0
IL16→KCNJ10,2.65095973520437e-07,2.65095973520437e-07,0.0,0.0,0.0,0.0,0.0,2.65095973520437e-07,0.0,0.0
IL16→KCNJ15,0.0,0.0,0.0,0.0,0.0,0.0,0.0,0.0,0.0,0.0
IL16→KCNJ4,1.5223896437985941e-06,1.5223896437985941e-06,0.0,0.0,0.0,0.0,0.0,1.5223896437985941e-06,0.0,0.0
IL17B→IL17RB,2.315647843320422e-06,2.315647843320422e-06,0.0005526570815864957,0.0005526570815864957,0.0005526570815864957,0.0,0.0005526570815864957,2.315647843320422e-06,0.0005526570815864957,0.0005526570815864957
IL18→IL18BP,2.9298566611309398e-06,2.9298566611309398e-06,0.0,0.0,0.0,0.0,0.0,2.9298566611309398e-06,0.0,0.0
IL18→IL1RAPL1,6.086917687119976e-06,6.086917687119976e-06,0.0,0.0,0.0,0.0,0.0,6.086917687119976e-06,0.0,0.0
IL18→IL1RL2,0.0,0.0,0.0,0.0,0.0,0.0004511449301874867,0.0,0.0,0.0,0.0
IL1B→ADRB2,0.0,0.0,0.0,0.0,0.0,0.0,0.0,0.0,0.0,0.0
IL1B→SIGIRR,1.7980907294759843e-08,1.7980907294759843e-08,0.0,0.0,0.0,0.0004025821777247694,0.0,1.7980907294759843e-08,0.0,0.0
IL1F10→IL1R1,0.0,0.0,0.0,0.0,0.0,0.0,0.0,0.0,0.0,0.0
IL1F10→IL1RAPL1,0.0,0.0,0.0,0.0,0.0,0.0,0.0,0.0,0.0,0.0
IL1F10→IL1RAPL2,0.0,0.0,0.0,0.0,0.0,0.0,0.0,0.0,0.0,0.0
IL1F10→SIGIRR,0.0,0.0,0.0,0.0,0.0,0.0,0.0,0.0,0.0,0.0
IL1RAPL1→PTPRD,1.593402407954036e-07,1.593402407954036e-07,0.0,0.0,0.0,0.0,0.0,1.593402407954036e-07,0.0,0.0
IL1RAPL1→PTPRF,2.4759468739037142e-05,2.4759468739037142e-05,0.0,0.0,0.0,0.0,0.0,2.4759468739037142e-05,0.0,0.0
IL1RAPL1→PTPRS,4.427567803752712e-05,4.427567803752712e-05,0.0,0.0,0.0,0.0,0.0,4.427567803752712e-05,0.0,0.0
IL1RN→IL1RL2,0.0,0.0,0.0,0.0,0.0,0.0004892167754587717,0.0,0.0,0.0,0.0
IL21→IL4R,1.081336936193645e-05,1.081336936193645e-05,0.0,0.0,0.0,0.0,0.0,1.081336936193645e-05,0.0,0.0
IL22→IL10RA,0.0,0.0,0.0,0.0,0.0,0.0,0.0,0.0,0.0,0.0
IL22→IL20RA,0.0,0.0,0.0,0.0,0.0,0.0,0.0,0.0,0.0,0.0
IL22→IL21R,0.0,0.0,0.0,0.0,0.0,0.0,0.0,0.0,0.0,0.0
IL22→IL22RA2,6.6690791244861735e-06,6.6690791244861735e-06,0.0,0.0,0.0,0.0,0.0,6.6690791244861735e-06,0.0,0.0
IL23A→GP6,0.0,0.0,8.003594139523375e-05,8.003594139523375e-05,8.003594139523375e-05,0.0,8.003594139523375e-05,0.0,8.003594139523375e-05,8.003594139523375e-05
IL23A→IL12RB2,5.7995269783670816e-06,5.7995269783670816e-06,0.0,0.0,0.0,0.0,0.0,5.7995269783670816e-06,0.0,0.0
IL23A→LILRA1,2.7673954257582963e-08,2.7673954257582963e-08,0.0,0.0,0.0,0.0,0.0,2.7673954257582963e-08,0.0,0.0
IL23A→LILRB2,0.0,0.0,0.0001738982775476989,0.0001738982775476989,0.0001738982775476989,0.0,0.0001738982775476989,0.0,0.0001738982775476989,0.0001738982775476989
IL23A→SIGLEC6,0.0,0.0,0.0,0.0,0.0,0.0,0.0,0.0,0.0,0.0
IL24→IL10RB,2.161374647150065e-07,2.161374647150065e-07,4.230990731065359e-05,4.230990731065359e-05,4.230990731065359e-05,0.007761781634771323,4.230990731065359e-05,2.161374647150065e-07,4.230990731065359e-05,4.230990731065359e-05
IL24→NOTCH2,1.5782506500766866e-07,1.5782506500766866e-07,0.00013321634415384024,0.00013321634415384024,0.00013321634415384024,0.0,0.00013321634415384024,1.5782506500766866e-07,0.00013321634415384024,0.00013321634415384024
IL26→IL20RB,3.061832772797404e-06,3.061832772797404e-06,0.0,0.0,0.0,0.0,0.0,3.061832772797404e-06,0.0,0.0
IL2→CD53,1.159076071787793e-05,1.159076071787793e-05,0.0,0.0,0.0,0.0,0.0,1.159076071787793e-05,0.0,0.0
IL2→NGFR,5.1315814543669885e-05,5.1315814543669885e-05,0.0,0.0,0.0,0.0,0.0,5.1315814543669885e-05,0.0,0.0
IL32→ITGB3,2.3278576997614914e-08,2.3278576997614914e-08,0.0,0.0,0.0,0.0,0.0,2.3278576997614914e-08,0.0,0.0
IL34→PTPRZ1,2.615483806859787e-05,2.615483806859787e-05,0.0,0.0,0.0,0.0008959576975304522,0.0,2.615483806859787e-05,0.0,0.0
IL36G→IFNAR1,1.266773291012794e-07,1.266773291012794e-07,0.0,0.0,0.0,0.0,0.0,1.266773291012794e-07,0.0,0.0
IL36G→IFNAR2,1.130341805109957e-06,1.130341805109957e-06,0.0,0.0,0.0,0.0,0.0,1.130341805109957e-06,0.0,0.0
IL37→IL1RAPL1,0.0,0.0,0.0,0.0,0.0,0.0,0.0,0.0,0.0,0.0
IL3→CSF2RA,1.0257499077166701e-07,1.0257499077166701e-07,0.0,0.0,0.0,0.0,0.0,1.0257499077166701e-07,0.0,0.0
IL4→CD53,8.681806089683171e-05,8.681806089683171e-05,0.0,0.0,0.0,0.0,0.0,8.681806089683171e-05,0.0,0.0
IL4→IL21R,8.891046654534632e-05,8.891046654534632e-05,0.0,0.0,0.0,0.0,0.0,8.891046654534632e-05,0.0,0.0
IL5→CSF2RA,3.128504713870733e-06,3.128504713870733e-06,0.0,0.0,0.0,0.0,0.0,3.128504713870733e-06,0.0,0.0
IL6→F3,3.3773198786044e-05,3.3773198786044e-05,0.0,0.0,0.0,0.0,0.0,3.3773198786044e-05,0.0,0.0
IL6→FCGR3B,6.66796448361613e-07,6.66796448361613e-07,0.0,0.0,0.0,0.0,0.0,6.66796448361613e-07,0.0,0.0
IL6→HRH1,8.34972454628441e-07,8.34972454628441e-07,0.0,0.0,0.0,0.0,0.0,8.34972454628441e-07,0.0,0.0
IL6→MUSK,1.943483351374255e-06,1.943483351374255e-06,0.0,0.0,0.0,0.0,0.0,1.943483351374255e-06,0.0,0.0
IMPG2→PRLR,0.0,0.0,0.0,0.0,0.0,0.00010558480457605229,0.0,0.0,0.0,0.0
INHA→ACVR1,1.6716355540386698e-06,1.6716355540386698e-06,0.0,0.0,0.0,0.0,0.0,1.6716355540386698e-06,0.0,0.0
INHA→TGFBR3,3.112411988392217e-06,3.112411988392217e-06,0.0,0.0,0.0,0.0,0.0,3.112411988392217e-06,0.0,0.0
INHBA→ACTR2,1.06290324179165e-07,1.06290324179165e-07,0.0,0.0,0.0,0.0013423204454274897,0.0,1.06290324179165e-07,0.0,0.0
INHBA→BAMBI,8.177223537421781e-07,8.177223537421781e-07,0.0,0.0,0.0,0.0,0.0,8.177223537421781e-07,0.0,0.0
INHBA→ENG,2.0238929770077452e-07,2.0238929770077452e-07,0.0,0.0,0.0,0.0,0.0,2.0238929770077452e-07,0.0,0.0
INHBA→TGFBR3,0.0,0.0,0.0,0.0,0.0,6.248442300062188e-05,0.0,0.0,0.0,0.0
INHBB→CFC1,0.0,0.0,0.0,0.0,0.0,0.0,0.0,0.0,0.0,0.0
INHBB→CFC1B,0.0,0.0,0.0,0.0,0.0,0.0,0.0,0.0,0.0,0.0
INHBC→ACVR1,3.689201673400964e-08,3.689201673400964e-08,0.0,0.0,0.0,0.0,0.0,3.689201673400964e-08,0.0,0.0
INSL3→ADCYAP1R1,2.223057028123033e-06,2.223057028123033e-06,0.0,0.0,0.0,0.0,0.0,2.223057028123033e-06,0.0,0.0
INSL3→ADRB2,1.30410590593559e-06,1.30410590593559e-06,0.0,0.0,0.0,0.0,0.0,1.30410590593559e-06,0.0,0.0
INSL3→ADRB3,0.0,0.0,0.0,0.0,0.0,0.0,0.0,0.0,0.0,0.0
INSL3→GPR20,0.0,0.0,0.0,0.0,0.0,0.0,0.0,0.0,0.0,0.0
INSL3→GPR84,3.2150645358467664e-07,3.2150645358467664e-07,0.0,0.0,0.0,0.0,0.0,3.2150645358467664e-07,0.0,0.0
INSL3→PTH1R,8.543428735902806e-08,8.543428735902806e-08,0.0,0.0,0.0,0.0,0.0,8.543428735902806e-08,0.0,0.0
INSL3→RAMP2,1.4933991376586203e-06,1.4933991376586203e-06,0.0,0.0,0.0,0.00021599461206186382,0.0,1.4933991376586203e-06,0.0,0.0
INSL3→RAMP3,8.118253717064865e-09,8.118253717064865e-09,1.917545086631643e-05,1.917545086631643e-05,1.917545086631643e-05,0.0,1.917545086631643e-05,8.118253717064865e-09,1.917545086631643e-05,1.917545086631643e-05
INSL3→RXFP1,0.0,0.0,0.0,0.0,0.0,0.0,0.0,0.0,0.0,0.0
INSL3→RXFP2,1.4272095638645509e-08,1.4272095638645509e-08,0.0,0.0,0.0,0.0,0.0,1.4272095638645509e-08,0.0,0.0
INSL3→RXFP3,0.0,0.0,0.0,0.0,0.0,0.0,0.0,0.0,0.0,0.0
INSL3→RXFP4,1.4538858344483587e-07,1.4538858344483587e-07,0.0,0.0,0.0,0.0,0.0,1.4538858344483587e-07,0.0,0.0
INSL3→TSHR,8.989122474372345e-08,8.989122474372345e-08,0.0,0.0,0.0,0.0,0.0,8.989122474372345e-08,0.0,0.0
INSL3→VIPR1,3.1207493176897598e-06,3.1207493176897598e-06,0.0,0.0,0.0,0.0,0.0,3.1207493176897598e-06,0.0,0.0
INSL5→ADRA2A,0.0,0.0,0.0,0.0,0.0,0.0,0.0,0.0,0.0,0.0
INSL5→GRM7,0.0,0.0,0.0,0.0,0.0,0.0,0.0,0.0,0.0,0.0
INSL5→MTNR1A,0.0,0.0,0.0,0.0,0.0,0.0,0.0,0.0,0.0,0.0
INSL5→RXFP1,0.0,0.0,0.0,0.0,0.0,0.0,0.0,0.0,0.0,0.0
INSL5→RXFP2,0.0,0.0,0.0,0.0,0.0,0.0,0.0,0.0,0.0,0.0
INSL5→RXFP3,0.0,0.0,0.0,0.0,0.0,0.0,0.0,0.0,0.0,0.0
INSL5→RXFP4,0.0,0.0,0.0,0.0,0.0,0.0,0.0,0.0,0.0,0.0
INS→IGF1R,0.0,0.0,0.0,0.0,0.0,0.0,0.0,0.0,0.0,0.0
INS→INSR,0.0,0.0,0.0,0.0,0.0,0.0,0.0,0.0,0.0,0.0
INS→LILRB1,0.0,0.0,0.0,0.0,0.0,0.0,0.0,0.0,0.0,0.0
INS→LILRB2,2.790773452759006e-05,2.790773452759006e-05,0.0,0.0,0.0,0.0,0.0,2.790773452759006e-05,0.0,0.0
INS→LRP2,3.0848386666258345e-05,3.0848386666258345e-05,0.0,0.0,0.0,0.0,0.0,3.0848386666258345e-05,0.0,0.0
IRAK4→TLR4,6.37093444970229e-08,6.37093444970229e-08,0.0,0.0,0.0,0.0,0.0,6.37093444970229e-08,0.0,0.0
IRAK4→TLR6,1.6466804500205281e-06,1.6466804500205281e-06,0.0,0.0,0.0,0.00032930911177454254,0.0,1.6466804500205281e-06,0.0,0.0
IRAK4→TLR7,2.943416657217304e-06,2.943416657217304e-06,0.0,0.0,0.0,0.001432107177011937,0.0,2.943416657217304e-06,0.0,0.0
ITGAV→THY1,1.607462072629041e-07,1.607462072629041e-07,0.0,0.0,0.0,0.0,0.0,1.607462072629041e-07,0.0,0.0
ITGB2→CD226,2.546645909606624e-06,2.546645909606624e-06,0.0,0.0,0.0,0.0,0.0,2.546645909606624e-06,0.0,0.0
ITGB2→THY1,2.211442091929777e-06,2.211442091929777e-06,0.0,0.0,0.0,4.638438064026511e-05,0.0,2.211442091929777e-06,0.0,0.0
ITGB3BP→ITGB3,7.13545525365549e-05,7.13545525365549e-05,0.0,0.0,0.0,0.0,0.0,7.13545525365549e-05,0.0,0.0
ITGB3BP→ITGB5,1.6971590757484708e-06,1.6971590757484708e-06,0.0,0.0,0.0,0.0,0.0,1.6971590757484708e-06,0.0,0.0
ITIH2→FCER1A,0.0,0.0,0.0,0.0,0.0,0.0,0.0,0.0,0.0,0.0
IZUMO1→CD9,0.0,0.0,0.0,0.0,0.0,0.0,0.0,0.0,0.0,0.0
IZUMO1→IZUMO1R,0.0,0.0,0.0,0.0,0.0,0.0,0.0,0.0,0.0,0.0
JAG1→CD46,2.178799634313456e-05,2.178799634313456e-05,0.0,0.0,0.0,0.0,0.0,2.178799634313456e-05,0.0,0.0
JAG1→NOTCH1,6.663016635690237e-07,6.663016635690237e-07,0.0,0.0,0.0,0.0,0.0,6.663016635690237e-07,0.0,0.0
JAG1→NOTCH2,1.3248383139629848e-07,1.3248383139629848e-07,0.0,0.0,0.0,0.0,0.0,1.3248383139629848e-07,0.0,0.0
JAG1→NOTCH3,2.9539063815837344e-06,2.9539063815837344e-06,0.0,0.0,0.0,0.0,0.0,2.9539063815837344e-06,0.0,0.0
JAG1→NOTCH4,0.0,0.0,0.0,0.0,0.0,0.0,0.0,0.0,0.0,0.0
JAG2→NOTCH1,3.2641251364375217e-06,3.2641251364375217e-06,0.0,0.0,0.0,0.0,0.0,3.2641251364375217e-06,0.0,0.0
JAG2→NOTCH2,2.112659946012659e-08,2.112659946012659e-08,0.0,0.0,0.0,0.0,0.0,2.112659946012659e-08,0.0,0.0
JAG2→NOTCH3,0.0,0.0,0.0002616247844676052,0.0002616247844676052,0.0002616247844676052,0.0,0.0002616247844676052,0.0,0.0002616247844676052,0.0002616247844676052
JAG2→NOTCH4,0.0,0.0,0.0,0.0,0.0,0.0,0.0,0.0,0.0,0.0
JAM3→ITGB1,0.0,0.0,0.0,0.0,0.0,0.0,0.0,0.0,0.0,0.0
JAML→CXADR,1.1569486626075992e-06,1.1569486626075992e-06,0.0,0.0,0.0,0.0,0.0,1.1569486626075992e-06,0.0,0.0
KISS1→KISS1R,0.0,0.0,0.0,0.0,0.0,0.0,0.0,0.0,0.0,0.0
KISS1→MMP24,3.033826891940249e-05,3.033826891940249e-05,4.99329208184423e-05,4.99329208184423e-05,4.99329208184423e-05,0.0,4.99329208184423e-05,3.033826891940249e-05,4.99329208184423e-05,4.99329208184423e-05
KITLG→EPOR,9.914438898203377e-08,9.914438898203377e-08,0.0,0.0,0.0,0.0,0.0,9.914438898203377e-08,0.0,0.0
KITLG→KIT,8.728831672732523e-06,8.728831672732523e-06,0.0,0.0,0.0,0.0,0.0,8.728831672732523e-06,0.0,0.0
KITLG→LRRN3,2.9581022713303e-06,2.9581022713303e-06,0.0,0.0,0.0,0.0,0.0,2.9581022713303e-06,0.0,0.0
KLK3→EPOR,1.8860150267768852e-06,1.8860150267768852e-06,0.0,0.0,0.0,0.0,0.0,1.8860150267768852e-06,0.0,0.0
KLK3→NTRK1,3.7868831345079264e-06,3.7868831345079264e-06,0.0,0.0,0.0,0.0,0.0,3.7868831345079264e-06,0.0,0.0
KL→FGFR1,7.514817576418572e-07,7.514817576418572e-07,0.0,0.0,0.0,0.0,0.0,7.514817576418572e-07,0.0,0.0
KMT2E→NCR2,3.170171190566944e-06,3.170171190566944e-06,0.0,0.0,0.0,0.0,0.0,3.170171190566944e-06,0.0,0.0
KNG1→ADRA2A,1.237214299648706e-06,1.237214299648706e-06,0.0,0.0,0.0,0.0,0.0,1.237214299648706e-06,0.0,0.0
KNG1→BDKRB1,1.4515225567542404e-06,1.4515225567542404e-06,0.0,0.0,0.0,0.0,0.0,1.4515225567542404e-06,0.0,0.0
KNG1→BDKRB2,2.3418031945687326e-07,2.3418031945687326e-07,0.0,0.0,0.0,0.0,0.0,2.3418031945687326e-07,0.0,0.0
KNG1→CD93,0.0,0.0,0.0,0.0,0.0,0.0,0.0,0.0,0.0,0.0
KNG1→GP1BA,1.2232431090005185e-07,1.2232431090005185e-07,0.0,0.0,0.0,0.0,0.0,1.2232431090005185e-07,0.0,0.0
KNG1→GPR135,0.0,0.0,0.0,0.0,0.0,0.0,0.0,0.0,0.0,0.0
KNG1→GRM7,0.0,0.0,0.0,0.0,0.0,0.0,0.0,0.0,0.0,0.0
KNG1→ITGAM,0.0,0.0,0.0,0.0,0.0,0.0,0.0,0.0,0.0,0.0
KNG1→ITGB2,3.202443926018832e-06,3.202443926018832e-06,0.0,0.0,0.0,0.0,0.0,3.202443926018832e-06,0.0,0.0
KNG1→MTNR1A,0.0,0.0,0.0,0.0,0.0,0.0,0.0,0.0,0.0,0.0
KNG1→PLAUR,1.1650721993962944e-07,1.1650721993962944e-07,0.0,0.0,0.0,0.0,0.0,1.1650721993962944e-07,0.0,0.0
KNG1→RXFP4,8.287337404117741e-07,8.287337404117741e-07,0.0,0.0,0.0,0.0,0.0,8.287337404117741e-07,0.0,0.0
KNG1→SDC2,2.0616922056911222e-06,2.0616922056911222e-06,0.0,0.0,0.0,0.0,0.0,2.0616922056911222e-06,0.0,0.0
L1CAM→CD9,6.872336816776579e-05,6.872336816776579e-05,1.6446945791213334e-05,1.6446945791213334e-05,1.6446945791213334e-05,0.0,1.6446945791213334e-05,6.872336816776579e-05,1.6446945791213334e-05,1.6446945791213334e-05
L1CAM→CNTN1,5.01440103687566e-07,5.01440103687566e-07,0.0,0.0,0.0,0.0,0.0,5.01440103687566e-07,0.0,0.0
L1CAM→EGFR,6.972945126164673e-05,6.972945126164673e-05,0.0,0.0,0.0,0.0,0.0,6.972945126164673e-05,0.0,0.0
L1CAM→EPHB2,4.208097806954554e-06,4.208097806954554e-06,0.0,0.0,0.0,0.0,0.0,4.208097806954554e-06,0.0,0.0
L1CAM→ERBB2,5.623467036515111e-07,5.623467036515111e-07,0.0,0.0,0.0,0.0,0.0,5.623467036515111e-07,0.0,0.0
L1CAM→ERBB3,0.0,0.0,0.0,0.0,0.0,0.00015173228430891573,0.0,0.0,0.0,0.0
L1CAM→FGFR2,0.0,0.0,0.0,0.0,0.0,0.0,0.0,0.0,0.0,0.0
L1CAM→PTPRZ1,8.496187107876243e-08,8.496187107876243e-08,5.9172829530945056e-05,5.9172829530945056e-05,5.9172829530945056e-05,0.0,5.9172829530945056e-05,8.496187107876243e-08,5.9172829530945056e-05,5.9172829530945056e-05
LACRT→SDC1,2.737248601935819e-07,2.737248601935819e-07,0.00018290847023361452,0.00018290847023361452,0.00018290847023361452,0.0,0.00018290847023361452,2.737248601935819e-07,0.00018290847023361452,0.00018290847023361452
LAMA1→CD44,0.0,0.0,0.0,0.0,0.0,0.0,0.0,0.0,0.0,0.0
LAMA1→DAG1,8.700389493360891e-07,8.700389493360891e-07,0.0,0.0,0.0,5.6618052986922784e-05,0.0,8.700389493360891e-07,0.0,0.0
LAMA1→GPC1,1.2411034446856417e-07,1.2411034446856417e-07,0.0,0.0,0.0,0.0,0.0,1.2411034446856417e-07,0.0,0.0
LAMA1→ITGA1,1.105249378581349e-07,1.105249378581349e-07,0.0,0.0,0.0,0.0,0.0,1.105249378581349e-07,0.0,0.0
LAMA1→NT5E,2.144099236485431e-07,2.144099236485431e-07,0.0,0.0,0.0,0.0,0.0,2.144099236485431e-07,0.0,0.0
LAMA1→RPSA,1.291282272793558e-06,1.291282272793558e-06,0.0,0.0,0.0,0.0007896925228516817,0.0,1.291282272793558e-06,0.0,0.0
LAMA1→SDC2,3.9051633128413705e-07,3.9051633128413705e-07,0.0,0.0,0.0,0.0,0.0,3.9051633128413705e-07,0.0,0.0
LAMA1→SDC4,1.415818732628237e-06,1.415818732628237e-06,3.4535489483038216e-05,3.4535489483038216e-05,3.4535489483038216e-05,0.0,3.4535489483038216e-05,1.415818732628237e-06,3.4535489483038216e-05,3.4535489483038216e-05
LAMA2→CD44,0.0,0.0,0.0,0.0,0.0,0.0,0.0,0.0,0.0,0.0
LAMA2→DAG1,2.3794167854235163e-06,2.3794167854235163e-06,0.0,0.0,0.0,0.0,0.0,2.3794167854235163e-06,0.0,0.0
LAMA2→ITGA1,3.5080551657982443e-07,3.5080551657982443e-07,0.0,0.0,0.0,0.0,0.0,3.5080551657982443e-07,0.0,0.0
LAMA2→RPSA,7.513960201154063e-07,7.513960201154063e-07,0.0,0.0,0.0,0.0,0.0,7.513960201154063e-07,0.0,0.0
LAMA3→CD44,1.2382899617447063e-05,1.2382899617447063e-05,0.0,0.0,0.0,0.0,0.0,1.2382899617447063e-05,0.0,0.0
LAMA3→DAG1,8.450958787566677e-07,8.450958787566677e-07,0.0,0.0,0.0,1.855007365481034e-05,0.0,8.450958787566677e-07,0.0,0.0
LAMA3→SDC2,6.011223332952005e-06,6.011223332952005e-06,0.0,0.0,0.0,0.0005682108553625859,0.0,6.011223332952005e-06,0.0,0.0
LAMA4→CD44,0.0,0.0,0.0,0.0,0.0,0.0,0.0,0.0,0.0,0.0
LAMA4→DAG1,4.6956271163530183e-08,4.6956271163530183e-08,0.0,0.0,0.0,0.0,0.0,4.6956271163530183e-08,0.0,0.0
LAMA5→BCAM,1.922845364122729e-06,1.922845364122729e-06,0.0,0.0,0.0,0.005194165043947684,0.0,1.922845364122729e-06,0.0,0.0
LAMA5→CD44,4.648527344849759e-07,4.648527344849759e-07,0.0,0.0,0.0,0.0,0.0,4.648527344849759e-07,0.0,0.0
LAMA5→DAG1,1.5054714305648936e-06,1.5054714305648936e-06,0.0,0.0,0.0,0.0005211797661647417,0.0,1.5054714305648936e-06,0.0,0.0
LAMA5→SDC1,4.94486972527646e-07,4.94486972527646e-07,0.0,0.0,0.0,0.0,0.0,4.94486972527646e-07,0.0,0.0
LAMB1→CD44,1.0178653017488693e-07,1.0178653017488693e-07,0.0,0.0,0.0,0.0,0.0,1.0178653017488693e-07,0.0,0.0
LAMB1→DAG1,1.763629560351229e-07,1.763629560351229e-07,0.0,0.0,0.0,0.0,0.0,1.763629560351229e-07,0.0,0.0
LAMB1→ITGA1,1.0985829994026867e-06,1.0985829994026867e-06,0.0,0.0,0.0,0.001118012932673318,0.0,1.0985829994026867e-06,0.0,0.0
LAMB2→CD44,3.448746888068399e-08,3.448746888068399e-08,0.00046865036591208235,0.00046865036591208235,0.00046865036591208235,0.0,0.00046865036591208235,3.448746888068399e-08,0.00046865036591208235,0.00046865036591208235
LAMB2→DAG1,2.9598726314361536e-08,2.9598726314361536e-08,0.0,0.0,0.0,0.0,0.0,2.9598726314361536e-08,0.0,0.0
LAMB2→RPSA,3.374419199901793e-07,3.374419199901793e-07,0.0,0.0,0.0,0.0,0.0,3.374419199901793e-07,0.0,0.0
LAMB3→CD151,1.0364424580681447e-06,1.0364424580681447e-06,0.0,0.0,0.0,0.0,0.0,1.0364424580681447e-06,0.0,0.0
LAMB3→CD44,5.922882245472561e-07,5.922882245472561e-07,0.0,0.0,0.0,0.0,0.0,5.922882245472561e-07,0.0,0.0
LAMB3→DAG1,0.0,0.0,2.3589701609059872e-05,2.3589701609059872e-05,2.3589701609059872e-05,0.0002564922692687579,2.3589701609059872e-05,0.0,2.3589701609059872e-05,2.3589701609059872e-05
LAMC1→CD44,6.873848360638104e-07,6.873848360638104e-07,0.0,0.0,0.0,0.0,0.0,6.873848360638104e-07,0.0,0.0
LAMC1→DAG1,0.0,0.0,0.0,0.0,0.0,0.0,0.0,0.0,0.0,0.0
LAMC1→ITGA1,1.4030525076650268e-07,1.4030525076650268e-07,0.0,0.0,0.0,0.0,0.0,1.4030525076650268e-07,0.0,0.0
LAMC2→CD151,1.3244914158498386e-05,1.3244914158498386e-05,0.0,0.0,0.0,0.0,0.0,1.3244914158498386e-05,0.0,0.0
LAMC2→CD44,1.935563993547607e-06,1.935563993547607e-06,0.0,0.0,0.0,0.0,0.0,1.935563993547607e-06,0.0,0.0
LAMC2→DAG1,1.5476575134780941e-06,1.5476575134780941e-06,0.0,0.0,0.0,0.0,0.0,1.5476575134780941e-06,0.0,0.0
LAMC3→CD44,0.0,0.0,0.0,0.0,0.0,0.0005449106348374781,0.0,0.0,0.0,0.0
LAMC3→DAG1,9.57455448493103e-07,9.57455448493103e-07,0.0,0.0,0.0,0.0017806073970933686,0.0,9.57455448493103e-07,0.0,0.0
LCN1→LMBR1L,4.393876208833238e-05,4.393876208833238e-05,0.0,0.0,0.0,0.00013972224277982812,0.0,4.393876208833238e-05,0.0,0.0
LCN2→LRP2,5.083840357979234e-06,5.083840357979234e-06,0.0,0.0,0.0,0.0,0.0,5.083840357979234e-06,0.0,0.0
LEAP2→GHSR,0.0,0.0,0.0,0.0,0.0,0.0,0.0,0.0,0.0,0.0
LEFTY1→ACVR1B,0.0,0.0,0.0,0.0,0.0,0.0,0.0,0.0,0.0,0.0
LEFTY1→ACVR2A,0.0,0.0,0.0,0.0,0.0,0.0,0.0,0.0,0.0,0.0
LEFTY1→ACVR2B,1.399370227173295e-06,1.399370227173295e-06,0.0,0.0,0.0,0.0,0.0,1.399370227173295e-06,0.0,0.0
LEFTY2→ACVR1B,5.180188623561978e-07,5.180188623561978e-07,0.0,0.0,0.0,0.0,0.0,5.180188623561978e-07,0.0,0.0
LEFTY2→ACVR2A,0.0,0.0,0.0,0.0,0.0,0.0,0.0,0.0,0.0,0.0
LEFTY2→ACVR2B,3.616879597760655e-06,3.616879597760655e-06,0.0,0.0,0.0,0.0,0.0,3.616879597760655e-06,0.0,0.0
LEP→ISLR2,7.191252846940597e-07,7.191252846940597e-07,0.0,0.0,0.0,0.0,0.0,7.191252846940597e-07,0.0,0.0
LEP→LEPR,5.08735495819512e-08,5.08735495819512e-08,0.0,0.0,0.0,0.0,0.0,5.08735495819512e-08,0.0,0.0
LEP→LRP2,0.0,0.0,0.0,0.0,0.0,6.157496696950927e-05,0.0,0.0,0.0,0.0
LGALS1→CD69,2.36309407596004e-06,2.36309407596004e-06,0.0,0.0,0.0,0.0024717361721749236,0.0,2.36309407596004e-06,0.0,0.0
LGALS1→ITGB1,0.0,0.0,0.0,0.0,0.0,0.0,0.0,0.0,0.0,0.0
LGALS1→PTPRC,7.975517916764865e-06,7.975517916764865e-06,0.0,0.0,0.0,0.0,0.0,7.975517916764865e-06,0.0,0.0
LGALS3BP→CD33,7.1125929489063716e-06,7.1125929489063716e-06,0.00010758424427468286,0.00010758424427468286,0.00010758424427468286,0.0,0.00010758424427468286,7.1125929489063716e-06,0.00010758424427468286,0.00010758424427468286
LGALS3BP→ITGB1,4.4672250861357005e-06,4.4672250861357005e-06,0.0,0.0,0.0,0.0,0.0,4.4672250861357005e-06,0.0,0.0
LGALS3→ENG,4.5376499070678833e-07,4.5376499070678833e-07,0.0,0.0,0.0,0.0,0.0,4.5376499070678833e-07,0.0,0.0
LGALS3→LAG3,5.043713514919709e-06,5.043713514919709e-06,0.0,0.0,0.0,0.0,0.0,5.043713514919709e-06,0.0,0.0
LGALS3→MCAM,1.106523533330208e-07,1.106523533330208e-07,0.0,0.0,0.0,0.0,0.0,1.106523533330208e-07,0.0,0.0
LGALS8→ITGA3,2.389773107034818e-07,2.389773107034818e-07,0.0,0.0,0.0,0.0,0.0,2.389773107034818e-07,0.0,0.0
LGALS9→CD44,1.0612284890210477e-08,1.0612284890210477e-08,6.851185423461109e-05,6.851185423461109e-05,6.851185423461109e-05,0.0,6.851185423461109e-05,1.0612284890210477e-08,6.851185423461109e-05,6.851185423461109e-05
LGALS9→CD47,0.0,0.0,5.42463667142184e-05,5.42463667142184e-05,5.42463667142184e-05,0.0,5.42463667142184e-05,0.0,5.42463667142184e-05,5.42463667142184e-05
LGALS9→COLEC12,0.0,0.0,0.0003372283172738853,0.0003372283172738853,0.0003372283172738853,0.0,0.0003372283172738853,0.0,0.0003372283172738853,0.0003372283172738853
LGALS9→HAVCR2,1.2590566905980387e-06,1.2590566905980387e-06,0.0,0.0,0.0,0.0,0.0,1.2590566905980387e-06,0.0,0.0
LGALS9→LRP1,2.8577994279628365e-06,2.8577994279628365e-06,0.0005316550020894034,0.0005316550020894034,0.0005316550020894034,0.0,0.0005316550020894034,2.8577994279628365e-06,0.0005316550020894034,0.0005316550020894034
LGALS9→MET,8.270816038024832e-08,8.270816038024832e-08,0.0008560525005244315,0.0008560525005244315,0.0008560525005244315,8.922137007702734e-05,0.0008560525005244315,8.270816038024832e-08,0.0008560525005244315,0.0008560525005244315
LGALS9→MRC2,2.429890536161007e-07,2.429890536161007e-07,2.807133872314198e-06,2.807133872314198e-06,2.807133872314198e-06,0.0011197336634390725,2.807133872314198e-06,2.429890536161007e-07,2.807133872314198e-06,2.807133872314198e-06
LGALS9→PTPRC,1.5707946902272152e-05,1.5707946902272152e-05,0.009580384197343472,0.009580384197343472,0.009580384197343472,0.0,0.009580384197343472,1.5707946902272152e-05,0.009580384197343472,0.009580384197343472
LGALS9→PTPRK,3.139738108048732e-07,3.139738108048732e-07,1.3823747966971887e-05,1.3823747966971887e-05,1.3823747966971887e-05,0.00011245015607040627,1.3823747966971887e-05,3.139738108048732e-07,1.3823747966971887e-05,1.3823747966971887e-05
LGALS9→SLC1A5,0.0,0.0,0.0,0.0,0.0,0.0,0.0,0.0,0.0,0.0
LGI1→ADAM22,0.000452426131195386,0.000452426131195386,0.0,0.0,0.0,0.0,0.0,0.000452426131195386,0.0,0.0
LGI1→ADAM23,1.557625499908286e-05,1.557625499908286e-05,0.0,0.0,0.0,0.0,0.0,1.557625499908286e-05,0.0,0.0
LGI1→RTN4R,0.0,0.0,0.0,0.0,0.0,0.0,0.0,0.0,0.0,0.0
LGI2→ADAM22,9.314439302070785e-08,9.314439302070785e-08,8.919175877508681e-05,8.919175877508681e-05,8.919175877508681e-05,7.090738662805385e-05,8.919175877508681e-05,9.314439302070785e-08,8.919175877508681e-05,8.919175877508681e-05
LGI2→ADAM23,1.0315677485756562e-07,1.0315677485756562e-07,0.0,0.0,0.0,0.0,0.0,1.0315677485756562e-07,0.0,0.0
LGI3→ADAM22,0.0,0.0,0.0,0.0,0.0,0.0,0.0,0.0,0.0,0.0
LGI3→ADAM23,6.430753907372253e-05,6.430753907372253e-05,0.0,0.0,0.0,0.0,0.0,6.430753907372253e-05,0.0,0.0
LGI3→FLOT1,0.0,0.0,0.0,0.0,0.0,0.0,0.0,0.0,0.0,0.0
LGI3→STX1A,2.2038973336672507e-07,2.2038973336672507e-07,0.0,0.0,0.0,0.0,0.0,2.2038973336672507e-07,0.0,0.0
LGI4→ADAM22,8.615336866463682e-06,8.615336866463682e-06,0.0,0.0,0.0,1.9146211033976372e-05,0.0,8.615336866463682e-06,0.0,0.0
LGI4→ADAM23,0.0,0.0,0.0,0.0,0.0,1.7732862032563135e-05,0.0,0.0,0.0,0.0
LHB→ADCYAP1R1,7.444427271588832e-06,7.444427271588832e-06,0.0,0.0,0.0,0.0,0.0,7.444427271588832e-06,0.0,0.0
LHB→ADRB2,1.3163579649036106e-07,1.3163579649036106e-07,0.0,0.0,0.0,0.0,0.0,1.3163579649036106e-07,0.0,0.0
LHB→ADRB3,4.8481496219671634e-05,4.8481496219671634e-05,0.0,0.0,0.0,0.0,0.0,4.8481496219671634e-05,0.0,0.0
LHB→GPR20,2.242626506958386e-06,2.242626506958386e-06,0.0,0.0,0.0,0.0,0.0,2.242626506958386e-06,0.0,0.0
LHB→GPR84,2.984157730100787e-05,2.984157730100787e-05,0.0,0.0,0.0,0.0,0.0,2.984157730100787e-05,0.0,0.0
LHB→LHCGR,0.0,0.0,0.0,0.0,0.0,0.0,0.0,0.0,0.0,0.0
LHB→PTH1R,0.0,0.0,0.0,0.0,0.0,0.0,0.0,0.0,0.0,0.0
LHB→RAMP2,0.0,0.0,0.0,0.0,0.0,0.0,0.0,0.0,0.0,0.0
LHB→RAMP3,3.5933879243193593e-07,3.5933879243193593e-07,0.0,0.0,0.0,0.0,0.0,3.5933879243193593e-07,0.0,0.0
LHB→TSHR,8.8655280617614e-07,8.8655280617614e-07,8.101033893225294e-06,8.101033893225294e-06,8.101033893225294e-06,0.0,8.101033893225294e-06,8.8655280617614e-07,8.101033893225294e-06,8.101033893225294e-06
LHB→VIPR1,1.3806209639751858e-07,1.3806209639751858e-07,2.6627319697107157e-05,2.6627319697107157e-05,2.6627319697107157e-05,0.0,2.6627319697107157e-05,1.3806209639751858e-07,2.6627319697107157e-05,2.6627319697107157e-05
LILRB4→LAIR1,1.177155599858794e-07,1.177155599858794e-07,0.0,0.0,0.0,0.0,0.0,1.177155599858794e-07,0.0,0.0
LIN7C→ABCA1,0.0,0.0,0.0,0.0,0.0,0.000728656522526011,0.0,0.0,0.0,0.0
LIN7C→HTR2C,0.0,0.0,0.0,0.0,0.0,0.0,0.0,0.0,0.0,0.0
LIN7C→KCNJ4,0.0,0.0,0.0,0.0,0.0,0.0,0.0,0.0,0.0,0.0
LIPC→LRP1,1.803607117642595e-05,1.803607117642595e-05,0.0,0.0,0.0,0.0,0.0,1.803607117642595e-05,0.0,0.0
LIPH→LPAR1,3.7671441027273637e-06,3.7671441027273637e-06,0.0,0.0,0.0,0.0,0.0,3.7671441027273637e-06,0.0,0.0
LIPH→LPAR2,0.0,0.0,0.0,0.0,0.0,0.0,0.0,0.0,0.0,0.0
LIPH→LPAR4,2.167372794367748e-06,2.167372794367748e-06,0.0,0.0,0.0,0.0,0.0,2.167372794367748e-06,0.0,0.0
LMAN1→MCFD2,7.426662583196687e-05,7.426662583196687e-05,0.0,0.0,0.0,0.0,0.0,7.426662583196687e-05,0.0,0.0
LPA→ITGAM,2.878673667378344e-06,2.878673667378344e-06,0.0,0.0,0.0,0.0,0.0,2.878673667378344e-06,0.0,0.0
LPA→ITGB2,0.0,0.0,0.0,0.0,0.0,0.0,0.0,0.0,0.0,0.0
LPA→LPAR1,0.0,0.0,0.0,0.0,0.0,0.0,0.0,0.0,0.0,0.0
LPA→LPAR2,0.0,0.0,0.0,0.0,0.0,0.0,0.0,0.0,0.0,0.0
LPA→LPAR3,0.0,0.0,0.0,0.0,0.0,0.0,0.0,0.0,0.0,0.0
LPA→LPAR4,0.0,0.0,0.0,0.0,0.0,0.0,0.0,0.0,0.0,0.0
LPA→LRP2,0.0,0.0,0.0,0.0,0.0,0.0,0.0,0.0,0.0,0.0
LPA→TREM2,0.0,0.0,0.0,0.0,0.0,0.0,0.0,0.0,0.0,0.0
LPL→CD44,3.025404590019116e-06,3.025404590019116e-06,0.0,0.0,0.0,0.0,0.0,3.025404590019116e-06,0.0,0.0
LPL→GPIHBP1,4.8860076500547476e-08,4.8860076500547476e-08,0.0,0.0,0.0,0.0,0.0,4.8860076500547476e-08,0.0,0.0
LPL→LRP1,2.19562963441907e-06,2.19562963441907e-06,0.0,0.0,0.0,0.0,0.0,2.19562963441907e-06,0.0,0.0
LPL→LRP2,6.370862884937755e-05,6.370862884937755e-05,0.00040311063205898407,0.00040311063205898407,0.00040311063205898407,0.0,0.00040311063205898407,6.370862884937755e-05,0.00040311063205898407,0.00040311063205898407
LPL→SDC1,1.934883222417215e-05,1.934883222417215e-05,0.00045481824957844955,0.00045481824957844955,0.00045481824957844955,0.0,0.00045481824957844955,1.934883222417215e-05,0.00045481824957844955,0.00045481824957844955
LPL→VLDLR,2.421145130776907e-07,2.421145130776907e-07,0.0,0.0,0.0,0.0,0.0,2.421145130776907e-07,0.0,0.0
LRIG1→EGFR,2.4953192684546126e-07,2.4953192684546126e-07,9.004906992165635e-06,9.004906992165635e-06,9.004906992165635e-06,0.0,9.004906992165635e-06,2.4953192684546126e-07,9.004906992165635e-06,9.004906992165635e-06
LRIG1→MET,0.0,0.0,5.550091202437321e-05,5.550091202437321e-05,5.550091202437321e-05,0.0,5.550091202437321e-05,0.0,5.550091202437321e-05,5.550091202437321e-05
LRIG2→EGFR,3.661946483007802e-07,3.661946483007802e-07,0.0,0.0,0.0,0.0,0.0,3.661946483007802e-07,0.0,0.0
LRP1B→PLAUR,1.1682850209555422e-05,1.1682850209555422e-05,0.0,0.0,0.0,0.0,0.0,1.1682850209555422e-05,0.0,0.0
LRPAP1→LDLR,1.6151658587330238e-06,1.6151658587330238e-06,2.642314742302729e-05,2.642314742302729e-05,2.642314742302729e-05,0.0,2.642314742302729e-05,1.6151658587330238e-06,2.642314742302729e-05,2.642314742302729e-05
LRPAP1→LRP1,1.3859613536935233e-06,1.3859613536935233e-06,0.0,0.0,0.0,0.0,0.0,1.3859613536935233e-06,0.0,0.0
LRPAP1→LRP2,0.0,0.0,0.004725008750324048,0.004725008750324048,0.004725008750324048,0.0,0.004725008750324048,0.0,0.004725008750324048,0.004725008750324048
LRPAP1→LRP8,3.85105549106971e-06,3.85105549106971e-06,0.0,0.0,0.0,0.0,0.0,3.85105549106971e-06,0.0,0.0
LRPAP1→SORL1,2.616878801161683e-07,2.616878801161683e-07,0.002991570813563527,0.002991570813563527,0.002991570813563527,0.0,0.002991570813563527,2.616878801161683e-07,0.002991570813563527,0.002991570813563527
LRPAP1→SORT1,7.261408934910874e-08,7.261408934910874e-08,0.0,0.0,0.0,0.0,0.0,7.261408934910874e-08,0.0,0.0
LRPAP1→VLDLR,2.856468351591131e-06,2.856468351591131e-06,0.0,0.0,0.0,0.0,0.0,2.856468351591131e-06,0.0,0.0
LRRC4B→PTPRD,7.18201258480448e-08,7.18201258480448e-08,0.0,0.0,0.0,0.0,0.0,7.18201258480448e-08,0.0,0.0
LRRC4B→PTPRF,1.0341499060761669e-06,1.0341499060761669e-06,0.0,0.0,0.0,0.0,0.0,1.0341499060761669e-06,0.0,0.0
LRRC4B→PTPRS,0.0010776994664113944,0.0010776994664113944,0.0,0.0,0.0,0.0,0.0,0.0010776994664113944,0.0,0.0
LTA→RIPK1,0.0,0.0,0.0,0.0,0.0,0.0,0.0,0.0,0.0,0.0
LTA→TNFRSF14,7.292648402812035e-05,7.292648402812035e-05,0.0,0.0,0.0,0.0,0.0,7.292648402812035e-05,0.0,0.0
LTA→TNFRSF1A,1.070641352613904e-06,1.070641352613904e-06,0.0,0.0,0.0,0.0,0.0,1.070641352613904e-06,0.0,0.0
LTA→TNFRSF1B,2.404904466231158e-06,2.404904466231158e-06,0.0,0.0,0.0,0.0,0.0,2.404904466231158e-06,0.0,0.0
LTBP1→ITGB5,3.090675638709995e-07,3.090675638709995e-07,0.0,0.0,0.0,0.0,0.0,3.090675638709995e-07,0.0,0.0
LTBP3→ITGB5,4.652755113425699e-06,4.652755113425699e-06,0.0,0.0,0.0,0.0,0.0,4.652755113425699e-06,0.0,0.0
LTB→CD40,1.0248773858360428e-05,1.0248773858360428e-05,0.0,0.0,0.0,0.0,0.0,1.0248773858360428e-05,0.0,0.0
LTB→TNFRSF1A,0.0,0.0,0.0,0.0,0.0,0.0,0.0,0.0,0.0,0.0
LTF→AGER,2.8603035893931946e-06,2.8603035893931946e-06,0.0,0.0,0.0,0.0,0.0,2.8603035893931946e-06,0.0,0.0
LTF→BOC,0.0,0.0,0.0,0.0,0.0,0.0,0.0,0.0,0.0,0.0
LTF→BTN3A2,0.0004388405642304694,0.0004388405642304694,0.0,0.0,0.0,0.0,0.0,0.0004388405642304694,0.0,0.0
LTF→IGDCC4,1.0271078004418249e-06,1.0271078004418249e-06,0.0,0.0,0.0,0.0,0.0,1.0271078004418249e-06,0.0,0.0
LTF→IL1RL1,1.617685837100965e-06,1.617685837100965e-06,0.0,0.0,0.0,0.0,0.0,1.617685837100965e-06,0.0,0.0
LTF→LRP1,4.909768204513972e-07,4.909768204513972e-07,0.0,0.0,0.0,0.0,0.0,4.909768204513972e-07,0.0,0.0
LTF→LRP11,5.362836648982361e-07,5.362836648982361e-07,0.0,0.0,0.0,0.0003812488087915242,0.0,5.362836648982361e-07,0.0,0.0
LTF→TNFRSF11B,2.973063530035965e-05,2.973063530035965e-05,0.0,0.0,0.0,0.0,0.0,2.973063530035965e-05,0.0,0.0
LTF→TREML2,2.0758015891163364e-06,2.0758015891163364e-06,0.0,0.0,0.0,0.0,0.0,2.0758015891163364e-06,0.0,0.0
LUM→ITGB1,4.331672176552578e-06,4.331672176552578e-06,0.0,0.0,0.0,0.0,0.0,4.331672176552578e-06,0.0,0.0
LY86→CD180,1.0565974046097635e-09,1.0565974046097635e-09,0.0,0.0,0.0,0.0,0.0,1.0565974046097635e-09,0.0,0.0
LYPD3→AGR2,1.4929104582878978e-06,1.4929104582878978e-06,0.0,0.0,0.0,0.0,0.0,1.4929104582878978e-06,0.0,0.0
MADCAM1→CD44,6.22682731825963e-07,6.22682731825963e-07,0.0,0.0,0.0,7.073576352382399e-05,0.0,6.22682731825963e-07,0.0,0.0
MAML2→NOTCH1,6.282024825279479e-07,6.282024825279479e-07,5.409377778815338e-05,5.409377778815338e-05,5.409377778815338e-05,0.00027368422974520247,5.409377778815338e-05,6.282024825279479e-07,5.409377778815338e-05,5.409377778815338e-05
MAML2→NOTCH2,6.047178022276643e-08,6.047178022276643e-08,0.0,0.0,0.0,0.0,0.0,6.047178022276643e-08,0.0,0.0
MAML2→NOTCH3,5.189612427881807e-07,5.189612427881807e-07,1.982551507880735e-05,1.982551507880735e-05,1.982551507880735e-05,0.0,1.982551507880735e-05,5.189612427881807e-07,1.982551507880735e-05,1.982551507880735e-05
MAML2→NOTCH4,1.6906246998317255e-07,1.6906246998317255e-07,0.0,0.0,0.0,0.004944930491054537,0.0,1.6906246998317255e-07,0.0,0.0
MATN1→ITGA1,4.666680882215535e-08,4.666680882215535e-08,0.0,0.0,0.0,0.0,0.0,4.666680882215535e-08,0.0,0.0
MATN1→ITGB1,0.0,0.0,0.0,0.0,0.0,0.0,0.0,0.0,0.0,0.0
MBL2→C1QB,1.134017556805505e-08,1.134017556805505e-08,0.0,0.0,0.0,0.0,0.0,1.134017556805505e-08,0.0,0.0
MBL2→CALCR,0.0,0.0,0.0,0.0,0.0,0.0,0.0,0.0,0.0,0.0
MBL2→CD93,0.0,0.0,0.0,0.0,0.0,0.0,0.0,0.0,0.0,0.0
MBL2→LRP1,1.9950299609764198e-07,1.9950299609764198e-07,0.0,0.0,0.0,0.0,0.0,1.9950299609764198e-07,0.0,0.0
MDK→ALK,1.0240080727258392e-06,1.0240080727258392e-06,0.0,0.0,0.0,0.0,0.0,1.0240080727258392e-06,0.0,0.0
MDK→GPC2,3.981361033968667e-07,3.981361033968667e-07,6.765912802581198e-05,6.765912802581198e-05,6.765912802581198e-05,0.0,6.765912802581198e-05,3.981361033968667e-07,6.765912802581198e-05,6.765912802581198e-05
MDK→LRP1,2.5123569900932892e-08,2.5123569900932892e-08,0.0,0.0,0.0,0.0,0.0,2.5123569900932892e-08,0.0,0.0
MDK→LRP2,7.904004604020812e-07,7.904004604020812e-07,0.04285222502841333,0.04285222502841333,0.04285222502841333,0.0,0.04285222502841333,7.904004604020812e-07,0.04285222502841333,0.04285222502841333
MDK→NCL,8.088377931478364e-06,8.088377931478364e-06,1.7907850444738652e-05,1.7907850444738652e-05,1.7907850444738652e-05,0.0,1.7907850444738652e-05,8.088377931478364e-06,1.7907850444738652e-05,1.7907850444738652e-05
MDK→NOTCH2,5.770400519336166e-07,5.770400519336166e-07,1.4741561056101648e-05,1.4741561056101648e-05,1.4741561056101648e-05,0.0,1.4741561056101648e-05,5.770400519336166e-07,1.4741561056101648e-05,1.4741561056101648e-05
MDK→PTPRZ1,2.773014232883251e-06,2.773014232883251e-06,0.00021742820725088722,0.00021742820725088722,0.00021742820725088722,0.0,0.00021742820725088722,2.773014232883251e-06,0.00021742820725088722,0.00021742820725088722
MDK→SDC1,0.0,0.0,0.0,0.0,0.0,0.0,0.0,0.0,0.0,0.0
MDK→SDC2,0.0,0.0,1.055660919413692e-05,1.055660919413692e-05,1.055660919413692e-05,0.0004935192095613076,1.055660919413692e-05,0.0,1.055660919413692e-05,1.055660919413692e-05
MDK→SDC3,2.2570800924965873e-07,2.2570800924965873e-07,0.0,0.0,0.0,0.0,0.0,2.2570800924965873e-07,0.0,0.0
MDK→SDC4,1.3298175653095525e-06,1.3298175653095525e-06,0.0,0.0,0.0,0.006432665018778141,0.0,1.3298175653095525e-06,0.0,0.0
MDK→SORL1,2.988949905636174e-07,2.988949905636174e-07,0.006366783448156901,0.006366783448156901,0.006366783448156901,0.0007035062004866048,0.006366783448156901,2.988949905636174e-07,0.006366783448156901,0.006366783448156901
MDK→TSPAN1,6.633269371693883e-07,6.633269371693883e-07,0.0,0.0,0.0,0.0,0.0,6.633269371693883e-07,0.0,0.0
MEGF10→ABCA1,9.660973364506772e-07,9.660973364506772e-07,0.0,0.0,0.0,7.017468324562105e-05,0.0,9.660973364506772e-07,0.0,0.0
MELTF→TFRC,3.95382205393959e-06,3.95382205393959e-06,0.0,0.0,0.0,0.0,0.0,3.95382205393959e-06,0.0,0.0
MEPE→PHEX,7.229264452809969e-07,7.229264452809969e-07,0.0,0.0,0.0,0.0,0.0,7.229264452809969e-07,0.0,0.0
MFAP2→NOTCH1,0.0,0.0,0.0008832455903335576,0.0008832455903335576,0.0008832455903335576,0.0,0.0008832455903335576,0.0,0.0008832455903335576,0.0008832455903335576
MFAP5→NOTCH1,1.5289416660431572e-06,1.5289416660431572e-06,0.0,0.0,0.0,0.0,0.0,1.5289416660431572e-06,0.0,0.0
MFGE8→ITGAV,2.2802841658054535e-07,2.2802841658054535e-07,0.0,0.0,0.0,1.79268687103051e-05,0.0,2.2802841658054535e-07,0.0,0.0
MFGE8→ITGB3,1.833216722487756e-06,1.833216722487756e-06,0.0,0.0,0.0,0.0,0.0,1.833216722487756e-06,0.0,0.0
MFGE8→ITGB5,2.676346490235544e-07,2.676346490235544e-07,0.0,0.0,0.0,0.0,0.0,2.676346490235544e-07,0.0,0.0
MFGE8→PDGFRB,0.0,0.0,0.0,0.0,0.0,0.0,0.0,0.0,0.0,0.0
MFNG→NOTCH1,0.0,0.0,0.00012276065870748325,0.00012276065870748325,0.00012276065870748325,0.0,0.00012276065870748325,0.0,0.00012276065870748325,0.00012276065870748325
MFNG→NOTCH2,3.407827528238729e-07,3.407827528238729e-07,0.0,0.0,0.0,0.0,0.0,3.407827528238729e-07,0.0,0.0
MIA→CDH7,0.0,0.0,0.0,0.0,0.0,0.0,0.0,0.0,0.0,0.0
MIA→ITGA4,7.679601072345249e-07,7.679601072345249e-07,0.0,0.0,0.0,0.0008929158788257903,0.0,7.679601072345249e-07,0.0,0.0
MIA→ITGA5,0.0,0.0,0.0,0.0,0.0,0.0,0.0,0.0,0.0,0.0
MIF→ACKR3,0.0,0.0,0.0008899121463028957,0.0008899121463028957,0.0008899121463028957,0.0,0.0008899121463028957,0.0,0.0008899121463028957,0.0008899121463028957
MIF→EGFR,0.0,0.0,8.380630464065085e-06,8.380630464065085e-06,8.380630464065085e-06,0.0,8.380630464065085e-06,0.0,8.380630464065085e-06,8.380630464065085e-06
MIF→TNFRSF10D,1.1938708732486294e-06,1.1938708732486294e-06,0.0,0.0,0.0,0.0,0.0,1.1938708732486294e-06,0.0,0.0
MIF→TNFRSF14,2.8905811351768802e-05,2.8905811351768802e-05,0.0,0.0,0.0,0.0,0.0,2.8905811351768802e-05,0.0,0.0
MLN→MLNR,1.3977180440080072e-06,1.3977180440080072e-06,0.0,0.0,0.0,0.0,0.0,1.3977180440080072e-06,0.0,0.0
MMP12→PLAUR,1.2881278615111155e-05,1.2881278615111155e-05,0.0,0.0,0.0,0.0,0.0,1.2881278615111155e-05,0.0,0.0
MMP13→LRP1,8.171444323375324e-07,8.171444323375324e-07,0.0,0.0,0.0,0.00031765902081489275,0.0,8.171444323375324e-07,0.0,0.0
MMP1→CD44,1.274258256893208e-05,1.274258256893208e-05,0.0,0.0,0.0,0.006355771309632025,0.0,1.274258256893208e-05,0.0,0.0
MMP1→ITGA2,4.614801991723726e-05,4.614801991723726e-05,0.0005777558821142006,0.0005777558821142006,0.0005777558821142006,0.0,0.0005777558821142006,4.614801991723726e-05,0.0005777558821142006,0.0005777558821142006
MMP2→CCR2,9.260438286469571e-08,9.260438286469571e-08,0.0,0.0,0.0,6.246525178157486e-05,0.0,9.260438286469571e-08,0.0,0.0
MMP2→FGFR1,3.170173180605611e-07,3.170173180605611e-07,0.0,0.0,0.0,0.0,0.0,3.170173180605611e-07,0.0,0.0
MMP2→PECAM1,1.5586278812940653e-06,1.5586278812940653e-06,0.0,0.0,0.0,0.0,0.0,1.5586278812940653e-06,0.0,0.0
MMP7→CD151,9.207198192747206e-07,9.207198192747206e-07,0.0,0.0,0.0,0.0,0.0,9.207198192747206e-07,0.0,0.0
MMP7→CD44,3.39164209692313e-06,3.39164209692313e-06,0.0,0.0,0.0,0.00048014536038428347,0.0,3.39164209692313e-06,0.0,0.0
MMP7→ERBB4,9.568391970335811e-07,9.568391970335811e-07,0.0,0.0,0.0,0.0004365298796258593,0.0,9.568391970335811e-07,0.0,0.0
MMP7→SDC1,5.375440826234667e-07,5.375440826234667e-07,0.0,0.0,0.0,0.00033867503857291535,0.0,5.375440826234667e-07,0.0,0.0
MMP9→CD44,0.0,0.0,0.0,0.0,0.0,0.0005859453520447388,0.0,0.0,0.0,0.0
MMP9→EPHB2,1.5601095711921849e-09,1.5601095711921849e-09,0.0,0.0,0.0,0.0,0.0,1.5601095711921849e-09,0.0,0.0
MMP9→IFNAR1,1.5165983232325588e-06,1.5165983232325588e-06,3.946730689070438e-05,3.946730689070438e-05,3.946730689070438e-05,0.0039614507377837725,3.946730689070438e-05,1.5165983232325588e-06,3.946730689070438e-05,3.946730689070438e-05
MMP9→ITGAM,0.0,0.0,0.0,0.0,0.0,0.0,0.0,0.0,0.0,0.0
MMP9→LRP1,5.877182850302076e-08,5.877182850302076e-08,0.0,0.0,0.0,0.0,0.0,5.877182850302076e-08,0.0,0.0
MMP9→RECK,5.0000361194752675e-06,5.0000361194752675e-06,0.0,0.0,0.0,6.145050328073473e-05,0.0,5.0000361194752675e-06,0.0,0.0
MMP9→TLR9,4.7320119898709787e-07,4.7320119898709787e-07,0.0,0.0,0.0,0.0,0.0,4.7320119898709787e-07,0.0,0.0
MMRN2→CD248,2.122307962197666e-06,2.122307962197666e-06,0.0,0.0,0.0,0.0,0.0,2.122307962197666e-06,0.0,0.0
MMRN2→CD93,1.4615999688153924e-07,1.4615999688153924e-07,0.0,0.0,0.0,0.0,0.0,1.4615999688153924e-07,0.0,0.0
MMRN2→CLEC14A,1.8587151685821574e-07,1.8587151685821574e-07,0.0,0.0,0.0,0.0,0.0,1.8587151685821574e-07,0.0,0.0
MPZ→MPZL1,3.35807332099859e-05,3.35807332099859e-05,0.0,0.0,0.0,0.0,0.0,3.35807332099859e-05,0.0,0.0
MRC1→PTPRC,2.8968594763326634e-06,2.8968594763326634e-06,0.0,0.0,0.0,0.0,0.0,2.8968594763326634e-06,0.0,0.0
MSMP→CCR2,0.0,0.0,0.0,0.0,0.0,0.0,0.0,0.0,0.0,0.0
MST1→MST1R,2.7084653476296743e-05,2.7084653476296743e-05,0.00032661467824347156,0.00032661467824347156,0.00032661467824347156,0.0,0.00032661467824347156,2.7084653476296743e-05,0.00032661467824347156,0.00032661467824347156
MUC1→SIGLEC9,3.640260910538349e-06,3.640260910538349e-06,0.0,0.0,0.0,0.0,0.0,3.640260910538349e-06,0.0,0.0
MXRA5→AGER,5.79162129196797e-06,5.79162129196797e-06,0.0,0.0,0.0,0.0,0.0,5.79162129196797e-06,0.0,0.0
MXRA5→AXL,1.5692927330914958e-06,1.5692927330914958e-06,0.0,0.0,0.0,0.0,0.0,1.5692927330914958e-06,0.0,0.0
MXRA5→CD69,9.413203521443648e-07,9.413203521443648e-07,6.617628294907915e-05,6.617628294907915e-05,6.617628294907915e-05,0.003442759510006633,6.617628294907915e-05,9.413203521443648e-07,6.617628294907915e-05,6.617628294907915e-05
MXRA5→ILDR1,1.1669450920134563e-07,1.1669450920134563e-07,0.003669279844285426,0.003669279844285426,0.003669279844285426,0.0,0.003669279844285426,1.1669450920134563e-07,0.003669279844285426,0.003669279844285426
MXRA5→MAG,1.4953730925114644e-07,1.4953730925114644e-07,0.0,0.0,0.0,0.0,0.0,1.4953730925114644e-07,0.0,0.0
MXRA5→MFAP3L,5.239502982779713e-06,5.239502982779713e-06,0.0004261486540882824,0.0004261486540882824,0.0004261486540882824,0.0,0.0004261486540882824,5.239502982779713e-06,0.0004261486540882824,0.0004261486540882824
MXRA5→MPIG6B,2.698389520021565e-07,2.698389520021565e-07,0.0,0.0,0.0,0.0,0.0,2.698389520021565e-07,0.0,0.0
MXRA5→PILRA,1.7421106589397942e-06,1.7421106589397942e-06,0.0,0.0,0.0,0.00015853794494182354,0.0,1.7421106589397942e-06,0.0,0.0
MXRA5→PILRB,0.0,0.0,0.0,0.0,0.0,0.0,0.0,0.0,0.0,0.0
MXRA5→SCN2B,0.0,0.0,0.0,0.0,0.0,0.0,0.0,0.0,0.0,0.0
MXRA5→SIGLEC7,0.0,0.0,0.0,0.0,0.0,0.00019667624817331045,0.0,0.0,0.0,0.0
MXRA5→SIGLEC8,1.3228218989030678e-05,1.3228218989030678e-05,0.0,0.0,0.0,0.0,0.0,1.3228218989030678e-05,0.0,0.0
MYL9→CD69,3.9305646960423974e-07,3.9305646960423974e-07,0.0,0.0,0.0,0.0,0.0,3.9305646960423974e-07,0.0,0.0
MYOC→FZD1,1.4920144336392833e-06,1.4920144336392833e-06,0.0,0.0,0.0,0.0,0.0,1.4920144336392833e-06,0.0,0.0
MYOC→FZD10,0.0,0.0,0.0,0.0,0.0,0.0,0.0,0.0,0.0,0.0
MYOC→FZD3,0.0,0.0,0.0001205900140487664,0.0001205900140487664,0.0001205900140487664,0.0,0.0001205900140487664,0.0,0.0001205900140487664,0.0001205900140487664
MYOC→FZD4,1.3688310927123434e-08,1.3688310927123434e-08,0.0,0.0,0.0,0.0,0.0,1.3688310927123434e-08,0.0,0.0
MYOC→FZD7,1.749321933546169e-06,1.749321933546169e-06,0.0,0.0,0.0,0.0,0.0,1.749321933546169e-06,0.0,0.0
NAMPT→ADORA2A,0.0,0.0,0.0,0.0,0.0,0.0,0.0,0.0,0.0,0.0
NAMPT→INSR,0.0,0.0,0.0,0.0,0.0,0.001756108079055106,0.0,0.0,0.0,0.0
NCAM1→CACNA1C,0.0001355632962565449,0.0001355632962565449,0.0,0.0,0.0,0.0,0.0,0.0001355632962565449,0.0,0.0
NCAM1→FGFR1,4.181974762810092e-06,4.181974762810092e-06,0.0,0.0,0.0,0.0,0.0,4.181974762810092e-06,0.0,0.0
NCAM1→FGFR2,0.0,0.0,0.0001514093467857747,0.0001514093467857747,0.0001514093467857747,0.0,0.0001514093467857747,0.0,0.0001514093467857747,0.0001514093467857747
NCAM1→GFRA1,0.0,0.0,0.0,0.0,0.0,0.0,0.0,0.0,0.0,0.0
NCAM1→NCAM2,0.0004744779802749164,0.0004744779802749164,8.854358263214225e-05,8.854358263214225e-05,8.854358263214225e-05,0.0,8.854358263214225e-05,0.0004744779802749164,8.854358263214225e-05,8.854358263214225e-05
NCAM1→PTPRA,2.6179465258014637e-07,2.6179465258014637e-07,0.0,0.0,0.0,0.0,0.0,2.6179465258014637e-07,0.0,0.0
NCAM1→PTPRZ1,0.0,0.0,0.0,0.0,0.0,0.0,0.0,0.0,0.0,0.0
NCAM1→ROBO1,0.00019582522354355279,0.00019582522354355279,0.0,0.0,0.0,0.0,0.0,0.00019582522354355279,0.0,0.0
NCAM1→ROBO3,0.0,0.0,0.0,0.0,0.0,0.0,0.0,0.0,0.0,0.0
NCAN→CDH2,2.2142566461073887e-06,2.2142566461073887e-06,0.0,0.0,0.0,0.0,0.0,2.2142566461073887e-06,0.0,0.0
NCAN→SDC3,0.0,0.0,0.0,0.0,0.0,0.0003641695599134949,0.0,0.0,0.0,0.0
NCR3LG1→NCR3,7.538096120249284e-07,7.538096120249284e-07,0.0,0.0,0.0,0.0,0.0,7.538096120249284e-07,0.0,0.0
NDP→FZD4,2.5642560765382705e-06,2.5642560765382705e-06,0.0,0.0,0.0,0.0,0.0,2.5642560765382705e-06,0.0,0.0
NDP→LGR4,5.370030984575323e-07,5.370030984575323e-07,0.0,0.0,0.0,0.0,0.0,5.370030984575323e-07,0.0,0.0
NECTIN1→CD96,0.0,0.0,0.0,0.0,0.0,0.0,0.0,0.0,0.0,0.0
NECTIN1→NECTIN4,0.0,0.0,0.0003866992961959934,0.0003866992961959934,0.0003866992961959934,0.0,0.0003866992961959934,0.0,0.0003866992961959934,0.0003866992961959934
NECTIN2→CD226,1.0010974588022104e-07,1.0010974588022104e-07,0.0,0.0,0.0,0.0,0.0,1.0010974588022104e-07,0.0,0.0
NECTIN2→CD96,0.0,0.0,3.513190151141425e-05,3.513190151141425e-05,3.513190151141425e-05,0.0,3.513190151141425e-05,0.0,3.513190151141425e-05,3.513190151141425e-05
NECTIN2→TIGIT,0.0,0.0,0.0,0.0,0.0,0.0,0.0,0.0,0.0,0.0
NECTIN3→CADM1,7.039189888011254e-08,7.039189888011254e-08,0.0,0.0,0.0,0.0,0.0,7.039189888011254e-08,0.0,0.0
NECTIN3→NECTIN1,0.0,0.0,0.0,0.0,0.0,0.0,0.0,0.0,0.0,0.0
NECTIN3→NECTIN2,3.983387383890662e-06,3.983387383890662e-06,0.0,0.0,0.0,0.0,0.0,3.983387383890662e-06,0.0,0.0
NECTIN3→PVR,0.0,0.0,0.0,0.0,0.0,0.0,0.0,0.0,0.0,0.0
NECTIN3→TIGIT,2.0799066435862128e-07,2.0799066435862128e-07,0.0,0.0,0.0,0.0,0.0,2.0799066435862128e-07,0.0,0.0
NECTIN4→TIGIT,2.213474510271874e-06,2.213474510271874e-06,0.0,0.0,0.0,0.00020846846974161928,0.0,2.213474510271874e-06,0.0,0.0
NELL2→ROBO3,0.0,0.0,0.0,0.0,0.0,0.0,0.0,0.0,0.0,0.0
NGF→BEX3,2.158000059903382e-07,2.158000059903382e-07,0.0,0.0,0.0,2.094208231595247e-05,0.0,2.158000059903382e-07,0.0,0.0
NGF→ERBB2,1.6366358661623932e-06,1.6366358661623932e-06,0.0,0.0,0.0,0.0,0.0,1.6366358661623932e-06,0.0,0.0
NGF→KIDINS220,1.5590284790274723e-06,1.5590284790274723e-06,0.0,0.0,0.0,0.0,0.0,1.5590284790274723e-06,0.0,0.0
NGF→MAGED1,5.509713258541765e-08,5.509713258541765e-08,0.0,0.0,0.0,0.0,0.0,5.509713258541765e-08,0.0,0.0
NGF→NGFR,0.0,0.0,0.0,0.0,0.0,0.0,0.0,0.0,0.0,0.0
NGF→NTRK1,3.2389121137907097e-06,3.2389121137907097e-06,0.0,0.0,0.0,0.0,0.0,3.2389121137907097e-06,0.0,0.0
NGF→SORCS2,1.4337927173831604e-07,1.4337927173831604e-07,2.103358024728749e-05,2.103358024728749e-05,2.103358024728749e-05,0.0,2.103358024728749e-05,1.4337927173831604e-07,2.103358024728749e-05,2.103358024728749e-05
NGF→SORCS3,1.3413100343010854e-08,1.3413100343010854e-08,0.0,0.0,0.0,0.0,0.0,1.3413100343010854e-08,0.0,0.0
NGF→SORT1,2.997347948516165e-06,2.997347948516165e-06,0.0,0.0,0.0,0.0,0.0,2.997347948516165e-06,0.0,0.0
NGF→TRPV1,8.774407397272568e-07,8.774407397272568e-07,0.0,0.0,0.0,0.0,0.0,8.774407397272568e-07,0.0,0.0
NID1→ITGA3,0.0,0.0,0.0,0.0,0.0,0.0,0.0,0.0,0.0,0.0
NID1→ITGAV,0.0,0.0,0.0,0.0,0.0,0.0,0.0,0.0,0.0,0.0
NID1→ITGB1,9.801871659663552e-07,9.801871659663552e-07,0.0,0.0,0.0,0.0,0.0,9.801871659663552e-07,0.0,0.0
NID1→ITGB3,0.0,0.0,0.0,0.0,0.0,0.0,0.0,0.0,0.0,0.0
NID1→PTPRF,5.201620779615722e-07,5.201620779615722e-07,0.0,0.0,0.0,0.0,0.0,5.201620779615722e-07,0.0,0.0
NLGN1→NRXN1,0.0,0.0,0.0,0.0,0.0,0.0,0.0,0.0,0.0,0.0
NLGN1→NRXN2,1.978356418151737e-08,1.978356418151737e-08,0.0,0.0,0.0,0.0,0.0,1.978356418151737e-08,0.0,0.0
NLGN1→NRXN3,3.1448895968430625e-08,3.1448895968430625e-08,0.00017942117400272548,0.00017942117400272548,0.00017942117400272548,0.0,0.00017942117400272548,3.1448895968430625e-08,0.00017942117400272548,0.00017942117400272548
NLGN2→NRXN1,3.2499881885634236e-06,3.2499881885634236e-06,0.0,0.0,0.0,0.0,0.0,3.2499881885634236e-06,0.0,0.0
NLGN2→NRXN2,6.879873894343985e-05,6.879873894343985e-05,0.0,0.0,0.0,0.0,0.0,6.879873894343985e-05,0.0,0.0
NLGN2→NRXN3,3.838135685443202e-07,3.838135685443202e-07,0.0,0.0,0.0,0.0008834805318021108,0.0,3.838135685443202e-07,0.0,0.0
NLGN3→NRXN1,0.0,0.0,0.0,0.0,0.0,0.0,0.0,0.0,0.0,0.0
NLGN3→NRXN2,0.0,0.0,0.0,0.0,0.0,0.0,0.0,0.0,0.0,0.0
NLGN3→NRXN3,4.210408271543544e-06,4.210408271543544e-06,0.0,0.0,0.0,0.0,0.0,4.210408271543544e-06,0.0,0.0
NLGN4X→NRXN1,4.124871817689348e-06,4.124871817689348e-06,2.5775799863829237e-05,2.5775799863829237e-05,2.5775799863829237e-05,0.0,2.5775799863829237e-05,4.124871817689348e-06,2.5775799863829237e-05,2.5775799863829237e-05
NMB→BRS3,0.0,0.0,0.0,0.0,0.0,0.0,0.0,0.0,0.0,0.0
NMB→GRPR,7.8215132449272e-07,7.8215132449272e-07,1.6029519024216453e-05,1.6029519024216453e-05,1.6029519024216453e-05,0.0008035360580517759,1.6029519024216453e-05,7.8215132449272e-07,1.6029519024216453e-05,1.6029519024216453e-05
NMB→NMBR,7.57861632412945e-08,7.57861632412945e-08,0.0,0.0,0.0,0.0,0.0,7.57861632412945e-08,0.0,0.0
NMS→ADRA2A,3.072202298011216e-05,3.072202298011216e-05,0.0,0.0,0.0,0.0,0.0,3.072202298011216e-05,0.0,0.0
NMS→GRM7,0.0,0.0,0.0,0.0,0.0,0.0,0.0,0.0,0.0,0.0
NMS→MTNR1A,0.0,0.0,0.0,0.0,0.0,0.0,0.0,0.0,0.0,0.0
NMS→NMUR1,1.3014369158528117e-05,1.3014369158528117e-05,0.0,0.0,0.0,0.0,0.0,1.3014369158528117e-05,0.0,0.0
NMS→NMUR2,0.0,0.0,0.0,0.0,0.0,0.0,0.0,0.0,0.0,0.0
NMU→ADRA2A,2.958102271330296e-06,2.958102271330296e-06,0.0,0.0,0.0,0.0,0.0,2.958102271330296e-06,0.0,0.0
NMU→GRM7,0.0,0.0,1.4792681054988885e-05,1.4792681054988885e-05,1.4792681054988885e-05,0.0,1.4792681054988885e-05,0.0,1.4792681054988885e-05,1.4792681054988885e-05
NMU→MTNR1A,8.784339848136653e-06,8.784339848136653e-06,0.0,0.0,0.0,0.0,0.0,8.784339848136653e-06,0.0,0.0
NMU→NMUR1,1.0619504387609722e-07,1.0619504387609722e-07,0.0,0.0,0.0,0.0,0.0,1.0619504387609722e-07,0.0,0.0
NMU→NMUR2,0.0,0.0,0.0,0.0,0.0,0.0,0.0,0.0,0.0,0.0
NPB→ADRA2A,0.0,0.0,0.0,0.0,0.0,4.0321542867958095e-05,0.0,0.0,0.0,0.0
NPB→GRM7,4.775450028866046e-07,4.775450028866046e-07,0.0,0.0,0.0,0.0,0.0,4.775450028866046e-07,0.0,0.0
NPB→MTNR1A,0.000124759158623393,0.000124759158623393,0.0,0.0,0.0,0.0,0.0,0.000124759158623393,0.0,0.0
NPB→NPBWR2,0.0,0.0,0.0,0.0,0.0,0.0,0.0,0.0,0.0,0.0
NPFF→NPFFR1,7.611374205581627e-07,7.611374205581627e-07,0.0,0.0,0.0,0.0,0.0,7.611374205581627e-07,0.0,0.0
NPFF→NPFFR2,0.0,0.0,0.0,0.0,0.0,0.0,0.0,0.0,0.0,0.0
NPPA→NPR1,0.0,0.0,0.0,0.0,0.0,0.0,0.0,0.0,0.0,0.0
NPPA→NPR2,2.653726966031769e-05,2.653726966031769e-05,1.2270318678718582e-05,1.2270318678718582e-05,1.2270318678718582e-05,0.0,1.2270318678718582e-05,2.653726966031769e-05,1.2270318678718582e-05,1.2270318678718582e-05
NPPA→NPR3,1.2563900495281473e-07,1.2563900495281473e-07,0.0,0.0,0.0,0.0,0.0,1.2563900495281473e-07,0.0,0.0
NPPB→DPP4,0.0,0.0,0.0,0.0,0.0,0.0,0.0,0.0,0.0,0.0
NPPB→FAP,0.0,0.0,0.0,0.0,0.0,0.0,0.0,0.0,0.0,0.0
NPPB→NPR1,5.207970955292484e-07,5.207970955292484e-07,0.0,0.0,0.0,0.0,0.0,5.207970955292484e-07,0.0,0.0
NPPB→NPR2,3.1548584665678754e-06,3.1548584665678754e-06,0.0,0.0,0.0,0.0,0.0,3.1548584665678754e-06,0.0,0.0
NPPB→NPR3,0.0,0.0,0.0,0.0,0.0,0.0,0.0,0.0,0.0,0.0
NPPC→NPR1,1.1275809885338941e-07,1.1275809885338941e-07,0.0,0.0,0.0,0.0,0.0,1.1275809885338941e-07,0.0,0.0
NPPC→NPR2,2.5730067192484235e-08,2.5730067192484235e-08,0.0,0.0,0.0,0.0,0.0,2.5730067192484235e-08,0.0,0.0
NPPC→NPR3,0.0,0.0,0.0,0.0,0.0,0.0002957043344445149,0.0,0.0,0.0,0.0
NPS→ADCYAP1R1,0.0,0.0,0.0,0.0,0.0,0.0,0.0,0.0,0.0,0.0
NPS→ADRB2,0.0,0.0,0.0,0.0,0.0,0.0,0.0,0.0,0.0,0.0
NPS→ADRB3,0.0,0.0,0.0,0.0,0.0,0.0,0.0,0.0,0.0,0.0
NPS→GPR20,1.9793169559451956e-06,1.9793169559451956e-06,0.0,0.0,0.0,0.0,0.0,1.9793169559451956e-06,0.0,0.0
NPS→GPR84,0.0,0.0,0.0,0.0,0.0,0.0,0.0,0.0,0.0,0.0
NPS→NPSR1,0.0,0.0,0.0,0.0,0.0,0.0,0.0,0.0,0.0,0.0
NPS→PTH1R,0.0,0.0,0.0,0.0,0.0,0.0,0.0,0.0,0.0,0.0
NPS→RAMP2,0.0,0.0,0.0,0.0,0.0,0.0,0.0,0.0,0.0,0.0
NPS→RAMP3,0.0,0.0,0.0,0.0,0.0,0.0,0.0,0.0,0.0,0.0
NPS→TSHR,0.0,0.0,0.0,0.0,0.0,0.0,0.0,0.0,0.0,0.0
NPS→VIPR1,0.0,0.0,0.0,0.0,0.0,0.0,0.0,0.0,0.0,0.0
NPTX1→NPTXR,0.0,0.0,0.0,0.0,0.0,0.0,0.0,0.0,0.0,0.0
NPTX2→NPTXR,0.0,0.0,0.0,0.0,0.0,0.0,0.0,0.0,0.0,0.0
NPVF→NPFFR1,2.148850555676146e-06,2.148850555676146e-06,0.0,0.0,0.0,0.0,0.0,2.148850555676146e-06,0.0,0.0
NPVF→NPFFR2,0.0,0.0,0.0,0.0,0.0,0.0,0.0,0.0,0.0,0.0
NPW→ADRA2A,0.0,0.0,0.0,0.0,0.0,0.0,0.0,0.0,0.0,0.0
NPW→GRM7,9.02947956448137e-07,9.02947956448137e-07,2.232361258432759e-05,2.232361258432759e-05,2.232361258432759e-05,0.0,2.232361258432759e-05,9.02947956448137e-07,2.232361258432759e-05,2.232361258432759e-05
NPW→MTNR1A,0.00020853457687432331,0.00020853457687432331,0.0,0.0,0.0,0.0,0.0,0.00020853457687432331,0.0,0.0
NPW→NPBWR2,0.0,0.0,0.0,0.0,0.0,0.0,0.0,0.0,0.0,0.0
NPY→ADRA2A,6.201894092904738e-07,6.201894092904738e-07,0.0,0.0,0.0,0.0,0.0,6.201894092904738e-07,0.0,0.0
NPY→ADRB1,4.6190399584504695e-06,4.6190399584504695e-06,0.0,0.0,0.0,0.0,0.0,4.6190399584504695e-06,0.0,0.0
NPY→ADRB2,0.0,0.0,0.0,0.0,0.0,0.0,0.0,0.0,0.0,0.0
NPY→DPP4,2.791981935717849e-06,2.791981935717849e-06,0.0,0.0,0.0,0.0,0.0,2.791981935717849e-06,0.0,0.0
NPY→FAP,9.780780110106747e-07,9.780780110106747e-07,0.0,0.0,0.0,0.0,0.0,9.780780110106747e-07,0.0,0.0
NPY→GPR83,3.608014463495331e-07,3.608014463495331e-07,0.0,0.0,0.0,0.0,0.0,3.608014463495331e-07,0.0,0.0
NPY→GRM7,0.0,0.0,0.0,0.0,0.0,0.0,0.0,0.0,0.0,0.0
NPY→MC4R,0.0,0.0,0.0,0.0,0.0,0.0,0.0,0.0,0.0,0.0
NPY→MTNR1A,0.0,0.0,0.0,0.0,0.0,0.0,0.0,0.0,0.0,0.0
NPY→NPFFR2,3.3375581882654017e-06,3.3375581882654017e-06,0.0,0.0,0.0,0.0,0.0,3.3375581882654017e-06,0.0,0.0
NPY→NPY1R,1.170410104683417e-06,1.170410104683417e-06,0.0,0.0,0.0,0.0,0.0,1.170410104683417e-06,0.0,0.0
NPY→NPY2R,1.029604620956546e-06,1.029604620956546e-06,0.0,0.0,0.0,0.0,0.0,1.029604620956546e-06,0.0,0.0
NPY→NPY4R,0.0,0.0,0.0,0.0,0.0,0.0,0.0,0.0,0.0,0.0
NPY→NPY5R,2.8500916293550246e-06,2.8500916293550246e-06,0.0,0.0,0.0,0.0,0.0,2.8500916293550246e-06,0.0,0.0
NPY→PRLHR,0.0,0.0,0.0,0.0,0.0,0.0,0.0,0.0,0.0,0.0
NR0B2→FGFRL1,0.0,0.0,0.0,0.0,0.0,0.0,0.0,0.0,0.0,0.0
NRG1→ADGRL1,4.78430435035976e-08,4.78430435035976e-08,1.6159551677960952e-05,1.6159551677960952e-05,1.6159551677960952e-05,0.00011975076952101365,1.6159551677960952e-05,4.78430435035976e-08,1.6159551677960952e-05,1.6159551677960952e-05
NRG1→EGFR,4.1744872180248075e-07,4.1744872180248075e-07,0.0,0.0,0.0,0.0,0.0,4.1744872180248075e-07,0.0,0.0
NRG1→FCAMR,1.8152362879067803e-06,1.8152362879067803e-06,0.0,0.0,0.0,0.0,0.0,1.8152362879067803e-06,0.0,0.0
NRG1→GPC1,1.4136647727671352e-07,1.4136647727671352e-07,0.0,0.0,0.0,0.0,0.0,1.4136647727671352e-07,0.0,0.0
NRG1→HLA-DPB1,2.7736982996204183e-06,2.7736982996204183e-06,0.0,0.0,0.0,0.0,0.0,2.7736982996204183e-06,0.0,0.0
NRG1→LGR4,1.5318650959828937e-06,1.5318650959828937e-06,0.0,0.0,0.0,0.0,0.0,1.5318650959828937e-06,0.0,0.0
NRG1→LSR,7.60369873885758e-08,7.60369873885758e-08,0.0,0.0,0.0,0.0,0.0,7.60369873885758e-08,0.0,0.0
NRG1→MS4A4A,0.0,0.0,0.0,0.0,0.0,0.0,0.0,0.0,0.0,0.0
NRG1→NETO2,1.9625170979406245e-06,1.9625170979406245e-06,0.0,0.0,0.0,0.0,0.0,1.9625170979406245e-06,0.0,0.0
NRG1→SIGLEC7,0.0,0.0,0.0,0.0,0.0,0.0,0.0,0.0,0.0,0.0
NRG2→LRRTM2,3.1283899471810537e-07,3.1283899471810537e-07,0.00031487602325058495,0.00031487602325058495,0.00031487602325058495,0.0,0.00031487602325058495,3.1283899471810537e-07,0.00031487602325058495,0.00031487602325058495
NRG2→MOG,3.825962834974007e-06,3.825962834974007e-06,0.0,0.0,0.0,0.0005527238506123391,0.0,3.825962834974007e-06,0.0,0.0
NRG2→MPIG6B,3.242123658982684e-06,3.242123658982684e-06,0.0,0.0,0.0,0.0,0.0,3.242123658982684e-06,0.0,0.0
NRG2→NRP2,0.0,0.0,0.0,0.0,0.0,0.0,0.0,0.0,0.0,0.0
NRG3→EGFR,0.0,0.0,0.0,0.0,0.0,3.984936660133931e-05,0.0,0.0,0.0,0.0
NRG3→ERBB3,1.3714491263393993e-06,1.3714491263393993e-06,0.0,0.0,0.0,1.5607677618707224e-05,0.0,1.3714491263393993e-06,0.0,0.0
NRG4→EGFR,3.4083404354176155e-07,3.4083404354176155e-07,0.0,0.0,0.0,0.0,0.0,3.4083404354176155e-07,0.0,0.0
NRTN→GFRA3,3.0210310738944508e-05,3.0210310738944508e-05,0.0,0.0,0.0,0.0,0.0,3.0210310738944508e-05,0.0,0.0
NRXN1→NLGN1,5.581572738423264e-07,5.581572738423264e-07,0.0,0.0,0.0,0.0,0.0,5.581572738423264e-07,0.0,0.0
NRXN1→NLGN2,1.9559212236974446e-06,1.9559212236974446e-06,0.0,0.0,0.0,0.0,0.0,1.9559212236974446e-06,0.0,0.0
NRXN1→NLGN3,7.988070595975282e-07,7.988070595975282e-07,0.0,0.0,0.0,0.0,0.0,7.988070595975282e-07,0.0,0.0
NRXN2→NLGN1,3.2399117165770745e-06,3.2399117165770745e-06,0.0,0.0,0.0,0.0,0.0,3.2399117165770745e-06,0.0,0.0
NRXN2→NLGN2,2.996212123554993e-07,2.996212123554993e-07,0.0,0.0,0.0,0.0,0.0,2.996212123554993e-07,0.0,0.0
NRXN2→NLGN3,8.818892155616522e-08,8.818892155616522e-08,0.0,0.0,0.0,0.0,0.0,8.818892155616522e-08,0.0,0.0
NRXN3→NLGN1,3.1997926816140136e-07,3.1997926816140136e-07,0.0,0.0,0.0,0.0,0.0,3.1997926816140136e-07,0.0,0.0
NRXN3→NLGN2,5.5139317846558245e-06,5.5139317846558245e-06,0.0,0.0,0.0,0.0,0.0,5.5139317846558245e-06,0.0,0.0
NRXN3→NLGN3,7.019540562103826e-07,7.019540562103826e-07,0.0,0.0,0.0,0.0,0.0,7.019540562103826e-07,0.0,0.0
NTF3→NGFR,6.112511568312914e-06,6.112511568312914e-06,0.0,0.0,0.0,0.0,0.0,6.112511568312914e-06,0.0,0.0
NTF3→NTRK1,0.0,0.0,0.0,0.0,0.0,0.0,0.0,0.0,0.0,0.0
NTF3→NTRK2,1.0212444212284291e-07,1.0212444212284291e-07,7.288365041760061e-05,7.288365041760061e-05,7.288365041760061e-05,0.0,7.288365041760061e-05,1.0212444212284291e-07,7.288365041760061e-05,7.288365041760061e-05
NTF3→NTRK3,2.0139363651532746e-08,2.0139363651532746e-08,0.0,0.0,0.0,0.0,0.0,2.0139363651532746e-08,0.0,0.0
NTF4→BEX3,6.900676212011685e-07,6.900676212011685e-07,0.0,0.0,0.0,0.0,0.0,6.900676212011685e-07,0.0,0.0
NTF4→NGFR,1.5197768071032502e-07,1.5197768071032502e-07,1.966590092838423e-05,1.966590092838423e-05,1.966590092838423e-05,0.0,1.966590092838423e-05,1.5197768071032502e-07,1.966590092838423e-05,1.966590092838423e-05
NTF4→NTRK1,6.683300295976236e-05,6.683300295976236e-05,0.0,0.0,0.0,0.0,0.0,6.683300295976236e-05,0.0,0.0
NTF4→NTRK2,2.850470502719118e-05,2.850470502719118e-05,0.0,0.0,0.0,4.925583642149656e-05,0.0,2.850470502719118e-05,0.0,0.0
NTN1→ADORA2B,0.0,0.0,0.0,0.0,0.0,0.0,0.0,0.0,0.0,0.0
NTN1→DCC,0.0,0.0,0.0,0.0,0.0,0.0,0.0,0.0,0.0,0.0
NTN1→DSCAM,2.4490035805457345e-06,2.4490035805457345e-06,0.0,0.0,0.0,0.0,0.0,2.4490035805457345e-06,0.0,0.0
NTN1→MCAM,3.0862887706462075e-06,3.0862887706462075e-06,0.0,0.0,0.0,0.0,0.0,3.0862887706462075e-06,0.0,0.0
NTN1→NEO1,2.737874733018387e-06,2.737874733018387e-06,0.0,0.0,0.0,0.0,0.0,2.737874733018387e-06,0.0,0.0
NTN1→UNC5A,2.217580085608704e-06,2.217580085608704e-06,0.0002591376215360944,0.0002591376215360944,0.0002591376215360944,0.0,0.0002591376215360944,2.217580085608704e-06,0.0002591376215360944,0.0002591376215360944
NTN1→UNC5B,1.2591134402159896e-06,1.2591134402159896e-06,0.0,0.0,0.0,0.0,0.0,1.2591134402159896e-06,0.0,0.0
NTN1→UNC5C,1.1742391612342819e-06,1.1742391612342819e-06,0.0001714109166640403,0.0001714109166640403,0.0001714109166640403,0.0,0.0001714109166640403,1.1742391612342819e-06,0.0001714109166640403,0.0001714109166640403
NTN1→UNC5D,1.1480329488920784e-05,1.1480329488920784e-05,0.0,0.0,0.0,0.0,0.0,1.1480329488920784e-05,0.0,0.0
NTN3→CDON,0.0,0.0,0.0,0.0,0.0,0.0,0.0,0.0,0.0,0.0
NTN3→NEO1,7.89069811192651e-05,7.89069811192651e-05,2.450042460860343e-05,2.450042460860343e-05,2.450042460860343e-05,0.0,2.450042460860343e-05,7.89069811192651e-05,2.450042460860343e-05,2.450042460860343e-05
NTN4→DCC,0.0,0.0,0.0,0.0,0.0,0.0,0.0,0.0,0.0,0.0
NTN4→UNC5A,5.585913437751486e-06,5.585913437751486e-06,0.002488615787428964,0.002488615787428964,0.002488615787428964,0.0,0.002488615787428964,5.585913437751486e-06,0.002488615787428964,0.002488615787428964
NTNG1→LRRC4C,0.0,0.0,8.407427727486692e-05,8.407427727486692e-05,8.407427727486692e-05,0.0,8.407427727486692e-05,0.0,8.407427727486692e-05,8.407427727486692e-05
NTNG2→LRRC4,0.0,0.0,0.0001250841850668476,0.0001250841850668476,0.0001250841850668476,0.0,0.0001250841850668476,0.0,0.0001250841850668476,0.0001250841850668476
NTNG2→LRRC4C,0.0,0.0,0.0,0.0,0.0,0.0,0.0,0.0,0.0,0.0
NTRK3→PTPRD,6.800210500662188e-07,6.800210500662188e-07,0.0,0.0,0.0,0.0,0.0,6.800210500662188e-07,0.0,0.0
NTRK3→PTPRF,3.9304393679402363e-07,3.9304393679402363e-07,0.00023431201025074275,0.00023431201025074275,0.00023431201025074275,0.0,0.00023431201025074275,3.9304393679402363e-07,0.00023431201025074275,0.00023431201025074275
NTRK3→PTPRS,0.0,0.0,0.0,0.0,0.0,0.00030733214622950594,0.0,0.0,0.0,0.0
NTS→NGFR,0.0,0.0,0.0,0.0,0.0,0.0,0.0,0.0,0.0,0.0
NTS→NTSR1,8.252122884642127e-08,8.252122884642127e-08,0.0,0.0,0.0,0.0,0.0,8.252122884642127e-08,0.0,0.0
NTS→NTSR2,0.0,0.0,0.0,0.0,0.0,0.0,0.0,0.0,0.0,0.0
NTS→SORT1,3.625165881981115e-07,3.625165881981115e-07,0.0,0.0,0.0,0.0,0.0,3.625165881981115e-07,0.0,0.0
NUCB2→ERAP1,8.397503483883005e-07,8.397503483883005e-07,0.0,0.0,0.0,0.0,0.0,8.397503483883005e-07,0.0,0.0
NXPH1→NRXN1,2.7514220168814677e-06,2.7514220168814677e-06,0.0,0.0,0.0,0.0,0.0,2.7514220168814677e-06,0.0,0.0
NXPH1→NRXN2,1.3114420161123822e-06,1.3114420161123822e-06,0.0,0.0,0.0,0.0,0.0,1.3114420161123822e-06,0.0,0.0
NXPH1→NRXN3,5.6612242848755014e-08,5.6612242848755014e-08,0.0,0.0,0.0,0.0,0.0,5.6612242848755014e-08,0.0,0.0
NXPH2→NRXN1,4.162277361066789e-07,4.162277361066789e-07,0.0,0.0,0.0,0.0,0.0,4.162277361066789e-07,0.0,0.0
NXPH3→NRXN1,0.0,0.0,0.0,0.0,0.0,0.0,0.0,0.0,0.0,0.0
NXPH3→NRXN2,3.7287230725269177e-07,3.7287230725269177e-07,0.0,0.0,0.0,0.0,0.0,3.7287230725269177e-07,0.0,0.0
NXPH3→NRXN3,0.0,0.0,0.0,0.0,0.0,0.0,0.0,0.0,0.0,0.0
OBP2A→OR1G1,0.0,0.0,0.0,0.0,0.0,0.0,0.0,0.0,0.0,0.0
OLFM2→ROBO2,0.0,0.0,0.0,0.0,0.0,0.0,0.0,0.0,0.0,0.0
OMG→LINGO1,0.0,0.0,0.0,0.0,0.0,0.0,0.0,0.0,0.0,0.0
OMG→NGFR,0.0,0.0,0.0,0.0,0.0,0.0,0.0,0.0,0.0,0.0
OMG→RTN4R,2.1732771869857317e-06,2.1732771869857317e-06,0.0,0.0,0.0,0.0,0.0,2.1732771869857317e-06,0.0,0.0
OMG→RTN4RL1,5.215811077083558e-08,5.215811077083558e-08,0.0,0.0,0.0,0.0,0.0,5.215811077083558e-08,0.0,0.0
OMG→TNFRSF1B,3.3351590990135053e-06,3.3351590990135053e-06,0.0,0.0,0.0,0.0,0.0,3.3351590990135053e-06,0.0,0.0
ORM1→CCR5,3.795814376939486e-05,3.795814376939486e-05,0.0,0.0,0.0,0.0,0.0,3.795814376939486e-05,0.0,0.0
OSTN→NPR3,0.0,0.0,0.0,0.0,0.0,0.0,0.0,0.0,0.0,0.0
OXT→AVPR1A,5.313534488843706e-07,5.313534488843706e-07,0.0,0.0,0.0,0.0,0.0,5.313534488843706e-07,0.0,0.0
OXT→AVPR1B,0.0,0.0,0.0,0.0,0.0,0.0,0.0,0.0,0.0,0.0
OXT→AVPR2,1.4289573893503418e-07,1.4289573893503418e-07,0.0,0.0,0.0,0.0,0.0,1.4289573893503418e-07,0.0,0.0
OXT→OXTR,3.599009618996282e-08,3.599009618996282e-08,0.0,0.0,0.0,0.0,0.0,3.599009618996282e-08,0.0,0.0
P4HB→MTTP,3.524770415846222e-06,3.524770415846222e-06,0.0,0.0,0.0,0.0003164391698426673,0.0,3.524770415846222e-06,0.0,0.0
PAM→DPP4,5.858570207857714e-06,5.858570207857714e-06,0.0,0.0,0.0,0.0,0.0,5.858570207857714e-06,0.0,0.0
PAM→FAP,1.78118432242678e-07,1.78118432242678e-07,0.0,0.0,0.0,0.0,0.0,1.78118432242678e-07,0.0,0.0
PCNA→NCR2,1.833566079437951e-07,1.833566079437951e-07,0.0,0.0,0.0,0.0,0.0,1.833566079437951e-07,0.0,0.0
PCSK1N→GPR171,1.4459214232862196e-07,1.4459214232862196e-07,0.0,0.0,0.0,0.0,0.0,1.4459214232862196e-07,0.0,0.0
PCSK9→APLP2,5.358030529864854e-08,5.358030529864854e-08,0.0,0.0,0.0,0.0,0.0,5.358030529864854e-08,0.0,0.0
PCSK9→CD36,0.0,0.0,0.0,0.0,0.0,0.0,0.0,0.0,0.0,0.0
PCSK9→CD81,1.4839644869142268e-06,1.4839644869142268e-06,0.0,0.0,0.0,0.0,0.0,1.4839644869142268e-06,0.0,0.0
PCSK9→LDLR,6.965489948951461e-08,6.965489948951461e-08,1.5625097352365624e-05,1.5625097352365624e-05,1.5625097352365624e-05,0.0,1.5625097352365624e-05,6.965489948951461e-08,1.5625097352365624e-05,1.5625097352365624e-05
PCSK9→LRP1,7.27052463554319e-08,7.27052463554319e-08,0.0,0.0,0.0,0.0,0.0,7.27052463554319e-08,0.0,0.0
PCSK9→LRP8,0.0,0.0,0.0,0.0,0.0,0.0,0.0,0.0,0.0,0.0
PCSK9→SORT1,4.291543380703299e-07,4.291543380703299e-07,0.0,0.0,0.0,0.0,0.0,4.291543380703299e-07,0.0,0.0
PCSK9→VLDLR,1.4158403631802736e-07,1.4158403631802736e-07,0.0,0.0,0.0,0.0,0.0,1.4158403631802736e-07,0.0,0.0
PDAP1→PDGFRB,0.0,0.0,0.0,0.0,0.0,3.646270737814468e-05,0.0,0.0,0.0,0.0
PDCD1LG2→PDCD1,1.7154728169193772e-06,1.7154728169193772e-06,0.0,0.0,0.0,0.0,0.0,1.7154728169193772e-06,0.0,0.0
PDCD1LG2→PDCD2,2.770002159220552e-07,2.770002159220552e-07,0.0,0.0,0.0,0.0,0.0,2.770002159220552e-07,0.0,0.0
PDCD1LG2→RGMB,1.7385620535408264e-06,1.7385620535408264e-06,0.0,0.0,0.0,0.0,0.0,1.7385620535408264e-06,0.0,0.0
PDGFA→PDGFRA,0.0,0.0,0.0,0.0,0.0,0.0,0.0,0.0,0.0,0.0
PDGFA→PDGFRB,7.072550397424487e-06,7.072550397424487e-06,0.0,0.0,0.0,0.0,0.0,7.072550397424487e-06,0.0,0.0
PDGFB→ADGRV1,9.648007015630998e-08,9.648007015630998e-08,0.00037130524201885537,0.00037130524201885537,0.00037130524201885537,0.0002504116526477548,0.00037130524201885537,9.648007015630998e-08,0.00037130524201885537,0.00037130524201885537
PDGFB→ART1,0.0,0.0,0.0,0.0,0.0,0.0,0.0,0.0,0.0,0.0
PDGFB→ITGAV,2.4669442705567575e-08,2.4669442705567575e-08,0.0,0.0,0.0,0.0,0.0,2.4669442705567575e-08,0.0,0.0
PDGFB→LRP1,0.0,0.0,0.0,0.0,0.0,0.0,0.0,0.0,0.0,0.0
PDGFB→S1PR1,4.099529220619583e-08,4.099529220619583e-08,0.0,0.0,0.0,0.0,0.0,4.099529220619583e-08,0.0,0.0
PDGFC→FLT1,6.869044393641267e-08,6.869044393641267e-08,0.0,0.0,0.0,0.0016977567563017017,0.0,6.869044393641267e-08,0.0,0.0
PDGFC→FLT4,3.659310565206478e-06,3.659310565206478e-06,0.0004923483782886907,0.0004923483782886907,0.0004923483782886907,0.0,0.0004923483782886907,3.659310565206478e-06,0.0004923483782886907,0.0004923483782886907
PDGFC→KDR,0.0,0.0,0.0,0.0,0.0,0.0,0.0,0.0,0.0,0.0
PDGFC→PDGFRA,0.0,0.0,0.0,0.0,0.0,0.0,0.0,0.0,0.0,0.0
PDGFC→PDGFRB,0.0,0.0,0.0,0.0,0.0,0.00035305390185069144,0.0,0.0,0.0,0.0
PDPN→CLEC1B,0.0,0.0,0.0,0.0,0.0,0.0,0.0,0.0,0.0,0.0
PDX1→SLC2A2,2.782092972969016e-05,2.782092972969016e-05,0.0,0.0,0.0,0.0,0.0,2.782092972969016e-05,0.0,0.0
PDYN→ADRA2A,0.0,0.0,0.0,0.0,0.0,0.0,0.0,0.0,0.0,0.0
PDYN→GRM7,0.0,0.0,0.0,0.0,0.0,0.0,0.0,0.0,0.0,0.0
PDYN→MTNR1A,3.081569525723656e-05,3.081569525723656e-05,0.0,0.0,0.0,0.0,0.0,3.081569525723656e-05,0.0,0.0
PDYN→OPRD1,2.183726935131943e-07,2.183726935131943e-07,0.0,0.0,0.0,0.0,0.0,2.183726935131943e-07,0.0,0.0
PDYN→OPRK1,0.0001749909580963583,0.0001749909580963583,0.0,0.0,0.0,0.0,0.0,0.0001749909580963583,0.0,0.0
PDYN→OPRL1,1.821764021961049e-05,1.821764021961049e-05,0.0,0.0,0.0,0.0,0.0,1.821764021961049e-05,0.0,0.0
PDYN→OPRM1,0.00014010496113611297,0.00014010496113611297,0.0,0.0,0.0,0.0,0.0,0.00014010496113611297,0.0,0.0
PENK→ADRA2A,0.0,0.0,0.0003587166279532826,0.0003587166279532826,0.0003587166279532826,0.0,0.0003587166279532826,0.0,0.0003587166279532826,0.0003587166279532826
PENK→GRM7,8.681895931432864e-05,8.681895931432864e-05,0.0,0.0,0.0,0.0,0.0,8.681895931432864e-05,0.0,0.0
PENK→MRGPRX1,0.0,0.0,0.0,0.0,0.0,0.0,0.0,0.0,0.0,0.0
PENK→MTNR1A,0.0,0.0,0.0,0.0,0.0,0.0,0.0,0.0,0.0,0.0
PENK→OGFR,0.0,0.0,0.0,0.0,0.0,1.4855922275016715e-05,0.0,0.0,0.0,0.0
PENK→OPRD1,0.0,0.0,0.0,0.0,0.0,0.0,0.0,0.0,0.0,0.0
PENK→OPRK1,0.0,0.0,0.0,0.0,0.0,0.0,0.0,0.0,0.0,0.0
PENK→OPRL1,6.43121287334614e-08,6.43121287334614e-08,0.0,0.0,0.0,0.0,0.0,6.43121287334614e-08,0.0,0.0
PENK→OPRM1,9.25651222451545e-07,9.25651222451545e-07,0.0,0.0,0.0,0.0,0.0,9.25651222451545e-07,0.0,0.0
PF4V1→CXCR3,7.188026552004915e-06,7.188026552004915e-06,0.0,0.0,0.0,0.0,0.0,7.188026552004915e-06,0.0,0.0
PF4→ACKR1,1.83735377436546e-05,1.83735377436546e-05,0.0,0.0,0.0,0.0,0.0,1.83735377436546e-05,0.0,0.0
PF4→ADRA2A,5.945845660448869e-07,5.945845660448869e-07,0.0,0.0,0.0,0.0,0.0,5.945845660448869e-07,0.0,0.0
PF4→CXCR3,2.3355620598820584e-07,2.3355620598820584e-07,0.0,0.0,0.0,0.0,0.0,2.3355620598820584e-07,0.0,0.0
PF4→FGFR2,2.051131331875472e-06,2.051131331875472e-06,0.0,0.0,0.0,0.0,0.0,2.051131331875472e-06,0.0,0.0
PF4→GRM7,8.296075704111557e-06,8.296075704111557e-06,0.0,0.0,0.0,0.0,0.0,8.296075704111557e-06,0.0,0.0
PF4→LDLR,0.0,0.0,0.0,0.0,0.0,0.0,0.0,0.0,0.0,0.0
PF4→LRP1,1.4116496810845695e-06,1.4116496810845695e-06,0.0,0.0,0.0,0.0,0.0,1.4116496810845695e-06,0.0,0.0
PF4→MTNR1A,0.0,0.0,0.0,0.0,0.0,0.0,0.0,0.0,0.0,0.0
PF4→PROCR,0.0,0.0,0.0,0.0,0.0,0.00010528287758790903,0.0,0.0,0.0,0.0
PF4→SDC2,6.799440968998029e-07,6.799440968998029e-07,0.0019815425229450954,0.0019815425229450954,0.0019815425229450954,0.0,0.0019815425229450954,6.799440968998029e-07,0.0019815425229450954,0.0019815425229450954
PF4→THBD,1.0556896631505654e-06,1.0556896631505654e-06,0.0,0.0,0.0,0.0004333931583728964,0.0,1.0556896631505654e-06,0.0,0.0
PGF→NRP1,4.2487677907719566e-07,4.2487677907719566e-07,0.0,0.0,0.0,0.0,0.0,4.2487677907719566e-07,0.0,0.0
PGF→NRP2,0.0,0.0,0.0,0.0,0.0,0.0,0.0,0.0,0.0,0.0
PGLYRP1→TREM1,4.177128431510411e-07,4.177128431510411e-07,0.0,0.0,0.0,0.0,0.0,4.177128431510411e-07,0.0,0.0
PI16→MFAP3L,1.9136252073318843e-07,1.9136252073318843e-07,0.00036897527899301165,0.00036897527899301165,0.00036897527899301165,0.0,0.00036897527899301165,1.9136252073318843e-07,0.00036897527899301165,0.00036897527899301165
PI16→TNFRSF21,1.134768986444018e-06,1.134768986444018e-06,0.0,0.0,0.0,8.853487596175864e-05,0.0,1.134768986444018e-06,0.0,0.0
PI3→PLD2,1.4891138763863495e-07,1.4891138763863495e-07,2.405631280875027e-05,2.405631280875027e-05,2.405631280875027e-05,0.0,2.405631280875027e-05,1.4891138763863495e-07,2.405631280875027e-05,2.405631280875027e-05
PIGA→PIGR,1.0569409706621999e-05,1.0569409706621999e-05,0.0,0.0,0.0,0.0,0.0,1.0569409706621999e-05,0.0,0.0
PIGF→FLT1,4.797158863124772e-09,4.797158863124772e-09,0.0,0.0,0.0,0.0,0.0,4.797158863124772e-09,0.0,0.0
PIP→AQP5,3.202041679669751e-07,3.202041679669751e-07,0.00011181129967326349,0.00011181129967326349,0.00011181129967326349,0.0,0.00011181129967326349,3.202041679669751e-07,0.00011181129967326349,0.00011181129967326349
PIP→CD4,7.436620022842718e-06,7.436620022842718e-06,0.0,0.0,0.0,0.0,0.0,7.436620022842718e-06,0.0,0.0
PIP→NPTN,2.129665402708926e-07,2.129665402708926e-07,0.0,0.0,0.0,0.0,0.0,2.129665402708926e-07,0.0,0.0
PKM→CD44,0.0,0.0,0.0,0.0,0.0,0.0022501617036228393,0.0,0.0,0.0,0.0
PLA2G10→PLA2R1,2.499878485039425e-06,2.499878485039425e-06,0.0,0.0,0.0,0.0,0.0,2.499878485039425e-06,0.0,0.0
PLA2G2A→EGFR,1.4929104582878978e-06,1.4929104582878978e-06,0.0,0.0,0.0,0.0,0.0,1.4929104582878978e-06,0.0,0.0
PLA2G2A→ERBB3,1.1225679927363563e-07,1.1225679927363563e-07,0.0,0.0,0.0,0.0,0.0,1.1225679927363563e-07,0.0,0.0
PLA2G2A→ITGA4,4.11892801965691e-08,4.11892801965691e-08,0.0,0.0,0.0,0.0,0.0,4.11892801965691e-08,0.0,0.0
PLA2G2A→ITGA5,7.637641300232344e-07,7.637641300232344e-07,0.00013515702004978248,0.00013515702004978248,0.00013515702004978248,0.0,0.00013515702004978248,7.637641300232344e-07,0.00013515702004978248,0.00013515702004978248
PLA2G2A→ITGAV,2.8350662667573643e-07,2.8350662667573643e-07,0.0,0.0,0.0,0.00014983457751256623,0.0,2.8350662667573643e-07,0.0,0.0
PLA2G2A→ITGB1,0.0,0.0,7.519969566113803e-05,7.519969566113803e-05,7.519969566113803e-05,0.0009536701214602685,7.519969566113803e-05,0.0,7.519969566113803e-05,7.519969566113803e-05
PLA2G2A→ITGB3,3.3270981768931756e-08,3.3270981768931756e-08,0.0,0.0,0.0,0.0,0.0,3.3270981768931756e-08,0.0,0.0
PLAT→ITGAM,7.575982940108483e-05,7.575982940108483e-05,0.0,0.0,0.0,0.0,0.0,7.575982940108483e-05,0.0,0.0
PLAT→LRP1,6.94493097609561e-08,6.94493097609561e-08,2.669876457249317e-05,2.669876457249317e-05,2.669876457249317e-05,0.0,2.669876457249317e-05,6.94493097609561e-08,2.669876457249317e-05,2.669876457249317e-05
PLAU→IGF2R,1.1398640442473102e-06,1.1398640442473102e-06,0.0004089207796198967,0.0004089207796198967,0.0004089207796198967,0.0,0.0004089207796198967,1.1398640442473102e-06,0.0004089207796198967,0.0004089207796198967
PLAU→ITGA3,0.0,0.0,0.0,0.0,0.0,0.000513625040893321,0.0,0.0,0.0,0.0
PLAU→ITGA5,4.4753410675139266e-07,4.4753410675139266e-07,0.0,0.0,0.0,0.0,0.0,4.4753410675139266e-07,0.0,0.0
PLAU→ITGAM,0.0,0.0,0.0,0.0,0.0,0.0,0.0,0.0,0.0,0.0
PLAU→ITGB1,6.834859543556817e-06,6.834859543556817e-06,0.0,0.0,0.0,0.0,0.0,6.834859543556817e-06,0.0,0.0
PLAU→ITGB5,8.168537623700818e-08,8.168537623700818e-08,0.0,0.0,0.0,0.0,0.0,8.168537623700818e-08,0.0,0.0
PLAU→LRP1,2.9495136390450614e-07,2.9495136390450614e-07,0.0,0.0,0.0,0.0,0.0,2.9495136390450614e-07,0.0,0.0
PLAU→LRP2,8.321984329603621e-05,8.321984329603621e-05,0.0,0.0,0.0,0.0,0.0,8.321984329603621e-05,0.0,0.0
PLAU→PLAUR,3.273393885550034e-07,3.273393885550034e-07,0.0,0.0,0.0,0.0,0.0,3.273393885550034e-07,0.0,0.0
PLAU→ST14,3.661137674314069e-05,3.661137674314069e-05,0.0,0.0,0.0,0.00021286604107708502,0.0,3.661137674314069e-05,0.0,0.0
PLAU→VLDLR,0.00014488076715320019,0.00014488076715320019,0.0,0.0,0.0,0.0,0.0,0.00014488076715320019,0.0,0.0
PLG→F2R,0.0,0.0,0.0,0.0,0.0,0.0,0.0,0.0,0.0,0.0
PLG→F2RL1,3.6923401127250403e-06,3.6923401127250403e-06,0.0,0.0,0.0,0.0,0.0,3.6923401127250403e-06,0.0,0.0
PLG→F2RL2,0.0,0.0,0.0,0.0,0.0,0.0,0.0,0.0,0.0,0.0
PLG→F2RL3,0.0,0.0,0.0,0.0,0.0,0.0,0.0,0.0,0.0,0.0
PLG→F3,0.0,0.0,0.0,0.0,0.0,0.0,0.0,0.0,0.0,0.0
PLG→FLT1,2.446081438383808e-07,2.446081438383808e-07,0.0,0.0,0.0,0.0,0.0,2.446081438383808e-07,0.0,0.0
PLG→IGF2R,1.4673390136463874e-07,1.4673390136463874e-07,0.0,0.0,0.0,0.0,0.0,1.4673390136463874e-07,0.0,0.0
PLG→ITGA9,0.0,0.0,0.0,0.0,0.0,0.0,0.0,0.0,0.0,0.0
PLG→ITGAM,1.6935480960453948e-06,1.6935480960453948e-06,0.0,0.0,0.0,0.0,0.0,1.6935480960453948e-06,0.0,0.0
PLG→ITGB1,3.407495349929906e-06,3.407495349929906e-06,6.442970358572583e-06,6.442970358572583e-06,6.442970358572583e-06,0.0,6.442970358572583e-06,3.407495349929906e-06,6.442970358572583e-06,6.442970358572583e-06
PLG→ITGB2,6.417799999906199e-07,6.417799999906199e-07,0.0,0.0,0.0,0.0,0.0,6.417799999906199e-07,0.0,0.0
PLG→PARD3,7.425168568907022e-07,7.425168568907022e-07,0.0,0.0,0.0,0.0,0.0,7.425168568907022e-07,0.0,0.0
PLG→PLAUR,0.0,0.0,0.0,0.0,0.0,0.0,0.0,0.0,0.0,0.0
PLG→PLGRKT,0.0,0.0,0.0,0.0,0.0,0.0,0.0,0.0,0.0,0.0
PLTP→ABCA1,5.5570101530843254e-08,5.5570101530843254e-08,0.0,0.0,0.0,0.0,0.0,5.5570101530843254e-08,0.0,0.0
PMCH→ADRA2A,1.0798059837810976e-06,1.0798059837810976e-06,0.0,0.0,0.0,0.0,0.0,1.0798059837810976e-06,0.0,0.0
PMCH→GRM7,0.0,0.0,0.0,0.0,0.0,0.0,0.0,0.0,0.0,0.0
PMCH→MCHR1,0.0,0.0,0.0,0.0,0.0,0.0,0.0,0.0,0.0,0.0
PMCH→MCHR2,0.0,0.0,0.0,0.0,0.0,0.0,0.0,0.0,0.0,0.0
PMCH→MERTK,2.4971196517302497e-07,2.4971196517302497e-07,0.0,0.0,0.0,0.0,0.0,2.4971196517302497e-07,0.0,0.0
PMCH→MTNR1A,0.0,0.0,0.0,0.0,0.0,0.0,0.0,0.0,0.0,0.0
PNOC→ADRA2A,0.0,0.0,0.0,0.0,0.0,0.0,0.0,0.0,0.0,0.0
PNOC→GRM7,1.950032003812714e-05,1.950032003812714e-05,0.0,0.0,0.0,4.1039406383010737e-05,0.0,1.950032003812714e-05,0.0,0.0
PNOC→MTNR1A,0.0,0.0,0.0,0.0,0.0,0.0,0.0,0.0,0.0,0.0
PNOC→OPRL1,1.7287339206645348e-07,1.7287339206645348e-07,0.0,0.0,0.0,0.0,0.0,1.7287339206645348e-07,0.0,0.0
PODXL2→SELL,0.0,0.0,0.0,0.0,0.0,0.0,0.0,0.0,0.0,0.0
PODXL→SELL,0.0,0.0,8.600421418953411e-06,8.600421418953411e-06,8.600421418953411e-06,0.0,8.600421418953411e-06,0.0,8.600421418953411e-06,8.600421418953411e-06
POMC→ADCYAP1R1,5.6323716448523715e-06,5.6323716448523715e-06,8.020144247458795e-05,8.020144247458795e-05,8.020144247458795e-05,0.0,8.020144247458795e-05,5.6323716448523715e-06,8.020144247458795e-05,8.020144247458795e-05
POMC→ADRA2A,0.0,0.0,0.0,0.0,0.0,0.0,0.0,0.0,0.0,0.0
POMC→ADRB2,1.2846133416337252e-06,1.2846133416337252e-06,0.0,0.0,0.0,0.0,0.0,1.2846133416337252e-06,0.0,0.0
POMC→ADRB3,2.335332523598747e-06,2.335332523598747e-06,0.0,0.0,0.0,0.0,0.0,2.335332523598747e-06,0.0,0.0
POMC→GPR20,2.5344249620832058e-05,2.5344249620832058e-05,0.0,0.0,0.0,0.0,0.0,2.5344249620832058e-05,0.0,0.0
POMC→GPR84,1.146984497490453e-05,1.146984497490453e-05,0.0,0.0,0.0,0.0,0.0,1.146984497490453e-05,0.0,0.0
POMC→GRM7,1.203501244947182e-07,1.203501244947182e-07,0.0,0.0,0.0,0.0,0.0,1.203501244947182e-07,0.0,0.0
POMC→MC1R,0.0,0.0,0.00012891116439396177,0.00012891116439396177,0.00012891116439396177,0.0,0.00012891116439396177,0.0,0.00012891116439396177,0.00012891116439396177
POMC→MC2R,0.0005558218918443251,0.0005558218918443251,0.0,0.0,0.0,0.0,0.0,0.0005558218918443251,0.0,0.0
POMC→MC3R,1.849077568239898e-08,1.849077568239898e-08,0.0,0.0,0.0,0.0,0.0,1.849077568239898e-08,0.0,0.0
POMC→MC4R,0.0,0.0,0.0,0.0,0.0,0.0,0.0,0.0,0.0,0.0
POMC→MC5R,0.0,0.0,0.0,0.0,0.0,0.0,0.0,0.0,0.0,0.0
POMC→MRAP,0.0006034107941567249,0.0006034107941567249,0.0,0.0,0.0,0.0,0.0,0.0006034107941567249,0.0,0.0
POMC→MTNR1A,4.704548915087536e-06,4.704548915087536e-06,0.0,0.0,0.0,0.0,0.0,4.704548915087536e-06,0.0,0.0
POMC→OPRD1,1.9817028174637255e-06,1.9817028174637255e-06,0.0,0.0,0.0,0.0,0.0,1.9817028174637255e-06,0.0,0.0
POMC→OPRK1,1.6201716952625974e-07,1.6201716952625974e-07,0.0,0.0,0.0,0.0,0.0,1.6201716952625974e-07,0.0,0.0
POMC→OPRL1,0.00022985565040701807,0.00022985565040701807,0.0,0.0,0.0,0.0006719481512951404,0.0,0.00022985565040701807,0.0,0.0
POMC→OPRM1,0.0,0.0,1.7324622291409336e-05,1.7324622291409336e-05,1.7324622291409336e-05,0.0,1.7324622291409336e-05,0.0,1.7324622291409336e-05,1.7324622291409336e-05
POMC→PTH1R,2.8740238308009947e-08,2.8740238308009947e-08,0.0,0.0,0.0,0.0,0.0,2.8740238308009947e-08,0.0,0.0
POMC→RAMP2,8.248190578592923e-08,8.248190578592923e-08,0.0004428263234491903,0.0004428263234491903,0.0004428263234491903,6.653690096043086e-05,0.0004428263234491903,8.248190578592923e-08,0.0004428263234491903,0.0004428263234491903
POMC→RAMP3,6.66564640314589e-08,6.66564640314589e-08,0.0,0.0,0.0,0.0,0.0,6.66564640314589e-08,0.0,0.0
POMC→TSHR,4.225924184705631e-07,4.225924184705631e-07,0.0,0.0,0.0,0.0,0.0,4.225924184705631e-07,0.0,0.0
POMC→VIPR1,2.0861492187922175e-06,2.0861492187922175e-06,6.115854102010442e-05,6.115854102010442e-05,6.115854102010442e-05,0.0,6.115854102010442e-05,2.0861492187922175e-06,6.115854102010442e-05,6.115854102010442e-05
POSTN→PTK7,0.0,0.0,0.0,0.0,0.0,0.0006255547541587615,0.0,0.0,0.0,0.0
PPBP→ACKR1,0.0,0.0,0.0,0.0,0.0,0.0,0.0,0.0,0.0,0.0
PPBP→ADRA2A,5.170368679935806e-06,5.170368679935806e-06,0.0,0.0,0.0,0.0,0.0,5.170368679935806e-06,0.0,0.0
PPBP→CXCR1,2.1063632835806468e-05,2.1063632835806468e-05,0.0,0.0,0.0,0.0,0.0,2.1063632835806468e-05,0.0,0.0
PPBP→CXCR2,6.429566347385156e-07,6.429566347385156e-07,0.0,0.0,0.0,0.0,0.0,6.429566347385156e-07,0.0,0.0
PPBP→GRM7,9.236970501727867e-06,9.236970501727867e-06,0.0,0.0,0.0,0.0,0.0,9.236970501727867e-06,0.0,0.0
PPBP→MTNR1A,0.0,0.0,0.0,0.0,0.0,0.0,0.0,0.0,0.0,0.0
PPY→ADRA2A,0.0,0.0,0.0,0.0,0.0,0.0,0.0,0.0,0.0,0.0
PPY→GPR83,0.0,0.0,0.0,0.0,0.0,0.0,0.0,0.0,0.0,0.0
PPY→GRM7,0.0,0.0,0.0,0.0,0.0,0.0,0.0,0.0,0.0,0.0
PPY→MTNR1A,1.0359826906030817e-06,1.0359826906030817e-06,0.0,0.0,0.0,0.0,0.0,1.0359826906030817e-06,0.0,0.0
PPY→NPY1R,0.0,0.0,0.0,0.0,0.0,0.0,0.0,0.0,0.0,0.0
PPY→NPY2R,0.0,0.0,0.0,0.0,0.0,0.0,0.0,0.0,0.0,0.0
PPY→NPY4R,0.00014070301179384373,0.00014070301179384373,0.0,0.0,0.0,0.0,0.0,0.00014070301179384373,0.0,0.0
PPY→NPY5R,0.0,0.0,0.0,0.0,0.0,0.0,0.0,0.0,0.0,0.0
PRG4→CD44,7.249373516637259e-07,7.249373516637259e-07,0.0,0.0,0.0,0.0,0.0,7.249373516637259e-07,0.0,0.0
PRG4→TLR2,1.2938257188415985e-06,1.2938257188415985e-06,0.00013138938882146232,0.00013138938882146232,0.00013138938882146232,0.0,0.00013138938882146232,1.2938257188415985e-06,0.00013138938882146232,0.00013138938882146232
PRG4→TLR4,1.1313566725003392e-07,1.1313566725003392e-07,0.0,0.0,0.0,0.0,0.0,1.1313566725003392e-07,0.0,0.0
PRLH→PRLHR,0.0,0.0,0.0,0.0,0.0,0.0,0.0,0.0,0.0,0.0
PRL→ERBB2,7.434280786655756e-05,7.434280786655756e-05,0.0,0.0,0.0,0.0,0.0,7.434280786655756e-05,0.0,0.0
PRL→PRLR,0.0,0.0,0.0,0.0,0.0,0.0,0.0,0.0,0.0,0.0
PRND→RPSA,1.4129070636218217e-06,1.4129070636218217e-06,0.00010128101196147803,0.00010128101196147803,0.00010128101196147803,0.0,0.00010128101196147803,1.4129070636218217e-06,0.00010128101196147803,0.00010128101196147803
PROC→ITGAM,2.5512111352256073e-06,2.5512111352256073e-06,0.0,0.0,0.0,0.0,0.0,2.5512111352256073e-06,0.0,0.0
PROC→PROCR,1.0683231062481957e-05,1.0683231062481957e-05,0.0,0.0,0.0,0.0,0.0,1.0683231062481957e-05,0.0,0.0
PROC→TEK,0.0,0.0,0.0,0.0,0.0,0.0,0.0,0.0,0.0,0.0
PROC→THBD,1.9449744500441055e-07,1.9449744500441055e-07,0.0,0.0,0.0,0.00010923350038760009,0.0,1.9449744500441055e-07,0.0,0.0
PROK1→PROKR1,0.0,0.0,0.0,0.0,0.0,0.0,0.0,0.0,0.0,0.0
PROK1→PROKR2,0.0,0.0,0.0,0.0,0.0,0.0,0.0,0.0,0.0,0.0
PROK2→PROKR1,1.302881954451427e-05,1.302881954451427e-05,0.0,0.0,0.0,0.0,0.0,1.302881954451427e-05,0.0,0.0
PROK2→PROKR2,0.0,0.0,0.0,0.0,0.0,0.0,0.0,0.0,0.0,0.0
PROS1→AXL,0.0,0.0,0.0,0.0,0.0,0.0,0.0,0.0,0.0,0.0
PROS1→MERTK,5.711648094196176e-06,5.711648094196176e-06,0.0,0.0,0.0,0.0,0.0,5.711648094196176e-06,0.0,0.0
PROS1→TYRO3,1.1222441770078586e-07,1.1222441770078586e-07,0.0,0.0,0.0,0.0,0.0,1.1222441770078586e-07,0.0,0.0
PRSS1→F2R,5.359825354636761e-07,5.359825354636761e-07,0.0,0.0,0.0,0.0,0.0,5.359825354636761e-07,0.0,0.0
PRSS1→F2RL1,4.660889206575839e-06,4.660889206575839e-06,4.475305635898377e-05,4.475305635898377e-05,4.475305635898377e-05,0.0,4.475305635898377e-05,4.660889206575839e-06,4.475305635898377e-05,4.475305635898377e-05
PRSS1→F2RL2,1.1112651647135214e-06,1.1112651647135214e-06,0.0,0.0,0.0,0.0,0.0,1.1112651647135214e-06,0.0,0.0
PRSS1→F2RL3,0.0,0.0,0.0,0.0,0.0,0.0,0.0,0.0,0.0,0.0
PRSS1→PARD3,2.0467118767977577e-08,2.0467118767977577e-08,0.0,0.0,0.0,0.0,0.0,2.0467118767977577e-08,0.0,0.0
PRSS2→F2R,2.3076341640394235e-07,2.3076341640394235e-07,0.0021119085164125703,0.0021119085164125703,0.0021119085164125703,0.0,0.0021119085164125703,2.3076341640394235e-07,0.0021119085164125703,0.0021119085164125703
PRSS2→F2RL1,1.4601331189297795e-06,1.4601331189297795e-06,3.755823344481942e-05,3.755823344481942e-05,3.755823344481942e-05,0.0,3.755823344481942e-05,1.4601331189297795e-06,3.755823344481942e-05,3.755823344481942e-05
PRSS2→F2RL2,1.1871187119641707e-07,1.1871187119641707e-07,0.0,0.0,0.0,0.0,0.0,1.1871187119641707e-07,0.0,0.0
PRSS2→F2RL3,6.719452565603473e-07,6.719452565603473e-07,0.0,0.0,0.0,0.0,0.0,6.719452565603473e-07,0.0,0.0
PRSS2→PARD3,6.619594002579794e-08,6.619594002579794e-08,0.000621964222980592,0.000621964222980592,0.000621964222980592,0.0,0.000621964222980592,6.619594002579794e-08,0.000621964222980592,0.000621964222980592
PRSS3→F2R,1.0397335699124915e-05,1.0397335699124915e-05,0.0,0.0,0.0,0.0,0.0,1.0397335699124915e-05,0.0,0.0
PRSS3→F2RL1,1.568487847852459e-06,1.568487847852459e-06,1.9125151884509267e-05,1.9125151884509267e-05,1.9125151884509267e-05,0.0,1.9125151884509267e-05,1.568487847852459e-06,1.9125151884509267e-05,1.9125151884509267e-05
PRSS3→F2RL2,0.0,0.0,0.0,0.0,0.0,0.0,0.0,0.0,0.0,0.0
PRSS3→F2RL3,0.0,0.0,0.00020387651294515605,0.00020387651294515605,0.00020387651294515605,0.0,0.00020387651294515605,0.0,0.00020387651294515605,0.00020387651294515605
PRSS3→PARD3,5.476766694340284e-07,5.476766694340284e-07,0.0,0.0,0.0,0.0,0.0,5.476766694340284e-07,0.0,0.0
PSAP→AR,0.0,0.0,0.0,0.0,0.0,0.0,0.0,0.0,0.0,0.0
PSAP→CD1B,1.7358920579080613e-06,1.7358920579080613e-06,0.0,0.0,0.0,0.0,0.0,1.7358920579080613e-06,0.0,0.0
PSAP→CELSR1,6.878437688285797e-07,6.878437688285797e-07,0.0,0.0,0.0,0.0,0.0,6.878437688285797e-07,0.0,0.0
PSAP→GPR37,0.0,0.0,0.0,0.0,0.0,0.0,0.0,0.0,0.0,0.0
PSAP→GPR37L1,2.819928471600851e-06,2.819928471600851e-06,7.402989312127399e-06,7.402989312127399e-06,7.402989312127399e-06,0.0,7.402989312127399e-06,2.819928471600851e-06,7.402989312127399e-06,7.402989312127399e-06
PSAP→LRP1,3.5943641155361126e-07,3.5943641155361126e-07,0.0,0.0,0.0,0.0,0.0,3.5943641155361126e-07,0.0,0.0
PSAP→SORT1,9.62638681637821e-07,9.62638681637821e-07,0.0,0.0,0.0,0.0,0.0,9.62638681637821e-07,0.0,0.0
PSEN1→CD44,3.0308795755545816e-07,3.0308795755545816e-07,0.0,0.0,0.0,0.0,0.0,3.0308795755545816e-07,0.0,0.0
PSEN1→NCSTN,2.6746038908026756e-07,2.6746038908026756e-07,0.022852644413328238,0.022852644413328238,0.022852644413328238,0.0,0.022852644413328238,2.6746038908026756e-07,0.022852644413328238,0.022852644413328238
PSEN1→NOTCH1,0.0,0.0,0.0,0.0,0.0,0.0,0.0,0.0,0.0,0.0
PSEN1→NOTCH2,1.5728594677762297e-06,1.5728594677762297e-06,0.0,0.0,0.0,0.0,0.0,1.5728594677762297e-06,0.0,0.0
PSEN1→NOTCH3,1.9176509732605539e-07,1.9176509732605539e-07,0.0,0.0,0.0,0.0,0.0,1.9176509732605539e-07,0.0,0.0
PSEN1→NOTCH4,1.064384000281516e-06,1.064384000281516e-06,0.0,0.0,0.0,0.0,0.0,1.064384000281516e-06,0.0,0.0
PSG4→DSCAM,0.0,0.0,0.0,0.0,0.0,0.0,0.0,0.0,0.0,0.0
PSG4→TNFSF8,9.388941840779141e-08,9.388941840779141e-08,0.0,0.0,0.0,0.0,0.0,9.388941840779141e-08,0.0,0.0
PSG5→PDGFRA,0.0,0.0,0.0,0.0,0.0,0.0,0.0,0.0,0.0,0.0
PSG5→TNFRSF12A,1.4924358537287025e-06,1.4924358537287025e-06,0.0,0.0,0.0,0.0,0.0,1.4924358537287025e-06,0.0,0.0
PSG6→DSCAM,0.0,0.0,0.0,0.0,0.0,0.0,0.0,0.0,0.0,0.0
PSG7→CLEC4A,3.818974052420885e-06,3.818974052420885e-06,0.0,0.0,0.0,0.0,0.0,3.818974052420885e-06,0.0,0.0
PSG7→DCC,0.0,0.0,0.0,0.0,0.0,0.0,0.0,0.0,0.0,0.0
PSG7→DSCAM,0.0,0.0,0.0,0.0,0.0,0.0,0.0,0.0,0.0,0.0
PSG9→AXL,7.742171024090033e-10,7.742171024090033e-10,0.0,0.0,0.0,0.0,0.0,7.742171024090033e-10,0.0,0.0
PSG9→DCC,1.0286365075549787e-05,1.0286365075549787e-05,0.0,0.0,0.0,0.0,0.0,1.0286365075549787e-05,0.0,0.0
PSG9→DSCAM,0.0004861673244395996,0.0004861673244395996,0.0,0.0,0.0,0.0,0.0,0.0004861673244395996,0.0,0.0
PSPN→GFRA1,1.1258878212306554e-06,1.1258878212306554e-06,0.0,0.0,0.0,0.0,0.0,1.1258878212306554e-06,0.0,0.0
PSPN→GFRA2,0.0,0.0,0.0,0.0,0.0,0.0,0.0,0.0,0.0,0.0
PSPN→GFRA3,7.795103966399423e-06,7.795103966399423e-06,0.0,0.0,0.0,0.00011469915154072839,0.0,7.795103966399423e-06,0.0,0.0
PSPN→SDC3,0.0,0.0,0.0,0.0,0.0,0.0,0.0,0.0,0.0,0.0
PTDSS1→JMJD6,3.534852413013008e-07,3.534852413013008e-07,0.00015787725801878286,0.00015787725801878286,0.00015787725801878286,0.0,0.00015787725801878286,3.534852413013008e-07,0.00015787725801878286,0.00015787725801878286
PTDSS1→SCARB1,8.774538483304122e-07,8.774538483304122e-07,0.00011183906574249544,0.00011183906574249544,0.00011183906574249544,0.0,0.00011183906574249544,8.774538483304122e-07,0.00011183906574249544,0.00011183906574249544
PTGS2→ALOX5,0.0,0.0,0.0,0.0,0.0,0.0,0.0,0.0,0.0,0.0
PTGS2→CAV1,0.0,0.0,0.0,0.0,0.0,0.0,0.0,0.0,0.0,0.0
PTGS2→PTGDR2,7.860972281345099e-05,7.860972281345099e-05,0.0,0.0,0.0,0.0,0.0,7.860972281345099e-05,0.0,0.0
PTH2→ADCYAP1R1,0.0,0.0,0.0,0.0,0.0,0.0,0.0,0.0,0.0,0.0
PTH2→ADRB2,0.0,0.0,0.00011204538709020902,0.00011204538709020902,0.00011204538709020902,3.7496047523587646e-05,0.00011204538709020902,0.0,0.00011204538709020902,0.00011204538709020902
PTH2→ADRB3,6.458829518110636e-05,6.458829518110636e-05,0.0,0.0,0.0,0.0,0.0,6.458829518110636e-05,0.0,0.0
PTH2→GPR20,0.0,0.0,0.0,0.0,0.0,0.0,0.0,0.0,0.0,0.0
PTH2→GPR84,0.0005806275351704062,0.0005806275351704062,0.0,0.0,0.0,0.0010247768485493463,0.0,0.0005806275351704062,0.0,0.0
PTH2→PTH1R,0.0,0.0,0.0,0.0,0.0,0.0,0.0,0.0,0.0,0.0
PTH2→PTH2R,0.0,0.0,0.0,0.0,0.0,0.0,0.0,0.0,0.0,0.0
PTH2→RAMP2,1.0028037175526024e-08,1.0028037175526024e-08,0.0,0.0,0.0,0.0,0.0,1.0028037175526024e-08,0.0,0.0
PTH2→RAMP3,0.0,0.0,0.0,0.0,0.0,0.00021482333690442667,0.0,0.0,0.0,0.0
PTH2→TSHR,8.257581409673471e-07,8.257581409673471e-07,0.0,0.0,0.0,0.0,0.0,8.257581409673471e-07,0.0,0.0
PTH2→VIPR1,0.0,0.0,0.0,0.0,0.0,0.0,0.0,0.0,0.0,0.0
PTHLH→ADCYAP1R1,4.3933423842025923e-08,4.3933423842025923e-08,0.0,0.0,0.0,0.0,0.0,4.3933423842025923e-08,0.0,0.0
PTHLH→ADRB2,5.333824025212277e-08,5.333824025212277e-08,0.0,0.0,0.0,0.0,0.0,5.333824025212277e-08,0.0,0.0
PTHLH→ADRB3,0.0,0.0,0.0,0.0,0.0,0.0,0.0,0.0,0.0,0.0
PTHLH→GPR20,0.0,0.0,0.0,0.0,0.0,0.0,0.0,0.0,0.0,0.0
PTHLH→GPR84,4.053948901897632e-07,4.053948901897632e-07,0.0,0.0,0.0,0.00021641311307747326,0.0,4.053948901897632e-07,0.0,0.0
PTHLH→PRLHR,0.0,0.0,0.0,0.0,0.0,0.0,0.0,0.0,0.0,0.0
PTHLH→PTH1R,9.107180057070856e-08,9.107180057070856e-08,0.0,0.0,0.0,0.0,0.0,9.107180057070856e-08,0.0,0.0
PTHLH→PTH2R,1.0038617551593736e-05,1.0038617551593736e-05,0.0,0.0,0.0,0.0,0.0,1.0038617551593736e-05,0.0,0.0
PTHLH→RAMP2,0.0,0.0,0.0,0.0,0.0,0.0,0.0,0.0,0.0,0.0
PTHLH→RAMP3,1.0126089008459214e-07,1.0126089008459214e-07,0.0,0.0,0.0,0.0,0.0,1.0126089008459214e-07,0.0,0.0
PTHLH→TSHR,3.064208566143677e-05,3.064208566143677e-05,0.00021388093010263343,0.00021388093010263343,0.00021388093010263343,0.0,0.00021388093010263343,3.064208566143677e-05,0.00021388093010263343,0.00021388093010263343
PTHLH→VIPR1,2.1089700205177173e-07,2.1089700205177173e-07,0.0,0.0,0.0,0.0,0.0,2.1089700205177173e-07,0.0,0.0
PTH→ADCYAP1R1,0.0,0.0,0.0,0.0,0.0,0.0,0.0,0.0,0.0,0.0
PTH→ADRB2,0.0005948412794268866,0.0005948412794268866,0.0,0.0,0.0,0.0,0.0,0.0005948412794268866,0.0,0.0
PTH→ADRB3,0.0,0.0,0.0,0.0,0.0,0.0,0.0,0.0,0.0,0.0
PTH→GPR20,0.0,0.0,0.0,0.0,0.0,0.0,0.0,0.0,0.0,0.0
PTH→GPR84,1.9793169538362225e-06,1.9793169538362225e-06,0.0,0.0,0.0,0.0,0.0,1.9793169538362225e-06,0.0,0.0
PTH→LRP6,0.0,0.0,0.0,0.0,0.0,0.0,0.0,0.0,0.0,0.0
PTH→PTH1R,0.0,0.0,0.0,0.0,0.0,0.0,0.0,0.0,0.0,0.0
PTH→PTH2R,8.902273226577444e-05,8.902273226577444e-05,0.0,0.0,0.0,0.0,0.0,8.902273226577444e-05,0.0,0.0
PTH→RAMP2,0.0,0.0,0.0,0.0,0.0,0.0,0.0,0.0,0.0,0.0
PTH→RAMP3,0.0,0.0,0.0,0.0,0.0,0.0,0.0,0.0,0.0,0.0
PTH→TSHR,0.0,0.0,0.0,0.0,0.0,0.0,0.0,0.0,0.0,0.0
PTH→VIPR1,0.0,0.0,0.0,0.0,0.0,0.0,0.0,0.0,0.0,0.0
PTN→ALK,3.3054285854566454e-07,3.3054285854566454e-07,0.0,0.0,0.0,0.0,0.0,3.3054285854566454e-07,0.0,0.0
PTN→CDH10,0.0,0.0,0.0,0.0,0.0,0.0,0.0,0.0,0.0,0.0
PTN→NCL,5.600171705199884e-06,5.600171705199884e-06,3.1408301099648864e-05,3.1408301099648864e-05,3.1408301099648864e-05,0.0,3.1408301099648864e-05,5.600171705199884e-06,3.1408301099648864e-05,3.1408301099648864e-05
PTN→PLXNB2,6.124467809017653e-06,6.124467809017653e-06,0.0,0.0,0.0,0.00028667699496904626,0.0,6.124467809017653e-06,0.0,0.0
PTN→PTPRB,3.007569446616388e-07,3.007569446616388e-07,8.072614438023644e-06,8.072614438023644e-06,8.072614438023644e-06,0.0,8.072614438023644e-06,3.007569446616388e-07,8.072614438023644e-06,8.072614438023644e-06
PTN→PTPRS,0.0,0.0,0.0,0.0,0.0,0.0,0.0,0.0,0.0,0.0
PTN→PTPRZ1,3.1637732715198375e-06,3.1637732715198375e-06,0.0,0.0,0.0,0.0,0.0,3.1637732715198375e-06,0.0,0.0
PTN→SDC1,2.0348736782487857e-07,2.0348736782487857e-07,0.0,0.0,0.0,0.0,0.0,2.0348736782487857e-07,0.0,0.0
PTN→SDC2,0.0,0.0,0.0,0.0,0.0,0.0,0.0,0.0,0.0,0.0
PTN→SDC3,4.439943257871756e-06,4.439943257871756e-06,0.0,0.0,0.0,0.0,0.0,4.439943257871756e-06,0.0,0.0
PTN→SDC4,4.2754150899751075e-06,4.2754150899751075e-06,0.0,0.0,0.0,0.0,0.0,4.2754150899751075e-06,0.0,0.0
PTPN11→FCRL4,2.7745637347063322e-08,2.7745637347063322e-08,0.0,0.0,0.0,0.0,0.0,2.7745637347063322e-08,0.0,0.0
PTPN6→CD300LF,1.9599717377225026e-07,1.9599717377225026e-07,0.0,0.0,0.0,0.0,0.0,1.9599717377225026e-07,0.0,0.0
PTPN6→CLEC12A,0.0,0.0,0.0,0.0,0.0,0.0,0.0,0.0,0.0,0.0
PTPN6→EGFR,1.3459535631382768e-06,1.3459535631382768e-06,0.0,0.0,0.0,0.0,0.0,1.3459535631382768e-06,0.0,0.0
PTPN6→FCRL4,6.182639888562419e-07,6.182639888562419e-07,0.0,0.0,0.0,0.0,0.0,6.182639888562419e-07,0.0,0.0
PYY→ADRA2A,4.273609029634984e-08,4.273609029634984e-08,0.0,0.0,0.0,0.0,0.0,4.273609029634984e-08,0.0,0.0
PYY→DPP4,1.4740120077740233e-07,1.4740120077740233e-07,0.0,0.0,0.0,0.0,0.0,1.4740120077740233e-07,0.0,0.0
PYY→FAP,0.0,0.0,0.0,0.0,0.0,0.0,0.0,0.0,0.0,0.0
PYY→GPR83,2.416717191790108e-07,2.416717191790108e-07,0.0,0.0,0.0,0.0,0.0,2.416717191790108e-07,0.0,0.0
PYY→GRM7,3.20888622242648e-08,3.20888622242648e-08,0.0,0.0,0.0,0.0,0.0,3.20888622242648e-08,0.0,0.0
PYY→MTNR1A,0.0,0.0,0.0,0.0,0.0,0.0,0.0,0.0,0.0,0.0
PYY→NPY1R,0.0,0.0,0.0,0.0,0.0,0.0,0.0,0.0,0.0,0.0
PYY→NPY2R,0.0,0.0,0.0003789011455143956,0.0003789011455143956,0.0003789011455143956,0.0,0.0003789011455143956,0.0,0.0003789011455143956,0.0003789011455143956
PYY→NPY4R,6.516101478853781e-05,6.516101478853781e-05,0.0,0.0,0.0,0.0,0.0,6.516101478853781e-05,0.0,0.0
PYY→NPY5R,2.3085617761668185e-06,2.3085617761668185e-06,0.0,0.0,0.0,0.0,0.0,2.3085617761668185e-06,0.0,0.0
QDPR→DYSF,7.297911031354741e-05,7.297911031354741e-05,0.0,0.0,0.0,0.0,0.0,7.297911031354741e-05,0.0,0.0
QRFP→P2RY14,3.238691008121258e-05,3.238691008121258e-05,0.0,0.0,0.0,0.0,0.0,3.238691008121258e-05,0.0,0.0
QRFP→QRFPR,0.0,0.0,0.0,0.0,0.0,0.0,0.0,0.0,0.0,0.0
RARRES1→NRP2,6.901729911855982e-08,6.901729911855982e-08,1.3797830847184045e-05,1.3797830847184045e-05,1.3797830847184045e-05,0.0,1.3797830847184045e-05,6.901729911855982e-08,1.3797830847184045e-05,1.3797830847184045e-05
RARRES2→CCRL2,1.013687182062377e-06,1.013687182062377e-06,0.0,0.0,0.0,0.0,0.0,1.013687182062377e-06,0.0,0.0
RARRES2→CMKLR1,0.0,0.0,0.0,0.0,0.0,7.371198692493163e-05,0.0,0.0,0.0,0.0
RARRES2→CMKLR2,2.3512741628617687e-07,2.3512741628617687e-07,0.0,0.0,0.0,0.0,0.0,2.3512741628617687e-07,0.0,0.0
RBP3→NOTCH1,0.0,0.0,0.0,0.0,0.0,0.0,0.0,0.0,0.0,0.0
RBP4→STRA6,6.485904120309255e-07,6.485904120309255e-07,0.0,0.0,0.0,2.383219945317172e-05,0.0,6.485904120309255e-07,0.0,0.0
RELN→LRP8,0.0,0.0,0.0,0.0,0.0,0.0,0.0,0.0,0.0,0.0
RELN→VLDLR,7.764831760407625e-06,7.764831760407625e-06,0.0,0.0,0.0,0.0,0.0,7.764831760407625e-06,0.0,0.0
REN→ATP6AP2,0.0,0.0,0.0,0.0,0.0,0.0,0.0,0.0,0.0,0.0
RETN→CAP1,8.549733093866015e-09,8.549733093866015e-09,0.0,0.0,0.0,0.0,0.0,8.549733093866015e-09,0.0,0.0
RETN→GPR25,0.0005047395292712136,0.0005047395292712136,0.0,0.0,0.0,0.0,0.0,0.0005047395292712136,0.0,0.0
RETN→TLR4,2.4605278019059237e-06,2.4605278019059237e-06,0.0,0.0,0.0,0.0,0.0,2.4605278019059237e-06,0.0,0.0
RGMA→BMPR1B,1.1774147055078091e-08,1.1774147055078091e-08,0.0,0.0,0.0,0.0,0.0,1.1774147055078091e-08,0.0,0.0
RGMA→BMPR2,0.0,0.0,0.0,0.0,0.0,0.0,0.0,0.0,0.0,0.0
RGMA→HFE,8.851149440557572e-07,8.851149440557572e-07,0.0012178842215528874,0.0012178842215528874,0.0012178842215528874,0.0,0.0012178842215528874,8.851149440557572e-07,0.0012178842215528874,0.0012178842215528874
RGMA→HJV,0.0,0.0,0.0,0.0,0.0,0.0,0.0,0.0,0.0,0.0
RGMA→NEO1,9.542921295666244e-08,9.542921295666244e-08,0.0,0.0,0.0,0.0,0.0,9.542921295666244e-08,0.0,0.0
RGMA→TFR2,1.0235756792388965e-07,1.0235756792388965e-07,0.0,0.0,0.0,0.0,0.0,1.0235756792388965e-07,0.0,0.0
RGMB→BMPR1B,1.6401635274255279e-06,1.6401635274255279e-06,0.0,0.0,0.0,0.0,0.0,1.6401635274255279e-06,0.0,0.0
RGMB→BMPR2,1.0574561052187382e-06,1.0574561052187382e-06,0.0,0.0,0.0,0.0,0.0,1.0574561052187382e-06,0.0,0.0
RGMB→HJV,0.0,0.0,0.0,0.0,0.0,0.0,0.0,0.0,0.0,0.0
RGMB→NEO1,1.160268023083873e-05,1.160268023083873e-05,0.0,0.0,0.0,0.0,0.0,1.160268023083873e-05,0.0,0.0
RIMS1→CACNA1C,1.1658512090909185e-06,1.1658512090909185e-06,0.0,0.0,0.0,0.0,0.0,1.1658512090909185e-06,0.0,0.0
RIMS1→SLC17A7,5.618893909203889e-05,5.618893909203889e-05,0.0,0.0,0.0,0.0,0.0,5.618893909203889e-05,0.0,0.0
RIMS1→SLC18A2,3.3104259474398013e-07,3.3104259474398013e-07,0.0,0.0,0.0,0.0,0.0,3.3104259474398013e-07,0.0,0.0
RIMS1→SLC18A3,0.0,0.0,0.0,0.0,0.0,0.0,0.0,0.0,0.0,0.0
RIMS2→ABCA1,3.476128968954522e-07,3.476128968954522e-07,0.0,0.0,0.0,0.000474859978146634,0.0,3.476128968954522e-07,0.0,0.0
RLN1→RXFP1,1.0182407648877099e-07,1.0182407648877099e-07,0.0,0.0,0.0,0.0,0.0,1.0182407648877099e-07,0.0,0.0
RLN1→RXFP2,1.545551863998389e-06,1.545551863998389e-06,0.0,0.0,0.0,0.0,0.0,1.545551863998389e-06,0.0,0.0
RLN1→RXFP3,1.664932048130879e-06,1.664932048130879e-06,0.0,0.0,0.0,0.0,0.0,1.664932048130879e-06,0.0,0.0
RLN1→RXFP4,0.0,0.0,0.0,0.0,0.0,0.0,0.0,0.0,0.0,0.0
RLN2→ADCYAP1R1,1.0727908012494718e-08,1.0727908012494718e-08,0.0,0.0,0.0,0.0,0.0,1.0727908012494718e-08,0.0,0.0
RLN2→ADRB2,0.00014281001584178678,0.00014281001584178678,3.4365884539181627e-05,3.4365884539181627e-05,3.4365884539181627e-05,0.0,3.4365884539181627e-05,0.00014281001584178678,3.4365884539181627e-05,3.4365884539181627e-05
RLN2→ADRB3,0.0,0.0,0.0,0.0,0.0,0.0,0.0,0.0,0.0,0.0
RLN2→GPR20,9.111444596025342e-07,9.111444596025342e-07,0.0,0.0,0.0,0.0,0.0,9.111444596025342e-07,0.0,0.0
RLN2→GPR84,3.1501338054587656e-06,3.1501338054587656e-06,0.0,0.0,0.0,0.000249702327613098,0.0,3.1501338054587656e-06,0.0,0.0
RLN2→PTH1R,7.74731513013936e-08,7.74731513013936e-08,0.0,0.0,0.0,0.0,0.0,7.74731513013936e-08,0.0,0.0
RLN2→RAMP2,6.574780066106194e-05,6.574780066106194e-05,0.0,0.0,0.0,0.0,0.0,6.574780066106194e-05,0.0,0.0
RLN2→RAMP3,2.3315703712668578e-06,2.3315703712668578e-06,0.0,0.0,0.0,0.0,0.0,2.3315703712668578e-06,0.0,0.0
RLN2→RXFP1,1.9110816447473425e-05,1.9110816447473425e-05,0.0,0.0,0.0,0.0,0.0,1.9110816447473425e-05,0.0,0.0
RLN2→RXFP2,1.3906254194730408e-07,1.3906254194730408e-07,0.0,0.0,0.0,0.0,0.0,1.3906254194730408e-07,0.0,0.0
RLN2→RXFP3,0.0,0.0,0.0,0.0,0.0,0.0,0.0,0.0,0.0,0.0
RLN2→TSHR,4.241375887449345e-07,4.241375887449345e-07,0.0,0.0,0.0,2.9932409910134747e-05,0.0,4.241375887449345e-07,0.0,0.0
RLN2→VIPR1,8.865351267994148e-06,8.865351267994148e-06,0.0,0.0,0.0,0.0,0.0,8.865351267994148e-06,0.0,0.0
RLN3→ADCYAP1R1,2.1093557892448248e-05,2.1093557892448248e-05,0.0,0.0,0.0,0.0,0.0,2.1093557892448248e-05,0.0,0.0
RLN3→ADRA2A,5.597642325236178e-08,5.597642325236178e-08,0.0,0.0,0.0,0.0,0.0,5.597642325236178e-08,0.0,0.0
RLN3→ADRB2,0.0001277253468599656,0.0001277253468599656,0.0,0.0,0.0,0.0,0.0,0.0001277253468599656,0.0,0.0
RLN3→ADRB3,4.1355302051930464e-05,4.1355302051930464e-05,0.0,0.0,0.0,0.0,0.0,4.1355302051930464e-05,0.0,0.0
RLN3→GPR20,0.0028575176875903336,0.0028575176875903336,0.0,0.0,0.0,0.0,0.0,0.0028575176875903336,0.0,0.0
RLN3→GPR84,0.0030209158175031024,0.0030209158175031024,0.0,0.0,0.0,0.0,0.0,0.0030209158175031024,0.0,0.0
RLN3→GRM7,0.0,0.0,0.0,0.0,0.0,0.0,0.0,0.0,0.0,0.0
RLN3→MTNR1A,0.0,0.0,0.0,0.0,0.0,0.0,0.0,0.0,0.0,0.0
RLN3→PTH1R,2.788941910957741e-06,2.788941910957741e-06,0.0,0.0,0.0,0.0,0.0,2.788941910957741e-06,0.0,0.0
RLN3→RAMP2,0.0008915998368605,0.0008915998368605,0.0,0.0,0.0,0.0,0.0,0.0008915998368605,0.0,0.0
RLN3→RAMP3,1.7606216505410497e-05,1.7606216505410497e-05,0.0,0.0,0.0,0.0,0.0,1.7606216505410497e-05,0.0,0.0
RLN3→RXFP1,0.0,0.0,0.0,0.0,0.0,0.0,0.0,0.0,0.0,0.0
RLN3→RXFP2,0.0,0.0,0.0,0.0,0.0,0.0,0.0,0.0,0.0,0.0
RLN3→RXFP3,0.0,0.0,0.0,0.0,0.0,0.0,0.0,0.0,0.0,0.0
RLN3→RXFP4,8.117132972166884e-06,8.117132972166884e-06,0.0,0.0,0.0,0.0,0.0,8.117132972166884e-06,0.0,0.0
RLN3→TSHR,0.0004921741859879398,0.0004921741859879398,0.0,0.0,0.0,0.0,0.0,0.0004921741859879398,0.0,0.0
RLN3→VIPR1,0.0,0.0,0.0,0.0,0.0,0.0,0.0,0.0,0.0,0.0
RNASE2→TLR2,0.0,0.0,0.0,0.0,0.0,0.0,0.0,0.0,0.0,0.0
RPS19→C5AR1,2.7943431753117802e-06,2.7943431753117802e-06,0.0,0.0,0.0,0.0,0.0,2.7943431753117802e-06,0.0,0.0
RSPO1→FZD8,0.0,0.0,0.0,0.0,0.0,0.0,0.0,0.0,0.0,0.0
RSPO1→LGR4,7.572159087220019e-08,7.572159087220019e-08,0.0,0.0,0.0,0.0,0.0,7.572159087220019e-08,0.0,0.0
RSPO1→LGR5,5.568588355305589e-06,5.568588355305589e-06,0.0,0.0,0.0,0.0,0.0,5.568588355305589e-06,0.0,0.0
RSPO1→LGR6,5.80589858442258e-07,5.80589858442258e-07,0.0,0.0,0.0,0.0,0.0,5.80589858442258e-07,0.0,0.0
RSPO1→LRP6,1.70015925075931e-06,1.70015925075931e-06,0.0,0.0,0.0,0.0,0.0,1.70015925075931e-06,0.0,0.0
RSPO1→RNF43,2.9596262590095423e-06,2.9596262590095423e-06,0.0,0.0,0.0,0.0,0.0,2.9596262590095423e-06,0.0,0.0
RSPO1→ZNRF3,0.0,0.0,0.0,0.0,0.0,0.0,0.0,0.0,0.0,0.0
RSPO2→LGR4,0.0,0.0,0.0,0.0,0.0,0.0,0.0,0.0,0.0,0.0
RSPO2→LGR5,3.042022222686778e-07,3.042022222686778e-07,0.0,0.0,0.0,0.0,0.0,3.042022222686778e-07,0.0,0.0
RSPO2→LGR6,0.0,0.0,0.0,0.0,0.0,0.0,0.0,0.0,0.0,0.0
RSPO2→RNF43,2.9178978216645436e-07,2.9178978216645436e-07,0.0,0.0,0.0,0.0,0.0,2.9178978216645436e-07,0.0,0.0
RSPO2→ZNRF3,1.07520926299596e-07,1.07520926299596e-07,0.0,0.0,0.0,0.0,0.0,1.07520926299596e-07,0.0,0.0
RSPO3→FZD8,0.0,0.0,0.0,0.0,0.0,0.0,0.0,0.0,0.0,0.0
RSPO3→LGR4,1.0301157425065255e-06,1.0301157425065255e-06,0.0,0.0,0.0,0.0,0.0,1.0301157425065255e-06,0.0,0.0
RSPO3→LGR5,9.351952033851543e-08,9.351952033851543e-08,0.0,0.0,0.0,0.0,0.0,9.351952033851543e-08,0.0,0.0
RSPO3→LGR6,0.0,0.0,0.0,0.0,0.0,0.0002378324399464016,0.0,0.0,0.0,0.0
RSPO3→LRP6,5.181552506806002e-07,5.181552506806002e-07,0.0,0.0,0.0,0.0,0.0,5.181552506806002e-07,0.0,0.0
RSPO3→RNF43,7.185591139522088e-07,7.185591139522088e-07,0.0,0.0,0.0,0.0,0.0,7.185591139522088e-07,0.0,0.0
RSPO3→SDC4,5.515152010457069e-06,5.515152010457069e-06,0.0,0.0,0.0,0.0,0.0,5.515152010457069e-06,0.0,0.0
RSPO3→ZNRF3,0.0,0.0,0.0,0.0,0.0,0.0,0.0,0.0,0.0,0.0
RSPO4→LGR6,7.79662505578925e-07,7.79662505578925e-07,0.0,0.0,0.0,0.0,0.0,7.79662505578925e-07,0.0,0.0
RSPO4→RNF43,0.0,0.0,2.6171436778025478e-05,2.6171436778025478e-05,2.6171436778025478e-05,0.0,2.6171436778025478e-05,0.0,2.6171436778025478e-05,2.6171436778025478e-05
RSPO4→ZNRF3,5.367236122264582e-05,5.367236122264582e-05,0.0013197860692646466,0.0013197860692646466,0.0013197860692646466,2.437487579880037e-05,0.0013197860692646466,5.367236122264582e-05,0.0013197860692646466,0.0013197860692646466
RTN4→CNTNAP1,0.0,0.0,0.0,0.0,0.0,0.0,0.0,0.0,0.0,0.0
RTN4→GJB2,0.0,0.0,0.0,0.0,0.0,0.0,0.0,0.0,0.0,0.0
RTN4→LINGO1,4.977482826862911e-05,4.977482826862911e-05,0.0,0.0,0.0,4.080005274548626e-05,0.0,4.977482826862911e-05,0.0,0.0
RTN4→NGFR,3.09844236567912e-07,3.09844236567912e-07,0.0,0.0,0.0,0.0,0.0,3.09844236567912e-07,0.0,0.0
RTN4→RTN4R,0.0,0.0,0.0,0.0,0.0,3.3825557647092405e-05,0.0,0.0,0.0,0.0
RTN4→RTN4RL1,3.9395299806884697e-07,3.9395299806884697e-07,0.0,0.0,0.0,0.0,0.0,3.9395299806884697e-07,0.0,0.0
RTN4→S1PR2,7.241210208952037e-06,7.241210208952037e-06,4.145649231398472e-05,4.145649231398472e-05,4.145649231398472e-05,0.0,4.145649231398472e-05,7.241210208952037e-06,4.145649231398472e-05,4.145649231398472e-05
RTN4→TNFRSF19,2.2722572543414434e-07,2.2722572543414434e-07,0.0,0.0,0.0,5.581989344492563e-05,0.0,2.2722572543414434e-07,0.0,0.0
S100A10→CFTR,4.186084371621543e-06,4.186084371621543e-06,0.0,0.0,0.0,0.0,0.0,4.186084371621543e-06,0.0,0.0
S100A10→HTR1B,2.3240023878038927e-07,2.3240023878038927e-07,0.0,0.0,0.0,0.0,0.0,2.3240023878038927e-07,0.0,0.0
S100A10→TRPV6,8.051832169851113e-07,8.051832169851113e-07,0.0,0.0,0.0,0.0,0.0,8.051832169851113e-07,0.0,0.0
S100A12→CD36,0.0,0.0,0.0,0.0,0.0,0.0,0.0,0.0,0.0,0.0
S100A12→TLR4,7.229523624158433e-08,7.229523624158433e-08,0.0,0.0,0.0,0.0,0.0,7.229523624158433e-08,0.0,0.0
S100A1→AGER,6.832945508396758e-06,6.832945508396758e-06,0.0,0.0,0.0,0.0,0.0,6.832945508396758e-06,0.0,0.0
S100A1→RYR1,7.957388236666949e-07,7.957388236666949e-07,7.40651438996608e-05,7.40651438996608e-05,7.40651438996608e-05,0.0,7.40651438996608e-05,7.957388236666949e-07,7.40651438996608e-05,7.40651438996608e-05
S100A1→RYR2,4.908769365892629e-06,4.908769365892629e-06,0.0,0.0,0.0,0.0,0.0,4.908769365892629e-06,0.0,0.0
S100A1→TLR4,4.3831860856026504e-06,4.3831860856026504e-06,0.0,0.0,0.0,0.0006457837831660891,0.0,4.3831860856026504e-06,0.0,0.0
S100A1→TRPM3,3.7155248150077632e-06,3.7155248150077632e-06,0.0,0.0,0.0,0.0001946382519647316,0.0,3.7155248150077632e-06,0.0,0.0
S100A4→CCR5,8.887649220225199e-07,8.887649220225199e-07,0.0,0.0,0.0,0.0,0.0,8.887649220225199e-07,0.0,0.0
S100A4→EGFR,1.1842728298654821e-05,1.1842728298654821e-05,0.0,0.0,0.0,0.0,0.0,1.1842728298654821e-05,0.0,0.0
S100A4→ERBB2,6.691796505044514e-05,6.691796505044514e-05,0.0,0.0,0.0,0.00042059056700173125,0.0,6.691796505044514e-05,0.0,0.0
S100A4→ERBB3,0.0,0.0,0.0,0.0,0.0,0.0,0.0,0.0,0.0,0.0
S100A8→AGER,0.0,0.0,7.613232779160319e-06,7.613232779160319e-06,7.613232779160319e-06,0.0,7.613232779160319e-06,0.0,7.613232779160319e-06,7.613232779160319e-06
S100A8→CD36,2.892852842580686e-07,2.892852842580686e-07,0.0,0.0,0.0,0.0,0.0,2.892852842580686e-07,0.0,0.0
S100A8→CD68,4.0347571504516166e-07,4.0347571504516166e-07,0.0,0.0,0.0,0.0,0.0,4.0347571504516166e-07,0.0,0.0
S100A8→CD69,0.0,0.0,0.0,0.0,0.0,0.0,0.0,0.0,0.0,0.0
S100A8→ITGB2,1.0740353873987822e-06,1.0740353873987822e-06,0.0,0.0,0.0,0.00011293111561773936,0.0,1.0740353873987822e-06,0.0,0.0
S100A8→TLR4,0.0,0.0,0.0,0.0,0.0,0.0,0.0,0.0,0.0,0.0
S100A9→AGER,0.0,0.0,0.0,0.0,0.0,0.0,0.0,0.0,0.0,0.0
S100A9→CD36,0.0,0.0,5.9381250244189106e-05,5.9381250244189106e-05,5.9381250244189106e-05,0.0004439889462082649,5.9381250244189106e-05,0.0,5.9381250244189106e-05,5.9381250244189106e-05
S100A9→CD68,4.0055673702741106e-08,4.0055673702741106e-08,0.0,0.0,0.0,4.8589979748375425e-05,0.0,4.0055673702741106e-08,0.0,0.0
S100A9→ITGB2,0.0,0.0,0.0,0.0,0.0,0.003564259747561635,0.0,0.0,0.0,0.0
S100A9→TLR4,0.0,0.0,0.0,0.0,0.0,0.0,0.0,0.0,0.0,0.0
S100B→AGER,2.864806695674486e-06,2.864806695674486e-06,0.0,0.0,0.0,0.000590538160101025,0.0,2.864806695674486e-06,0.0,0.0
SAA1→ADRA2A,0.0,0.0,9.450752096147006e-06,9.450752096147006e-06,9.450752096147006e-06,0.0,9.450752096147006e-06,0.0,9.450752096147006e-06,9.450752096147006e-06
SAA1→CD36,0.0,0.0,0.0,0.0,0.0,0.0009347437125878691,0.0,0.0,0.0,0.0
SAA1→FPR1,0.0005060728758816488,0.0005060728758816488,0.0,0.0,0.0,0.0,0.0,0.0005060728758816488,0.0,0.0
SAA1→FPR2,7.935622674583876e-07,7.935622674583876e-07,0.0,0.0,0.0,0.0,0.0,7.935622674583876e-07,0.0,0.0
SAA1→GRM7,2.7155750404642905e-06,2.7155750404642905e-06,0.0,0.0,0.0,0.0,0.0,2.7155750404642905e-06,0.0,0.0
SAA1→MTNR1A,9.74893371855706e-05,9.74893371855706e-05,0.0,0.0,0.0,0.0,0.0,9.74893371855706e-05,0.0,0.0
SAA1→SCARB1,8.49198645970529e-06,8.49198645970529e-06,7.83972315768577e-05,7.83972315768577e-05,7.83972315768577e-05,0.0001294427054876839,7.83972315768577e-05,8.49198645970529e-06,7.83972315768577e-05,7.83972315768577e-05
SAA1→TLR2,3.4992894158867957e-07,3.4992894158867957e-07,0.0,0.0,0.0,0.0,0.0,3.4992894158867957e-07,0.0,0.0
SCEL→ENG,2.3137002511245613e-08,2.3137002511245613e-08,0.0,0.0,0.0,0.0,0.0,2.3137002511245613e-08,0.0,0.0
SCGB1A1→LMBR1L,0.0,0.0,0.0,0.0,0.0,0.0,0.0,0.0,0.0,0.0
SCGB1A1→LRP2,0.00013769906227577714,0.00013769906227577714,0.0,0.0,0.0,0.0,0.0,0.00013769906227577714,0.0,0.0
SCGB3A1→MARCO,1.0451081747704306e-06,1.0451081747704306e-06,0.0,0.0,0.0,0.0,0.0,1.0451081747704306e-06,0.0,0.0
SCGB3A1→NOTCH3,0.0,0.0,0.0,0.0,0.0,0.0,0.0,0.0,0.0,0.0
SCGB3A2→MARCO,3.893781573371624e-09,3.893781573371624e-09,0.0,0.0,0.0,0.0,0.0,3.893781573371624e-09,0.0,0.0
SCT→ADCYAP1R1,0.0,0.0,0.0,0.0,0.0,0.0,0.0,0.0,0.0,0.0
SCT→ADRB2,0.0,0.0,3.63888385305947e-05,3.63888385305947e-05,3.63888385305947e-05,0.0,3.63888385305947e-05,0.0,3.63888385305947e-05,3.63888385305947e-05
SCT→ADRB3,0.0,0.0,0.0,0.0,0.0,0.0,0.0,0.0,0.0,0.0
SCT→GPR20,4.6378029455281907e-07,4.6378029455281907e-07,3.95952067503748e-05,3.95952067503748e-05,3.95952067503748e-05,0.0,3.95952067503748e-05,4.6378029455281907e-07,3.95952067503748e-05,3.95952067503748e-05
SCT→GPR84,7.0533772769403695e-06,7.0533772769403695e-06,0.0,0.0,0.0,0.0,0.0,7.0533772769403695e-06,0.0,0.0
SCT→PTH1R,4.5054354774512674e-07,4.5054354774512674e-07,0.0,0.0,0.0,0.0,0.0,4.5054354774512674e-07,0.0,0.0
SCT→RAMP2,6.365846615980827e-07,6.365846615980827e-07,0.0,0.0,0.0,0.0,0.0,6.365846615980827e-07,0.0,0.0
SCT→RAMP3,0.0,0.0,0.000315215086747481,0.000315215086747481,0.000315215086747481,0.0,0.000315215086747481,0.0,0.000315215086747481,0.000315215086747481
SCT→SCTR,1.473525944609297e-06,1.473525944609297e-06,0.0,0.0,0.0,0.0,0.0,1.473525944609297e-06,0.0,0.0
SCT→TSHR,3.758499024273499e-05,3.758499024273499e-05,0.0,0.0,0.0,0.0,0.0,3.758499024273499e-05,0.0,0.0
SCT→VIPR1,1.4689783926070852e-06,1.4689783926070852e-06,0.0,0.0,0.0,0.0,0.0,1.4689783926070852e-06,0.0,0.0
SCT→VIPR2,2.6023535832976395e-06,2.6023535832976395e-06,0.0,0.0,0.0,5.592810049020565e-05,0.0,2.6023535832976395e-06,0.0,0.0
SCUBE2→KDR,1.7886668064440285e-07,1.7886668064440285e-07,0.00017896712260140256,0.00017896712260140256,0.00017896712260140256,0.0,0.00017896712260140256,1.7886668064440285e-07,0.00017896712260140256,0.00017896712260140256
SDC2→PTPRJ,1.4202874637828866e-06,1.4202874637828866e-06,0.0,0.0,0.0,0.0,0.0,1.4202874637828866e-06,0.0,0.0
SECTM1→CD7,8.021808657930157e-05,8.021808657930157e-05,0.0,0.0,0.0,5.798388406549127e-05,0.0,8.021808657930157e-05,0.0,0.0
SELE→CD44,2.9455146020905968e-06,2.9455146020905968e-06,0.0,0.0,0.0,0.0,0.0,2.9455146020905968e-06,0.0,0.0
SELE→CEACAM1,7.79922534402134e-07,7.79922534402134e-07,0.0,0.0,0.0,0.0,0.0,7.79922534402134e-07,0.0,0.0
SELE→GLG1,1.0960202449707035e-07,1.0960202449707035e-07,0.0,0.0,0.0,0.0,0.0,1.0960202449707035e-07,0.0,0.0
SELL→MADCAM1,1.6919434923877723e-05,1.6919434923877723e-05,0.0,0.0,0.0,0.0,0.0,1.6919434923877723e-05,0.0,0.0
SELL→PODXL,1.0922451246191146e-07,1.0922451246191146e-07,0.0,0.0,0.0,0.0,0.0,1.0922451246191146e-07,0.0,0.0
SELPLG→ESAM,0.0,0.0,0.0,0.0,0.0,0.0,0.0,0.0,0.0,0.0
SELPLG→ITGAM,3.002376673435532e-07,3.002376673435532e-07,0.0,0.0,0.0,0.0,0.0,3.002376673435532e-07,0.0,0.0
SELPLG→ITGB2,1.64843613357578e-07,1.64843613357578e-07,0.0,0.0,0.0,0.0,0.0,1.64843613357578e-07,0.0,0.0
SELPLG→SELL,3.4585585838257155e-07,3.4585585838257155e-07,0.0,0.0,0.0,0.0,0.0,3.4585585838257155e-07,0.0,0.0
SELPLG→SELP,2.7400767932368074e-06,2.7400767932368074e-06,0.0,0.0,0.0,0.0,0.0,2.7400767932368074e-06,0.0,0.0
SELPLG→SIGLEC5,9.120636849518744e-06,9.120636849518744e-06,0.0,0.0,0.0,0.00019360303226795123,0.0,9.120636849518744e-06,0.0,0.0
SEMA3A→NRP2,1.377627409589426e-06,1.377627409589426e-06,0.0,0.0,0.0,0.00033235150064855044,0.0,1.377627409589426e-06,0.0,0.0
SEMA3D→PLXND1,0.0,0.0,0.0,0.0,0.0,0.0,0.0,0.0,0.0,0.0
SEMA3E→NRP1,2.560446703689419e-08,2.560446703689419e-08,0.0,0.0,0.0,0.0,0.0,2.560446703689419e-08,0.0,0.0
SEMA3E→NRP2,1.1892487163032593e-07,1.1892487163032593e-07,0.0,0.0,0.0,0.0,0.0,1.1892487163032593e-07,0.0,0.0
SEMA3E→PLXND1,0.0,0.0,0.0,0.0,0.0,0.0,0.0,0.0,0.0,0.0
SEMA3F→NRP1,1.9102730432734086e-06,1.9102730432734086e-06,0.0,0.0,0.0,0.0,0.0,1.9102730432734086e-06,0.0,0.0
SEMA3G→FCGR2A,9.41641481624859e-07,9.41641481624859e-07,0.0,0.0,0.0,0.0,0.0,9.41641481624859e-07,0.0,0.0
SEMA3G→GP6,9.072450145051493e-07,9.072450145051493e-07,0.0,0.0,0.0,0.0,0.0,9.072450145051493e-07,0.0,0.0
SEMA4A→LILRB2,6.458239442386864e-07,6.458239442386864e-07,0.0,0.0,0.0,0.0,0.0,6.458239442386864e-07,0.0,0.0
SEMA4A→PLXNB1,4.913909636053332e-06,4.913909636053332e-06,0.0,0.0,0.0,0.0,0.0,4.913909636053332e-06,0.0,0.0
SEMA4A→PLXNB2,7.098424203463707e-05,7.098424203463707e-05,0.0007167485652472227,0.0007167485652472227,0.0007167485652472227,0.0,0.0007167485652472227,7.098424203463707e-05,0.0007167485652472227,0.0007167485652472227
SEMA4A→PLXNB3,2.7179891207118106e-07,2.7179891207118106e-07,0.0003776499868545184,0.0003776499868545184,0.0003776499868545184,0.0,0.0003776499868545184,2.7179891207118106e-07,0.0003776499868545184,0.0003776499868545184
SEMA4A→PLXND1,7.297618452722035e-07,7.297618452722035e-07,0.0,0.0,0.0,0.0,0.0,7.297618452722035e-07,0.0,0.0
SEMA4B→DCBLD2,5.631831706615638e-07,5.631831706615638e-07,0.0,0.0,0.0,3.481264195281676e-05,0.0,5.631831706615638e-07,0.0,0.0
SEMA4C→PLXNB2,2.861088217686995e-07,2.861088217686995e-07,0.0,0.0,0.0,0.0,0.0,2.861088217686995e-07,0.0,0.0
SEMA4D→CD72,0.0,0.0,0.0,0.0,0.0,0.0005698511757224845,0.0,0.0,0.0,0.0
SEMA4D→ERBB2,1.2814509293432989e-07,1.2814509293432989e-07,0.0,0.0,0.0,0.00028006947605151107,0.0,1.2814509293432989e-07,0.0,0.0
SEMA4D→MET,0.0,0.0,0.0,0.0,0.0,0.0,0.0,0.0,0.0,0.0
SEMA4D→PLXNB1,0.0,0.0,0.0,0.0,0.0,0.0,0.0,0.0,0.0,0.0
SEMA4D→PLXNB2,0.0,0.0,0.00013639587545290782,0.00013639587545290782,0.00013639587545290782,0.0,0.00013639587545290782,0.0,0.00013639587545290782,0.00013639587545290782
SEMA4D→PLXNB3,1.5710733637404144e-07,1.5710733637404144e-07,0.0,0.0,0.0,0.0,0.0,1.5710733637404144e-07,0.0,0.0
SEMA4F→NRP2,2.4608171657726654e-05,2.4608171657726654e-05,0.0,0.0,0.0,0.0,0.0,2.4608171657726654e-05,0.0,0.0
SEMA4G→PLXNB2,2.0279535251978674e-08,2.0279535251978674e-08,2.2176987432707725e-05,2.2176987432707725e-05,2.2176987432707725e-05,0.0,2.2176987432707725e-05,2.0279535251978674e-08,2.2176987432707725e-05,2.2176987432707725e-05
SEMA5A→MET,1.3093677919975833e-05,1.3093677919975833e-05,0.0,0.0,0.0,0.0,0.0,1.3093677919975833e-05,0.0,0.0
SEMA5A→PLXNA1,1.9678859214465866e-06,1.9678859214465866e-06,0.0,0.0,0.0,0.0,0.0,1.9678859214465866e-06,0.0,0.0
SEMA5A→PLXNA3,3.3296809835290525e-07,3.3296809835290525e-07,0.0,0.0,0.0,0.0,0.0,3.3296809835290525e-07,0.0,0.0
SEMA5A→PLXNB3,3.541686503698307e-08,3.541686503698307e-08,3.720262903856488e-05,3.720262903856488e-05,3.720262903856488e-05,0.0,3.720262903856488e-05,3.541686503698307e-08,3.720262903856488e-05,3.720262903856488e-05
SEMA5B→PLXNA1,0.0,0.0,0.0,0.0,0.0,0.0,0.0,0.0,0.0,0.0
SEMA5B→PLXNA3,1.5414638856993294e-06,1.5414638856993294e-06,0.0,0.0,0.0,0.0,0.0,1.5414638856993294e-06,0.0,0.0
SEMA6A→PLXNA2,4.54482622540192e-06,4.54482622540192e-06,0.0,0.0,0.0,0.0,0.0,4.54482622540192e-06,0.0,0.0
SEMA6A→PLXNA4,1.830343423314158e-06,1.830343423314158e-06,0.0,0.0,0.0,0.0,0.0,1.830343423314158e-06,0.0,0.0
SEMA6B→PLXNA2,1.4377015525272926e-09,1.4377015525272926e-09,0.0,0.0,0.0,0.0,0.0,1.4377015525272926e-09,0.0,0.0
SEMA6B→PLXNA4,2.2875241942186396e-07,2.2875241942186396e-07,0.0,0.0,0.0,0.0,0.0,2.2875241942186396e-07,0.0,0.0
SEMA7A→PLXNC1,0.0001432567690698798,0.0001432567690698798,1.51193563876892e-05,1.51193563876892e-05,1.51193563876892e-05,0.0005057627466284547,1.51193563876892e-05,0.0001432567690698798,1.51193563876892e-05,1.51193563876892e-05
SERPINA1→LRP1,1.3602355832054802e-06,1.3602355832054802e-06,0.0,0.0,0.0,0.0,0.0,1.3602355832054802e-06,0.0,0.0
SERPINA7→SLC16A2,0.0,0.0,0.0,0.0,0.0,0.0,0.0,0.0,0.0,0.0
SERPINC1→GPC1,4.73975359737495e-06,4.73975359737495e-06,0.0005393464193490428,0.0005393464193490428,0.0005393464193490428,0.0,0.0005393464193490428,4.73975359737495e-06,0.0005393464193490428,0.0005393464193490428
SERPINC1→LRP1,1.2586016178710973e-07,1.2586016178710973e-07,0.0,0.0,0.0,0.0,0.0,1.2586016178710973e-07,0.0,0.0
SERPINE1→ITGB5,0.0,0.0,0.0,0.0,0.0,0.0,0.0,0.0,0.0,0.0
SERPINE1→LRP1,0.0,0.0,0.00014212913398138047,0.00014212913398138047,0.00014212913398138047,1.77690300200123e-05,0.00014212913398138047,0.0,0.00014212913398138047,0.00014212913398138047
SERPINE1→LRP2,0.0,0.0,9.37794571844911e-05,9.37794571844911e-05,9.37794571844911e-05,0.0,9.37794571844911e-05,0.0,9.37794571844911e-05,9.37794571844911e-05
SERPINE1→PLAUR,6.264513408298264e-07,6.264513408298264e-07,0.0,0.0,0.0,0.0,0.0,6.264513408298264e-07,0.0,0.0
SERPINE2→LRP1,0.0,0.0,0.0,0.0,0.0,0.0,0.0,0.0,0.0,0.0
SERPINF1→PLXDC1,1.1982266749763099e-06,1.1982266749763099e-06,0.0,0.0,0.0,0.0,0.0,1.1982266749763099e-06,0.0,0.0
SERPINF1→PLXDC2,0.0,0.0,0.0,0.0,0.0,0.0,0.0,0.0,0.0,0.0
SERPING1→LRP1,1.943907847266347e-07,1.943907847266347e-07,0.0,0.0,0.0,0.0,0.0,1.943907847266347e-07,0.0,0.0
SERPING1→SELP,3.9485759484548814e-06,3.9485759484548814e-06,0.0,0.0,0.0,0.0,0.0,3.9485759484548814e-06,0.0,0.0
SERTAD1→AR,0.0,0.0,0.0003965946309925634,0.0003965946309925634,0.0003965946309925634,0.0,0.0003965946309925634,0.0,0.0003965946309925634,0.0003965946309925634
SFRP1→FZD2,1.0531790163865835e-06,1.0531790163865835e-06,0.0,0.0,0.0,4.300010280056325e-05,0.0,1.0531790163865835e-06,0.0,0.0
SFRP1→FZD6,2.5882399475480657e-06,2.5882399475480657e-06,0.0,0.0,0.0,0.0,0.0,2.5882399475480657e-06,0.0,0.0
SFRP2→FZD5,0.0,0.0,0.0,0.0,0.0,0.0,0.0,0.0,0.0,0.0
SFTPA1→TLR2,2.2241082787973592e-05,2.2241082787973592e-05,0.0,0.0,0.0,0.0,0.0,2.2241082787973592e-05,0.0,0.0
SFTPA2→CD93,1.5320632447349235e-06,1.5320632447349235e-06,0.0,0.0,0.0,0.0,0.0,1.5320632447349235e-06,0.0,0.0
SFTPD→LAIR1,0.0,0.0,1.1644201526971716e-05,1.1644201526971716e-05,1.1644201526971716e-05,0.0,1.1644201526971716e-05,0.0,1.1644201526971716e-05,1.1644201526971716e-05
SFTPD→LY96,6.44866691879504e-08,6.44866691879504e-08,0.0,0.0,0.0,4.23261477245775e-05,0.0,6.44866691879504e-08,0.0,0.0
SFTPD→SIRPA,7.589002267344718e-07,7.589002267344718e-07,0.0,0.0,0.0,0.0,0.0,7.589002267344718e-07,0.0,0.0
SFTPD→TLR4,0.0,0.0,0.0,0.0,0.0,0.0,0.0,0.0,0.0,0.0
SHANK1→ADGRL1,0.0,0.0,0.0,0.0,0.0,0.0,0.0,0.0,0.0,0.0
SHANK1→SSTR2,4.698777154300729e-07,4.698777154300729e-07,0.0,0.0,0.0,0.0,0.0,4.698777154300729e-07,0.0,0.0
SHANK2→CFTR,5.317318987741551e-07,5.317318987741551e-07,0.0,0.0,0.0,0.0,0.0,5.317318987741551e-07,0.0,0.0
SHBG→CLDN4,6.246439156711857e-06,6.246439156711857e-06,0.0,0.0,0.0,4.865794799959558e-05,0.0,6.246439156711857e-06,0.0,0.0
SHBG→GPRC6A,5.1981751631580625e-06,5.1981751631580625e-06,0.0,0.0,0.0,0.0,0.0,5.1981751631580625e-06,0.0,0.0
SHBG→SLC37A1,3.7105868624871983e-07,3.7105868624871983e-07,0.0,0.0,0.0,0.0,0.0,3.7105868624871983e-07,0.0,0.0
SHH→BOC,9.430619221068755e-07,9.430619221068755e-07,7.220153276094885e-05,7.220153276094885e-05,7.220153276094885e-05,0.0,7.220153276094885e-05,9.430619221068755e-07,7.220153276094885e-05,7.220153276094885e-05
SHH→CDON,8.440757147891947e-07,8.440757147891947e-07,0.0,0.0,0.0,0.0,0.0,8.440757147891947e-07,0.0,0.0
SHH→GAS1,0.0,0.0,0.0,0.0,0.0,0.0,0.0,0.0,0.0,0.0
SHH→GPC1,0.0,0.0,0.0,0.0,0.0,0.0,0.0,0.0,0.0,0.0
SHH→GPC5,1.1164988817641182e-07,1.1164988817641182e-07,0.0,0.0,0.0,0.0,0.0,1.1164988817641182e-07,0.0,0.0
SHH→HHIP,0.0,0.0,0.0,0.0,0.0,0.0,0.0,0.0,0.0,0.0
SHH→LRP2,1.2181500845398652e-06,1.2181500845398652e-06,0.0,0.0,0.0,5.117025160963252e-05,0.0,1.2181500845398652e-06,0.0,0.0
SHH→SCUBE2,0.0,0.0,0.0,0.0,0.0,0.0,0.0,0.0,0.0,0.0
SIRPA→CD47,1.1130193082508043e-06,1.1130193082508043e-06,1.8891109106387342e-05,1.8891109106387342e-05,1.8891109106387342e-05,0.0,1.8891109106387342e-05,1.1130193082508043e-06,1.8891109106387342e-05,1.8891109106387342e-05
SIRPB2→CD47,9.040133561116378e-07,9.040133561116378e-07,0.0,0.0,0.0,0.0,0.0,9.040133561116378e-07,0.0,0.0
SIRPG→CD47,4.1782959209883865e-06,4.1782959209883865e-06,0.0,0.0,0.0,0.0,0.0,4.1782959209883865e-06,0.0,0.0
SLC6A8→LIFR,9.981699585348883e-08,9.981699585348883e-08,0.0,0.0,0.0,0.0,0.0,9.981699585348883e-08,0.0,0.0
SLIT1→FLRT3,7.4393600588982836e-06,7.4393600588982836e-06,0.0,0.0,0.0,0.0,0.0,7.4393600588982836e-06,0.0,0.0
SLIT1→GPC1,1.8894591181962598e-05,1.8894591181962598e-05,0.0,0.0,0.0,3.665875971911603e-05,0.0,1.8894591181962598e-05,0.0,0.0
SLIT1→ROBO1,0.0,0.0,0.0,0.0,0.0,0.0,0.0,0.0,0.0,0.0
SLIT1→ROBO2,4.424028821117451e-08,4.424028821117451e-08,0.0,0.0,0.0,0.0,0.0,4.424028821117451e-08,0.0,0.0
SLIT1→SDC1,5.3962932491830894e-06,5.3962932491830894e-06,0.0,0.0,0.0,0.0,0.0,5.3962932491830894e-06,0.0,0.0
SLIT2→APP,6.126811116788731e-07,6.126811116788731e-07,0.0,0.0,0.0,0.0,0.0,6.126811116788731e-07,0.0,0.0
SLIT2→DCC,2.1305802739331195e-08,2.1305802739331195e-08,0.0,0.0,0.0,0.0,0.0,2.1305802739331195e-08,0.0,0.0
SLIT2→GPC1,0.0,0.0,0.0,0.0,0.0,0.0,0.0,0.0,0.0,0.0
SLIT2→PLXNA1,0.0,0.0,0.0,0.0,0.0,0.0,0.0,0.0,0.0,0.0
SLIT2→ROBO1,0.0,0.0,0.0,0.0,0.0,0.0,0.0,0.0,0.0,0.0
SLIT2→ROBO2,1.4929104582878978e-06,1.4929104582878978e-06,0.0,0.0,0.0,8.05818359463772e-05,0.0,1.4929104582878978e-06,0.0,0.0
SLIT2→ROBO4,2.1203465712130955e-07,2.1203465712130955e-07,0.0,0.0,0.0,0.0,0.0,2.1203465712130955e-07,0.0,0.0
SLIT2→SDC1,2.135618596089378e-07,2.135618596089378e-07,0.0,0.0,0.0,0.0,0.0,2.135618596089378e-07,0.0,0.0
SLIT3→ROBO1,2.452759805233997e-07,2.452759805233997e-07,0.0,0.0,0.0,0.0,0.0,2.452759805233997e-07,0.0,0.0
SLIT3→ROBO2,7.122401626290504e-09,7.122401626290504e-09,0.0,0.0,0.0,0.0,0.0,7.122401626290504e-09,0.0,0.0
SLIT3→ROBO4,1.2581134175874192e-06,1.2581134175874192e-06,0.0,0.0,0.0,0.0,0.0,1.2581134175874192e-06,0.0,0.0
SLITRK1→ENPEP,0.0,0.0,0.0,0.0,0.0,0.0,0.0,0.0,0.0,0.0
SLITRK1→PTPRD,2.8890758008803427e-07,2.8890758008803427e-07,0.0,0.0,0.0,0.0,0.0,2.8890758008803427e-07,0.0,0.0
SLITRK1→PTPRS,0.0,0.0,1.5031122741352117e-05,1.5031122741352117e-05,1.5031122741352117e-05,0.0,1.5031122741352117e-05,0.0,1.5031122741352117e-05,1.5031122741352117e-05
SLITRK1→TNFRSF11B,0.0,0.0,0.0,0.0,0.0,0.0,0.0,0.0,0.0,0.0
SLITRK2→PTPRD,1.0688104932500148e-09,1.0688104932500148e-09,0.0,0.0,0.0,0.0,0.0,1.0688104932500148e-09,0.0,0.0
SLITRK2→PTPRS,0.0036964570935600133,0.0036964570935600133,0.0,0.0,0.0,0.0,0.0,0.0036964570935600133,0.0,0.0
SLITRK3→PTPRD,7.191311674057383e-05,7.191311674057383e-05,0.0,0.0,0.0,0.0,0.0,7.191311674057383e-05,0.0,0.0
SLITRK3→PTPRS,2.3514357856474693e-05,2.3514357856474693e-05,0.0,0.0,0.0,0.0,0.0,2.3514357856474693e-05,0.0,0.0
SLITRK5→PTPRD,1.0128204577494476e-06,1.0128204577494476e-06,0.0,0.0,0.0,0.0,0.0,1.0128204577494476e-06,0.0,0.0
SLITRK6→PTPRS,6.7731684343208996e-06,6.7731684343208996e-06,0.0,0.0,0.0,0.0,0.0,6.7731684343208996e-06,0.0,0.0
SLPI→CD4,4.30908735145585e-05,4.30908735145585e-05,0.0,0.0,0.0,0.0,0.0,4.30908735145585e-05,0.0,0.0
SLPI→PLSCR1,0.0,0.0,0.0,0.0,0.0,0.0,0.0,0.0,0.0,0.0
SLPI→PLSCR4,2.1016054004418086e-06,2.1016054004418086e-06,0.0,0.0,0.0,0.0,0.0,2.1016054004418086e-06,0.0,0.0
SLURP1→CHRNA10,1.859639574454511e-05,1.859639574454511e-05,0.0,0.0,0.0,0.0,0.0,1.859639574454511e-05,0.0,0.0
SLURP1→CHRNA3,0.0,0.0,0.0,0.0,0.0,0.0,0.0,0.0,0.0,0.0
SLURP1→CHRNA4,4.836530079837349e-07,4.836530079837349e-07,0.0,0.0,0.0,0.0,0.0,4.836530079837349e-07,0.0,0.0
SLURP1→CHRNA7,8.231454629956187e-06,8.231454629956187e-06,0.0,0.0,0.0,0.0,0.0,8.231454629956187e-06,0.0,0.0
SLURP1→CHRNA9,0.0,0.0,0.0,0.0,0.0,0.0,0.0,0.0,0.0,0.0
SLURP1→CHRNB2,4.553576740300888e-06,4.553576740300888e-06,0.0,0.0,0.0,0.0,0.0,4.553576740300888e-06,0.0,0.0
SLURP1→CHRNB4,2.878235152538963e-06,2.878235152538963e-06,0.0,0.0,0.0,0.0012674838496267507,0.0,2.878235152538963e-06,0.0,0.0
SLURP2→CHRNA3,0.0,0.0,0.0,0.0,0.0,0.0,0.0,0.0,0.0,0.0
SLURP2→CHRNA4,0.0,0.0,0.0,0.0,0.0,0.0,0.0,0.0,0.0,0.0
SLURP2→CHRNA7,3.2565842361625573e-06,3.2565842361625573e-06,0.0,0.0,0.0,0.0,0.0,3.2565842361625573e-06,0.0,0.0
SLURP2→CHRNB2,0.0,0.0,0.0,0.0,0.0,0.0,0.0,0.0,0.0,0.0
SLURP2→CHRNB4,0.0,0.0,0.0,0.0,0.0,0.0,0.0,0.0,0.0,0.0
SNCA→LAG3,6.909796460158721e-07,6.909796460158721e-07,0.0,0.0,0.0,0.0,0.0,6.909796460158721e-07,0.0,0.0
SNX14→HTR6,5.5989005168505825e-06,5.5989005168505825e-06,0.0,0.0,0.0,0.0,0.0,5.5989005168505825e-06,0.0,0.0
SOCS2→EPOR,2.0476369382927337e-05,2.0476369382927337e-05,0.0,0.0,0.0,0.0,0.0,2.0476369382927337e-05,0.0,0.0
SORBS1→ITGA1,2.6694841654672095e-06,2.6694841654672095e-06,0.0,0.0,0.0,0.0,0.0,2.6694841654672095e-06,0.0,0.0
SORBS1→ITGB5,4.998004858811181e-06,4.998004858811181e-06,0.0,0.0,0.0,0.0,0.0,4.998004858811181e-06,0.0,0.0
SOSTDC1→LRP4,0.0,0.0,0.0,0.0,0.0,0.0,0.0,0.0,0.0,0.0
SOSTDC1→LRP5,1.480487178976467e-08,1.480487178976467e-08,0.0,0.0,0.0,0.0004551234731952326,0.0,1.480487178976467e-08,0.0,0.0
SOSTDC1→LRP6,2.875412525574338e-07,2.875412525574338e-07,0.0,0.0,0.0,0.0,0.0,2.875412525574338e-07,0.0,0.0
SOST→LRP4,0.0,0.0,0.0,0.0,0.0,0.0,0.0,0.0,0.0,0.0
SOST→LRP5,3.6461981059157465e-06,3.6461981059157465e-06,0.0,0.0,0.0,0.0,0.0,3.6461981059157465e-06,0.0,0.0
SOST→LRP6,1.660819831800076e-06,1.660819831800076e-06,0.0,0.0,0.0,0.0,0.0,1.660819831800076e-06,0.0,0.0
SPARC→ENG,2.060604009614877e-06,2.060604009614877e-06,4.126743127742073e-05,4.126743127742073e-05,4.126743127742073e-05,0.0,4.126743127742073e-05,2.060604009614877e-06,4.126743127742073e-05,4.126743127742073e-05
SPARC→FGFR1,1.8531503843287907e-07,1.8531503843287907e-07,0.0,0.0,0.0,0.0,0.0,1.8531503843287907e-07,0.0,0.0
SPINK1→EGFR,0.0,0.0,4.10703713395628e-06,4.10703713395628e-06,4.10703713395628e-06,0.00022518937102691054,4.10703713395628e-06,0.0,4.10703713395628e-06,4.10703713395628e-06
SPINK1→NRSN1,0.0,0.0,0.0,0.0,0.0,0.0,0.0,0.0,0.0,0.0
SPINT1→ST14,3.054848979366438e-07,3.054848979366438e-07,0.0,0.0,0.0,0.0,0.0,3.054848979366438e-07,0.0,0.0
SPN→SIGLEC1,1.2310514723013892e-07,1.2310514723013892e-07,0.0,0.0,0.0,0.00041884294859525074,0.0,1.2310514723013892e-07,0.0,0.0
SPON1→APP,0.0,0.0,0.0,0.0,0.0,0.0,0.0,0.0,0.0,0.0
SPON1→LRP8,2.269035338795745e-06,2.269035338795745e-06,0.0,0.0,0.0,0.0,0.0,2.269035338795745e-06,0.0,0.0
SPON2→ITGA4,0.0,0.0,0.0,0.0,0.0,0.0,0.0,0.0,0.0,0.0
SPON2→ITGA5,1.247892708741584e-07,1.247892708741584e-07,0.0,0.0,0.0,0.0,0.0,1.247892708741584e-07,0.0,0.0
SPON2→ITGAM,7.023230128434858e-07,7.023230128434858e-07,0.0,0.0,0.0,0.0,0.0,7.023230128434858e-07,0.0,0.0
SPON2→ITGB1,7.767750397247473e-08,7.767750397247473e-08,0.0,0.0,0.0,0.0,0.0,7.767750397247473e-08,0.0,0.0
SPON2→ITGB2,4.4222437416863186e-07,4.4222437416863186e-07,0.0005696298016340258,0.0005696298016340258,0.0005696298016340258,0.0,0.0005696298016340258,4.4222437416863186e-07,0.0005696298016340258,0.0005696298016340258
SPP1→CCR8,1.673300017168056e-08,1.673300017168056e-08,7.654365197568967e-05,7.654365197568967e-05,7.654365197568967e-05,0.0,7.654365197568967e-05,1.673300017168056e-08,7.654365197568967e-05,7.654365197568967e-05
SPP1→CD44,1.6325839320377592e-06,1.6325839320377592e-06,0.0,0.0,0.0,0.001525708744822254,0.0,1.6325839320377592e-06,0.0,0.0
SPP1→PTGER4,2.421526156497392e-07,2.421526156497392e-07,0.0,0.0,0.0,0.0,0.0,2.421526156497392e-07,0.0,0.0
SPP1→S1PR1,0.0,0.0,0.0,0.0,0.0,0.0,0.0,0.0,0.0,0.0
SPTAN1→PTPRA,4.954250681027158e-07,4.954250681027158e-07,0.0,0.0,0.0,0.0010073799419004206,0.0,4.954250681027158e-07,0.0,0.0
SPTBN2→PTPRA,5.202622575438831e-07,5.202622575438831e-07,0.0003328447542984235,0.0003328447542984235,0.0003328447542984235,0.0,0.0003328447542984235,5.202622575438831e-07,0.0003328447542984235,0.0003328447542984235
SPX→GALR2,1.1759776379735938e-07,1.1759776379735938e-07,2.094608631259823e-05,2.094608631259823e-05,2.094608631259823e-05,0.0,2.094608631259823e-05,1.1759776379735938e-07,2.094608631259823e-05,2.094608631259823e-05
SPX→GALR3,5.049272682510379e-06,5.049272682510379e-06,0.0,0.0,0.0,0.0,0.0,5.049272682510379e-06,0.0,0.0
SST→ADRA2A,2.8947961861073544e-06,2.8947961861073544e-06,0.0,0.0,0.0,0.0,0.0,2.8947961861073544e-06,0.0,0.0
SST→GRM7,0.0,0.0,0.0,0.0,0.0,0.0,0.0,0.0,0.0,0.0
SST→MTNR1A,0.0,0.0,0.0,0.0,0.0,0.0,0.0,0.0,0.0,0.0
SST→SSTR1,0.0,0.0,0.0,0.0,0.0,0.0,0.0,0.0,0.0,0.0
SST→SSTR2,2.888606315431431e-06,2.888606315431431e-06,0.0,0.0,0.0,0.0,0.0,2.888606315431431e-06,0.0,0.0
SST→SSTR3,0.0,0.0,0.0,0.0,0.0,0.0,0.0,0.0,0.0,0.0
SST→SSTR4,0.0,0.0,0.0,0.0,0.0,0.0,0.0,0.0,0.0,0.0
SST→SSTR5,0.0,0.0,0.0,0.0,0.0,0.0,0.0,0.0,0.0,0.0
ST6GAL1→CD22,2.1512562550618024e-06,2.1512562550618024e-06,0.0,0.0,0.0,0.0,0.0,2.1512562550618024e-06,0.0,0.0
ST6GAL1→EGFR,0.0,0.0,0.0,0.0,0.0,0.0,0.0,0.0,0.0,0.0
TAC1→DPP4,1.4105774259761627e-05,1.4105774259761627e-05,0.0,0.0,0.0,0.0,0.0,1.4105774259761627e-05,0.0,0.0
TAC1→FAP,0.0,0.0,0.0,0.0,0.0,0.0,0.0,0.0,0.0,0.0
TAC1→TACR1,9.083769131775882e-08,9.083769131775882e-08,0.0,0.0,0.0,0.0,0.0,9.083769131775882e-08,0.0,0.0
TAC1→TACR2,1.1790195374420122e-06,1.1790195374420122e-06,0.000973417513345393,0.000973417513345393,0.000973417513345393,0.0,0.000973417513345393,1.1790195374420122e-06,0.000973417513345393,0.000973417513345393
TAC1→TACR3,6.141274845113899e-07,6.141274845113899e-07,0.0,0.0,0.0,0.0,0.0,6.141274845113899e-07,0.0,0.0
TAC3→TACR1,2.7389604156269375e-07,2.7389604156269375e-07,0.0,0.0,0.0,0.0,0.0,2.7389604156269375e-07,0.0,0.0
TAC3→TACR2,1.174189297734156e-06,1.174189297734156e-06,0.0,0.0,0.0,0.0,0.0,1.174189297734156e-06,0.0,0.0
TAC3→TACR3,0.0,0.0,0.0,0.0,0.0,0.0,0.0,0.0,0.0,0.0
TAC4→TACR1,1.4806324890142232e-08,1.4806324890142232e-08,0.0,0.0,0.0,0.0,0.0,1.4806324890142232e-08,0.0,0.0
TAC4→TACR2,4.999643293398799e-07,4.999643293398799e-07,0.0,0.0,0.0,0.0,0.0,4.999643293398799e-07,0.0,0.0
TAC4→TACR3,2.0029002544842125e-06,2.0029002544842125e-06,0.0,0.0,0.0,0.0,0.0,2.0029002544842125e-06,0.0,0.0
TAFA4→FPR1,0.0,0.0,0.0,0.0,0.0,0.0,0.0,0.0,0.0,0.0
TCN1→CD320,3.9501705309110406e-07,3.9501705309110406e-07,0.0,0.0,0.0,0.0003853762592695173,0.0,3.9501705309110406e-07,0.0,0.0
TCN2→CNR1,9.41444120444989e-06,9.41444120444989e-06,0.0,0.0,0.0,3.915917302077539e-05,0.0,9.41444120444989e-06,0.0,0.0
TCN2→LRP2,4.278015720943141e-08,4.278015720943141e-08,0.008466666868317997,0.008466666868317997,0.008466666868317997,0.0,0.008466666868317997,4.278015720943141e-08,0.008466666868317997,0.008466666868317997
TCTN1→TMEM67,3.2496821048603655e-06,3.2496821048603655e-06,0.0,0.0,0.0,8.748937493099057e-05,0.0,3.2496821048603655e-06,0.0,0.0
TFF1→FCRL4,6.151717236810369e-06,6.151717236810369e-06,0.0,0.0,0.0,0.0,0.0,6.151717236810369e-06,0.0,0.0
TFF1→MUC5AC,0.0,0.0,0.0,0.0,0.0,0.0,0.0,0.0,0.0,0.0
TFF2→CXCR4,2.0515476155223048e-05,2.0515476155223048e-05,0.0,0.0,0.0,0.0,0.0,2.0515476155223048e-05,0.0,0.0
TFF2→MUC6,0.0,0.0,0.0,0.0,0.0,0.0,0.0,0.0,0.0,0.0
TFF3→ACKR3,4.257774250133836e-06,4.257774250133836e-06,0.0,0.0,0.0,0.0,0.0,4.257774250133836e-06,0.0,0.0
TFF3→CXCR4,1.7065865885741369e-06,1.7065865885741369e-06,0.00032408959663265757,0.00032408959663265757,0.00032408959663265757,0.0,0.00032408959663265757,1.7065865885741369e-06,0.00032408959663265757,0.00032408959663265757
TFPI→F3,2.1339675493311322e-07,2.1339675493311322e-07,0.0,0.0,0.0,0.0,0.0,2.1339675493311322e-07,0.0,0.0
TFPI→LRP1,3.1141802494765712e-06,3.1141802494765712e-06,0.0,0.0,0.0,0.0,0.0,3.1141802494765712e-06,0.0,0.0
TFPI→SDC4,1.516696132821908e-06,1.516696132821908e-06,0.0,0.0,0.0,0.0,0.0,1.516696132821908e-06,0.0,0.0
TFPI→VLDLR,6.681127745818118e-06,6.681127745818118e-06,0.0,0.0,0.0,0.0,0.0,6.681127745818118e-06,0.0,0.0
TF→ADRB2,7.78825102858646e-06,7.78825102858646e-06,0.0,0.0,0.0,4.391351420133065e-05,0.0,7.78825102858646e-06,0.0,0.0
TF→HFE,2.925052562356233e-07,2.925052562356233e-07,2.5594169351872694e-05,2.5594169351872694e-05,2.5594169351872694e-05,0.00018092564006809083,2.5594169351872694e-05,2.925052562356233e-07,2.5594169351872694e-05,2.5594169351872694e-05
TF→LDLR,0.0,0.0,3.269033858289368e-05,3.269033858289368e-05,3.269033858289368e-05,0.0,3.269033858289368e-05,0.0,3.269033858289368e-05,3.269033858289368e-05
TF→LRP2,7.071667523061732e-05,7.071667523061732e-05,4.820171875442183e-05,4.820171875442183e-05,4.820171875442183e-05,2.805283852374987e-05,4.820171875442183e-05,7.071667523061732e-05,4.820171875442183e-05,4.820171875442183e-05
TF→TFR2,2.9621267506483426e-06,2.9621267506483426e-06,8.977179757072202e-06,8.977179757072202e-06,8.977179757072202e-06,0.0,8.977179757072202e-06,2.9621267506483426e-06,8.977179757072202e-06,8.977179757072202e-06
TF→TFRC,0.0,0.0,0.0001033316926095987,0.0001033316926095987,0.0001033316926095987,0.0,0.0001033316926095987,0.0,0.0001033316926095987,0.0001033316926095987
TGFA→ERBB3,6.534536538126403e-08,6.534536538126403e-08,1.6313673330037943e-05,1.6313673330037943e-05,1.6313673330037943e-05,0.0,1.6313673330037943e-05,6.534536538126403e-08,1.6313673330037943e-05,1.6313673330037943e-05
TGFA→ERBB4,0.0,0.0,0.0,0.0,0.0,0.0,0.0,0.0,0.0,0.0
TGFA→PTPRD,1.0886373339166892e-05,1.0886373339166892e-05,0.0,0.0,0.0,0.0,0.0,1.0886373339166892e-05,0.0,0.0
TGFB1→ACVRL1,1.4354926552483528e-06,1.4354926552483528e-06,0.0,0.0,0.0,0.0,0.0,1.4354926552483528e-06,0.0,0.0
TGFB1→CAV1,0.0,0.0,0.0,0.0,0.0,0.0,0.0,0.0,0.0,0.0
TGFB1→CXCR4,1.0320986114269184e-07,1.0320986114269184e-07,4.032891788608755e-05,4.032891788608755e-05,4.032891788608755e-05,0.0,4.032891788608755e-05,1.0320986114269184e-07,4.032891788608755e-05,4.032891788608755e-05
TGFB1→EGFR,1.3394446245845344e-07,1.3394446245845344e-07,0.0,0.0,0.0,0.0,0.0,1.3394446245845344e-07,0.0,0.0
TGFB1→ENG,9.893663520969032e-07,9.893663520969032e-07,0.0,0.0,0.0,0.0,0.0,9.893663520969032e-07,0.0,0.0
TGFB1→ITGB1,8.270645691541375e-07,8.270645691541375e-07,0.0,0.0,0.0,0.0,0.0,8.270645691541375e-07,0.0,0.0
TGFB1→ITGB3,0.0,0.0,0.0,0.0,0.0,0.0,0.0,0.0,0.0,0.0
TGFB1→ITGB5,7.785692733523774e-07,7.785692733523774e-07,0.0,0.0,0.0,0.0,0.0,7.785692733523774e-07,0.0,0.0
TGFB1→ITGB8,0.0,0.0,0.0,0.0,0.0,0.0,0.0,0.0,0.0,0.0
TGFB1→LPP,1.8425254151936884e-07,1.8425254151936884e-07,0.0,0.0,0.0,0.0,0.0,1.8425254151936884e-07,0.0,0.0
TGFB1→SDC2,2.634013839877013e-06,2.634013839877013e-06,0.0,0.0,0.0,0.0,0.0,2.634013839877013e-06,0.0,0.0
TGFB1→TGFBR3,6.591904125290174e-07,6.591904125290174e-07,0.0011425796327737456,0.0011425796327737456,0.0011425796327737456,0.0,0.0011425796327737456,6.591904125290174e-07,0.0011425796327737456,0.0011425796327737456
TGFB1→VASN,1.0576815490973119e-07,1.0576815490973119e-07,0.0,0.0,0.0,0.0,0.0,1.0576815490973119e-07,0.0,0.0
TGFB2→ENG,0.0,0.0,0.0,0.0,0.0,0.0,0.0,0.0,0.0,0.0
TGFB2→TGFBR3,1.2351277071887952e-06,1.2351277071887952e-06,0.0,0.0,0.0,0.0,0.0,1.2351277071887952e-06,0.0,0.0
TGFB3→ACVRL1,2.357365480868932e-08,2.357365480868932e-08,0.0,0.0,0.0,0.0,0.0,2.357365480868932e-08,0.0,0.0
TGFB3→ENG,0.0,0.0,0.0,0.0,0.0,0.0,0.0,0.0,0.0,0.0
TGFB3→ITGB1,2.760391798801721e-05,2.760391798801721e-05,0.0,0.0,0.0,0.0,0.0,2.760391798801721e-05,0.0,0.0
TGFB3→ITGB3,1.2748901114498274e-07,1.2748901114498274e-07,0.0,0.0,0.0,0.0,0.0,1.2748901114498274e-07,0.0,0.0
TGFB3→ITGB5,0.0,0.0,0.0,0.0,0.0,0.0,0.0,0.0,0.0,0.0
TGFB3→ITGB6,0.0,0.0,6.912022405468507e-05,6.912022405468507e-05,6.912022405468507e-05,7.473162601683356e-05,6.912022405468507e-05,0.0,6.912022405468507e-05,6.912022405468507e-05
TGFB3→TGFBR3,0.0,0.0,0.0,0.0,0.0,0.0,0.0,0.0,0.0,0.0
TGM2→ADGRG1,5.5128540312593554e-08,5.5128540312593554e-08,0.00024006736224132475,0.00024006736224132475,0.00024006736224132475,0.0,0.00024006736224132475,5.5128540312593554e-08,0.00024006736224132475,0.00024006736224132475
TGM2→ITGA4,2.7070734664659433e-07,2.7070734664659433e-07,0.0,0.0,0.0,0.0,0.0,2.7070734664659433e-07,0.0,0.0
TGM2→ITGA9,0.0,0.0,0.0,0.0,0.0,0.0,0.0,0.0,0.0,0.0
TGM2→ITGB1,8.581145801709611e-07,8.581145801709611e-07,0.0,0.0,0.0,0.0,0.0,8.581145801709611e-07,0.0,0.0
TGM2→ITGB3,1.0923112665420982e-06,1.0923112665420982e-06,0.0001694936714799649,0.0001694936714799649,0.0001694936714799649,0.0,0.0001694936714799649,1.0923112665420982e-06,0.0001694936714799649,0.0001694936714799649
TGM2→SDC4,4.410002044035512e-06,4.410002044035512e-06,0.00013226335442938583,0.00013226335442938583,0.00013226335442938583,0.0,0.00013226335442938583,4.410002044035512e-06,0.00013226335442938583,0.00013226335442938583
TGM2→TBXA2R,7.564584344119953e-08,7.564584344119953e-08,6.229626020331788e-05,6.229626020331788e-05,6.229626020331788e-05,0.0,6.229626020331788e-05,7.564584344119953e-08,6.229626020331788e-05,6.229626020331788e-05
TGS1→RXRA,5.411343977357325e-07,5.411343977357325e-07,0.0,0.0,0.0,0.0028354994203065235,0.0,5.411343977357325e-07,0.0,0.0
TG→ASGR1,2.201841741054154e-06,2.201841741054154e-06,0.0,0.0,0.0,0.00034902876833982273,0.0,2.201841741054154e-06,0.0,0.0
TG→LRP2,0.0,0.0,0.0,0.0,0.0,0.0,0.0,0.0,0.0,0.0
TG→TPO,5.5686853156130654e-06,5.5686853156130654e-06,0.0,0.0,0.0,0.0,0.0,5.5686853156130654e-06,0.0,0.0
THBS1→CD36,1.30626989979699e-07,1.30626989979699e-07,0.0,0.0,0.0,0.00020133047861592158,0.0,1.30626989979699e-07,0.0,0.0
THBS1→CD47,2.007614895823057e-06,2.007614895823057e-06,0.0,0.0,0.0,0.0,0.0,2.007614895823057e-06,0.0,0.0
THBS1→ITGA4,3.346177123451828e-06,3.346177123451828e-06,6.125337378129513e-05,6.125337378129513e-05,6.125337378129513e-05,0.0,6.125337378129513e-05,3.346177123451828e-06,6.125337378129513e-05,6.125337378129513e-05
THBS1→ITGA6,0.0,0.0,0.0013803704037338193,0.0013803704037338193,0.0013803704037338193,0.0,0.0013803704037338193,0.0,0.0013803704037338193,0.0013803704037338193
THBS1→LRP1,3.890288926545445e-06,3.890288926545445e-06,0.0,0.0,0.0,0.0,0.0,3.890288926545445e-06,0.0,0.0
THBS1→LRP5,6.648720140852353e-05,6.648720140852353e-05,0.00013114772961948207,0.00013114772961948207,0.00013114772961948207,0.0,0.00013114772961948207,6.648720140852353e-05,0.00013114772961948207,0.00013114772961948207
THBS1→PTPRJ,2.3169807561310116e-07,2.3169807561310116e-07,0.0,0.0,0.0,0.0,0.0,2.3169807561310116e-07,0.0,0.0
THBS1→SCARB1,2.10478755882608e-07,2.10478755882608e-07,0.0006758442267075389,0.0006758442267075389,0.0006758442267075389,0.0,0.0006758442267075389,2.10478755882608e-07,0.0006758442267075389,0.0006758442267075389
THBS1→SDC1,1.5435306008230064e-07,1.5435306008230064e-07,0.0,0.0,0.0,0.0,0.0,1.5435306008230064e-07,0.0,0.0
THBS1→SDC4,6.913453432676922e-05,6.913453432676922e-05,0.0,0.0,0.0,8.989198727592162e-05,0.0,6.913453432676922e-05,0.0,0.0
THBS1→TNFRSF11B,0.0,0.0,0.0,0.0,0.0,0.0,0.0,0.0,0.0,0.0
THBS2→CD36,1.2674576185894281e-06,1.2674576185894281e-06,0.0,0.0,0.0,0.0,0.0,1.2674576185894281e-06,0.0,0.0
THBS2→CD47,2.9412878074504374e-08,2.9412878074504374e-08,0.0,0.0,0.0,0.0001066387393212359,0.0,2.9412878074504374e-08,0.0,0.0
THBS2→ITGA4,9.800523669309095e-07,9.800523669309095e-07,0.0,0.0,0.0,0.0,0.0,9.800523669309095e-07,0.0,0.0
THBS2→ITGA6,1.3931701420037707e-06,1.3931701420037707e-06,0.0,0.0,0.0,0.0,0.0,1.3931701420037707e-06,0.0,0.0
THBS2→NOTCH3,1.5202173604992677e-07,1.5202173604992677e-07,0.0,0.0,0.0,0.0,0.0,1.5202173604992677e-07,0.0,0.0
THBS2→NOTCH4,1.4551557747108089e-07,1.4551557747108089e-07,0.0,0.0,0.0,0.0,0.0,1.4551557747108089e-07,0.0,0.0
THBS2→SDC1,5.105512787057772e-06,5.105512787057772e-06,0.0003537203272213428,0.0003537203272213428,0.0003537203272213428,0.00014553049547575417,0.0003537203272213428,5.105512787057772e-06,0.0003537203272213428,0.0003537203272213428
THBS4→CD36,7.750600491198232e-09,7.750600491198232e-09,0.00011277321855996468,0.00011277321855996468,0.00011277321855996468,0.0,0.00011277321855996468,7.750600491198232e-09,0.00011277321855996468,0.00011277321855996468
THBS4→CD47,4.664774452290174e-08,4.664774452290174e-08,0.0,0.0,0.0,0.0,0.0,4.664774452290174e-08,0.0,0.0
THBS4→SDC1,4.108497159245741e-07,4.108497159245741e-07,4.6955966070270154e-05,4.6955966070270154e-05,4.6955966070270154e-05,0.0,4.6955966070270154e-05,4.108497159245741e-07,4.6955966070270154e-05,4.6955966070270154e-05
THPO→MPL,0.0,0.0,0.0,0.0,0.0,0.0,0.0,0.0,0.0,0.0
TIGIT→NECTIN2,1.584826401065821e-07,1.584826401065821e-07,0.0,0.0,0.0,0.0,0.0,1.584826401065821e-07,0.0,0.0
TIGIT→PVR,3.831656617382143e-06,3.831656617382143e-06,0.0,0.0,0.0,0.0,0.0,3.831656617382143e-06,0.0,0.0
TIMD4→HAVCR1,4.448467035609753e-06,4.448467035609753e-06,0.0,0.0,0.0,0.0,0.0,4.448467035609753e-06,0.0,0.0
TIMP1→CD63,7.796887422196744e-05,7.796887422196744e-05,0.0,0.0,0.0,0.0005090970797059326,0.0,7.796887422196744e-05,0.0,0.0
TIMP1→FGFR2,3.754866810450567e-07,3.754866810450567e-07,0.0,0.0,0.0,9.088112929442812e-05,0.0,3.754866810450567e-07,0.0,0.0
TIMP2→CD44,2.2234644957852243e-07,2.2234644957852243e-07,0.0,0.0,0.0,0.0,0.0,2.2234644957852243e-07,0.0,0.0
TIMP2→ITGA3,5.380294479713804e-07,5.380294479713804e-07,0.0,0.0,0.0,0.0,0.0,5.380294479713804e-07,0.0,0.0
TIMP2→ITGB1,9.50808679264177e-07,9.50808679264177e-07,0.0,0.0,0.0,0.0,0.0,9.50808679264177e-07,0.0,0.0
TIMP3→AGTR2,0.0,0.0,0.0,0.0,0.0,0.0,0.0,0.0,0.0,0.0
TIMP3→CD44,3.745961342484286e-07,3.745961342484286e-07,0.0,0.0,0.0,0.0,0.0,3.745961342484286e-07,0.0,0.0
TIMP3→DDR1,0.0,0.0,0.0,0.0,0.0,2.8338769116221488e-05,0.0,0.0,0.0,0.0
TIMP3→KDR,1.1177168881078913e-07,1.1177168881078913e-07,0.0,0.0,0.0,0.0,0.0,1.1177168881078913e-07,0.0,0.0
TIMP3→MET,7.99242545417532e-06,7.99242545417532e-06,0.0,0.0,0.0,0.0,0.0,7.99242545417532e-06,0.0,0.0
TLN1→ITGB3,1.822900129954561e-05,1.822900129954561e-05,9.380933634692278e-05,9.380933634692278e-05,9.380933634692278e-05,0.0,9.380933634692278e-05,1.822900129954561e-05,9.380933634692278e-05,9.380933634692278e-05
TLN1→ITGB5,5.307240758815758e-07,5.307240758815758e-07,0.0,0.0,0.0,0.0,0.0,5.307240758815758e-07,0.0,0.0
TNC→CNTN1,1.18830875340489e-06,1.18830875340489e-06,0.0,0.0,0.0,0.0,0.0,1.18830875340489e-06,0.0,0.0
TNC→EGFR,0.0,0.0,0.0,0.0,0.0,0.0,0.0,0.0,0.0,0.0
TNC→ITGA2,4.647096018250618e-06,4.647096018250618e-06,0.0,0.0,0.0,0.0,0.0,4.647096018250618e-06,0.0,0.0
TNC→ITGA5,1.5398782638770176e-06,1.5398782638770176e-06,0.0,0.0,0.0,0.0,0.0,1.5398782638770176e-06,0.0,0.0
TNC→ITGA7,6.4298382432997605e-06,6.4298382432997605e-06,0.0,0.0,0.0,0.0,0.0,6.4298382432997605e-06,0.0,0.0
TNC→PTPRB,4.7689345146247374e-06,4.7689345146247374e-06,0.0,0.0,0.0,0.0,0.0,4.7689345146247374e-06,0.0,0.0
TNC→PTPRZ1,1.3933890189669589e-06,1.3933890189669589e-06,0.00023753072860531788,0.00023753072860531788,0.00023753072860531788,0.0,0.00023753072860531788,1.3933890189669589e-06,0.00023753072860531788,0.00023753072860531788
TNC→SDC1,2.113026074358208e-06,2.113026074358208e-06,0.0,0.0,0.0,0.0,0.0,2.113026074358208e-06,0.0,0.0
TNC→SDC4,7.338443762648285e-05,7.338443762648285e-05,2.1547941694840073e-05,2.1547941694840073e-05,2.1547941694840073e-05,0.00020667979181820094,2.1547941694840073e-05,7.338443762648285e-05,2.1547941694840073e-05,2.1547941694840073e-05
TNFSF10→CCR6,4.677262843705914e-06,4.677262843705914e-06,0.0,0.0,0.0,0.0,0.0,4.677262843705914e-06,0.0,0.0
TNFSF10→RIPK1,2.856524311410965e-06,2.856524311410965e-06,0.0,0.0,0.0,0.0,0.0,2.856524311410965e-06,0.0,0.0
TNFSF10→TNFRSF10A,6.149128569675056e-05,6.149128569675056e-05,0.0,0.0,0.0,2.8680780592169516e-05,0.0,6.149128569675056e-05,0.0,0.0
TNFSF10→TNFRSF10B,7.784851683686281e-05,7.784851683686281e-05,0.0,0.0,0.0,0.0,0.0,7.784851683686281e-05,0.0,0.0
TNFSF10→TNFRSF10C,1.654279507291627e-06,1.654279507291627e-06,0.0,0.0,0.0,0.0012120689414239127,0.0,1.654279507291627e-06,0.0,0.0
TNFSF10→TNFRSF10D,1.2794823931297256e-05,1.2794823931297256e-05,0.0,0.0,0.0,0.0,0.0,1.2794823931297256e-05,0.0,0.0
TNFSF10→TNFRSF11B,2.921215921859405e-06,2.921215921859405e-06,0.0,0.0,0.0,0.0,0.0,2.921215921859405e-06,0.0,0.0
TNFSF11→LGR4,6.435460291634394e-08,6.435460291634394e-08,9.673043216605665e-05,9.673043216605665e-05,9.673043216605665e-05,0.0,9.673043216605665e-05,6.435460291634394e-08,9.673043216605665e-05,9.673043216605665e-05
TNFSF11→TNFRSF11A,3.9233172095049173e-08,3.9233172095049173e-08,0.0,0.0,0.0,0.0,0.0,3.9233172095049173e-08,0.0,0.0
TNFSF11→TNFRSF11B,0.0,0.0,0.00011321167991849025,0.00011321167991849025,0.00011321167991849025,0.0,0.00011321167991849025,0.0,0.00011321167991849025,0.00011321167991849025
TNFSF12→CD163,7.31206729946332e-07,7.31206729946332e-07,0.001058666197775009,0.001058666197775009,0.001058666197775009,0.0,0.001058666197775009,7.31206729946332e-07,0.001058666197775009,0.001058666197775009
TNFSF12→TNFRSF12A,3.7506499613326956e-07,3.7506499613326956e-07,7.638031701376833e-06,7.638031701376833e-06,7.638031701376833e-06,0.0,7.638031701376833e-06,3.7506499613326956e-07,7.638031701376833e-06,7.638031701376833e-06
TNFSF12→TNFRSF25,1.4124386321290963e-06,1.4124386321290963e-06,9.558435577555003e-06,9.558435577555003e-06,9.558435577555003e-06,0.0,9.558435577555003e-06,1.4124386321290963e-06,9.558435577555003e-06,9.558435577555003e-06
TNFSF12→TNFRSF8,1.2729945178984565e-07,1.2729945178984565e-07,0.0,0.0,0.0,0.0,0.0,1.2729945178984565e-07,0.0,0.0
TNFSF13B→CD40,1.6962574659769217e-05,1.6962574659769217e-05,0.0,0.0,0.0,0.0,0.0,1.6962574659769217e-05,0.0,0.0
TNFSF13B→HLA-DPB1,6.565244702655481e-07,6.565244702655481e-07,0.0,0.0,0.0,3.9852955719784356e-05,0.0,6.565244702655481e-07,0.0,0.0
TNFSF13B→TFRC,0.0,0.0,2.1947680202569998e-05,2.1947680202569998e-05,2.1947680202569998e-05,0.0,2.1947680202569998e-05,0.0,2.1947680202569998e-05,2.1947680202569998e-05
TNFSF13B→TNFRSF13B,7.205585467816498e-06,7.205585467816498e-06,0.0,0.0,0.0,0.0,0.0,7.205585467816498e-06,0.0,0.0
TNFSF13B→TNFRSF13C,1.606850369504017e-05,1.606850369504017e-05,0.0,0.0,0.0,0.0003294098404011743,0.0,1.606850369504017e-05,0.0,0.0
TNFSF13B→TNFRSF17,7.01947213279549e-06,7.01947213279549e-06,0.0,0.0,0.0,0.0,0.0,7.01947213279549e-06,0.0,0.0
TNFSF13→FAS,2.739014506176686e-07,2.739014506176686e-07,0.0,0.0,0.0,0.02479025091481163,0.0,2.739014506176686e-07,0.0,0.0
TNFSF13→SDC2,1.2883373234584719e-07,1.2883373234584719e-07,7.464473747813173e-05,7.464473747813173e-05,7.464473747813173e-05,0.0,7.464473747813173e-05,1.2883373234584719e-07,7.464473747813173e-05,7.464473747813173e-05
TNFSF13→TNFRSF11B,0.0,0.0,1.4935363460740436e-05,1.4935363460740436e-05,1.4935363460740436e-05,0.0,1.4935363460740436e-05,0.0,1.4935363460740436e-05,1.4935363460740436e-05
TNFSF13→TNFRSF13B,0.0025097780030087892,0.0025097780030087892,0.0,0.0,0.0,0.0,0.0,0.0025097780030087892,0.0,0.0
TNFSF13→TNFRSF14,3.0152812955340426e-06,3.0152812955340426e-06,0.0,0.0,0.0,0.0,0.0,3.0152812955340426e-06,0.0,0.0
TNFSF13→TNFRSF17,1.0183740833333328e-06,1.0183740833333328e-06,0.0,0.0,0.0,0.0,0.0,1.0183740833333328e-06,0.0,0.0
TNFSF13→TNFRSF1A,4.077433988403873e-06,4.077433988403873e-06,0.0,0.0,0.0,0.0,0.0,4.077433988403873e-06,0.0,0.0
TNFSF14→LTBR,1.165284680491426e-06,1.165284680491426e-06,0.0,0.0,0.0,0.00028301707692741685,0.0,1.165284680491426e-06,0.0,0.0
TNFSF14→TNFRSF14,7.837459223501489e-08,7.837459223501489e-08,3.253586952954376e-05,3.253586952954376e-05,3.253586952954376e-05,0.0,3.253586952954376e-05,7.837459223501489e-08,3.253586952954376e-05,3.253586952954376e-05
TNFSF14→TNFRSF6B,0.0,0.0,0.0,0.0,0.0,0.0,0.0,0.0,0.0,0.0
TNFSF15→TNFRSF25,3.846718771874424e-06,3.846718771874424e-06,0.0006580734934781805,0.0006580734934781805,0.0006580734934781805,0.0001372681115332154,0.0006580734934781805,3.846718771874424e-06,0.0006580734934781805,0.0006580734934781805
TNFSF15→TNFRSF6B,2.3013892788121298e-08,2.3013892788121298e-08,1.9211422287575574e-05,1.9211422287575574e-05,1.9211422287575574e-05,0.0,1.9211422287575574e-05,2.3013892788121298e-08,1.9211422287575574e-05,1.9211422287575574e-05
TNFSF18→TNFRSF18,0.0,0.0,0.0,0.0,0.0,0.0,0.0,0.0,0.0,0.0
TNFSF4→TNFRSF4,3.8079983753322786e-08,3.8079983753322786e-08,0.0,0.0,0.0,0.0,0.0,3.8079983753322786e-08,0.0,0.0
TNFSF4→TRAF2,3.0208061739424428e-05,3.0208061739424428e-05,0.0,0.0,0.0,0.0,0.0,3.0208061739424428e-05,0.0,0.0
TNFSF8→TNFRSF8,0.0,0.0,0.0,0.0,0.0,0.0,0.0,0.0,0.0,0.0
TNFSF9→ADGRG5,5.893368029489297e-08,5.893368029489297e-08,0.0,0.0,0.0,0.0,0.0,5.893368029489297e-08,0.0,0.0
TNFSF9→FCRL1,1.2657907796390982e-05,1.2657907796390982e-05,0.0,0.0,0.0,0.0,0.0,1.2657907796390982e-05,0.0,0.0
TNFSF9→HLA-DPA1,3.4084558372150996e-06,3.4084558372150996e-06,0.0,0.0,0.0,0.0,0.0,3.4084558372150996e-06,0.0,0.0
TNFSF9→IL13RA2,4.854965084672108e-07,4.854965084672108e-07,0.0,0.0,0.0,0.0,0.0,4.854965084672108e-07,0.0,0.0
TNFSF9→PVR,3.4637724748721625e-08,3.4637724748721625e-08,0.0,0.0,0.0,0.0,0.0,3.4637724748721625e-08,0.0,0.0
TNFSF9→TNFRSF9,8.092074880268607e-07,8.092074880268607e-07,0.0,0.0,0.0,0.0,0.0,8.092074880268607e-07,0.0,0.0
TNFSF9→TRAF2,3.6899036866787456e-07,3.6899036866787456e-07,0.0,0.0,0.0,0.0,0.0,3.6899036866787456e-07,0.0,0.0
TNF→CELSR2,1.1403712157213375e-06,1.1403712157213375e-06,0.00013123755263117385,0.00013123755263117385,0.00013123755263117385,0.0,0.00013123755263117385,1.1403712157213375e-06,0.00013123755263117385,0.00013123755263117385
TNF→FAS,9.480528048897393e-08,9.480528048897393e-08,0.0,0.0,0.0,0.0,0.0,9.480528048897393e-08,0.0,0.0
TNF→FFAR2,0.0,0.0,0.0,0.0,0.0,0.0,0.0,0.0,0.0,0.0
TNF→FLT4,1.1814343169418497e-07,1.1814343169418497e-07,0.00018388282580417595,0.00018388282580417595,0.00018388282580417595,0.0,0.00018388282580417595,1.1814343169418497e-07,0.00018388282580417595,0.00018388282580417595
TNF→ICOS,1.1584862035161284e-05,1.1584862035161284e-05,0.0,0.0,0.0,0.0,0.0,1.1584862035161284e-05,0.0,0.0
TNF→NOTCH1,1.4573270516887968e-06,1.4573270516887968e-06,0.0,0.0,0.0,0.00018882275332926185,0.0,1.4573270516887968e-06,0.0,0.0
TNF→PTPRS,1.263202710994344e-07,1.263202710994344e-07,1.1596929968578965e-05,1.1596929968578965e-05,1.1596929968578965e-05,0.0,1.1596929968578965e-05,1.263202710994344e-07,1.1596929968578965e-05,1.1596929968578965e-05
TNF→SEMA4C,5.210102612557871e-06,5.210102612557871e-06,0.0,0.0,0.0,0.0,0.0,5.210102612557871e-06,0.0,0.0
TNF→TNFRSF1A,5.459020804414321e-07,5.459020804414321e-07,0.0,0.0,0.0,0.0,0.0,5.459020804414321e-07,0.0,0.0
TNF→TNFRSF1B,0.0,0.0,0.0,0.0,0.0,0.0,0.0,0.0,0.0,0.0
TNF→TNFRSF21,3.0239605041917086e-06,3.0239605041917086e-06,2.147340307904718e-05,2.147340307904718e-05,2.147340307904718e-05,0.000547841803798793,2.147340307904718e-05,3.0239605041917086e-06,2.147340307904718e-05,2.147340307904718e-05
TNF→TRADD,0.0,0.0,0.0,0.0,0.0,0.0,0.0,0.0,0.0,0.0
TNF→TRAF2,0.0,0.0,0.0,0.0,0.0,0.0,0.0,0.0,0.0,0.0
TNF→TRPM2,4.1225480407629693e-07,4.1225480407629693e-07,9.746458952418929e-05,9.746458952418929e-05,9.746458952418929e-05,0.0,9.746458952418929e-05,4.1225480407629693e-07,9.746458952418929e-05,9.746458952418929e-05
TNF→VSIR,1.6424860372142682e-07,1.6424860372142682e-07,0.0,0.0,0.0,0.0,0.0,1.6424860372142682e-07,0.0,0.0
TNN→SDC1,2.755796079218666e-08,2.755796079218666e-08,0.0,0.0,0.0,6.206821386803158e-05,0.0,2.755796079218666e-08,0.0,0.0
TNR→SDC1,0.0,0.0,1.828283666222034e-05,1.828283666222034e-05,1.828283666222034e-05,0.0,1.828283666222034e-05,0.0,1.828283666222034e-05,1.828283666222034e-05
TNXB→SDC1,3.913596804595464e-06,3.913596804595464e-06,0.00016843319499774105,0.00016843319499774105,0.00016843319499774105,0.0,0.00016843319499774105,3.913596804595464e-06,0.00016843319499774105,0.00016843319499774105
TOR2A→ATP5F1B,5.723239348259556e-08,5.723239348259556e-08,0.0,0.0,0.0,0.0,0.0,5.723239348259556e-08,0.0,0.0
TPH1→HTR1A,0.0,0.0,0.0,0.0,0.0,0.0,0.0,0.0,0.0,0.0
TPH1→HTR1B,0.0,0.0,0.0,0.0,0.0,0.0,0.0,0.0,0.0,0.0
TPH1→HTR1D,1.6849284634272938e-06,1.6849284634272938e-06,5.503208532636689e-05,5.503208532636689e-05,5.503208532636689e-05,7.683197497433446e-05,5.503208532636689e-05,1.6849284634272938e-06,5.503208532636689e-05,5.503208532636689e-05
TPH1→HTR1E,7.873320933815246e-07,7.873320933815246e-07,0.0,0.0,0.0,0.0,0.0,7.873320933815246e-07,0.0,0.0
TPH1→HTR1F,0.0,0.0,0.0,0.0,0.0,0.0,0.0,0.0,0.0,0.0
TPH1→HTR2A,0.0,0.0,0.0,0.0,0.0,0.0,0.0,0.0,0.0,0.0
TPH1→HTR2B,1.699165319302627e-07,1.699165319302627e-07,0.0,0.0,0.0,0.0,0.0,1.699165319302627e-07,0.0,0.0
TPH1→HTR2C,5.158019574253934e-07,5.158019574253934e-07,0.0,0.0,0.0,0.0,0.0,5.158019574253934e-07,0.0,0.0
TPH1→HTR4,1.7089308694396693e-06,1.7089308694396693e-06,0.0,0.0,0.0,0.0,0.0,1.7089308694396693e-06,0.0,0.0
TPH1→HTR5A,0.0,0.0,0.0,0.0,0.0,0.0,0.0,0.0,0.0,0.0
TPH1→HTR6,0.0,0.0,0.0,0.0,0.0,0.0,0.0,0.0,0.0,0.0
TPH1→HTR7,4.742006788201272e-06,4.742006788201272e-06,0.0,0.0,0.0,0.0,0.0,4.742006788201272e-06,0.0,0.0
TPSAB1→F2RL1,1.954308274527147e-07,1.954308274527147e-07,0.0,0.0,0.0,0.0,0.0,1.954308274527147e-07,0.0,0.0
TPSB2→F2RL1,1.3676860790192089e-06,1.3676860790192089e-06,0.0,0.0,0.0,0.0,0.0,1.3676860790192089e-06,0.0,0.0
TREML4→SIGLEC8,3.4090697754172737e-06,3.4090697754172737e-06,0.00010986288816691705,0.00010986288816691705,0.00010986288816691705,0.0,0.00010986288816691705,3.4090697754172737e-06,0.00010986288816691705,0.00010986288816691705
TRH→TRHR,0.0,0.0,0.0,0.0,0.0,0.0,0.0,0.0,0.0,0.0
TSHB→ADCYAP1R1,0.0,0.0,0.0,0.0,0.0,0.0,0.0,0.0,0.0,0.0
TSHB→ADRB2,0.0,0.0,0.0,0.0,0.0,0.0,0.0,0.0,0.0,0.0
TSHB→ADRB3,0.0,0.0,0.0,0.0,0.0,0.0,0.0,0.0,0.0,0.0
TSHB→GPR20,0.0,0.0,0.0,0.0,0.0,0.0,0.0,0.0,0.0,0.0
TSHB→GPR84,0.0,0.0,0.0,0.0,0.0,0.0,0.0,0.0,0.0,0.0
TSHB→PTH1R,0.0,0.0,0.0,0.0,0.0,0.0,0.0,0.0,0.0,0.0
TSHB→RAMP2,0.0,0.0,0.0,0.0,0.0,0.0,0.0,0.0,0.0,0.0
TSHB→RAMP3,0.0,0.0,0.0,0.0,0.0,0.0,0.0,0.0,0.0,0.0
TSHB→TSHR,0.0,0.0,0.0,0.0,0.0,0.0,0.0,0.0,0.0,0.0
TSHB→VIPR1,0.0,0.0,0.0,0.0,0.0,0.0,0.0,0.0,0.0,0.0
TTR→NGFR,0.0,0.0,0.0,0.0,0.0,0.0,0.0,0.0,0.0,0.0
TXLNA→STX1A,0.0,0.0,0.0,0.0,0.0,0.0,0.0,0.0,0.0,0.0
TXLNA→STX3,2.5894077516139977e-05,2.5894077516139977e-05,0.0,0.0,0.0,0.0,0.0,2.5894077516139977e-05,0.0,0.0
TXLNA→STX4,1.7499869852039468e-05,1.7499869852039468e-05,0.0,0.0,0.0,0.00019700318827982154,0.0,1.7499869852039468e-05,0.0,0.0
UCN2→CRHR1,0.0,0.0,0.0,0.0,0.0,0.0,0.0,0.0,0.0,0.0
UCN2→CRHR2,3.938048367982066e-06,3.938048367982066e-06,0.0,0.0,0.0,0.0,0.0,3.938048367982066e-06,0.0,0.0
UCN2→IL10RB,0.0,0.0,0.0,0.0,0.0,0.0,0.0,0.0,0.0,0.0
UCN3→CRHR1,0.0,0.0,0.0,0.0,0.0,0.0,0.0,0.0,0.0,0.0
UCN3→CRHR2,0.0,0.0,0.0,0.0,0.0,0.0,0.0,0.0,0.0,0.0
UCN3→IL10RB,0.0,0.0,0.0,0.0,0.0,0.0,0.0,0.0,0.0,0.0
UCN→CRHR1,5.226293016900287e-06,5.226293016900287e-06,0.0,0.0,0.0,0.0,0.0,5.226293016900287e-06,0.0,0.0
UCN→CRHR2,2.7163215712257505e-06,2.7163215712257505e-06,0.0,0.0,0.0,0.0,0.0,2.7163215712257505e-06,0.0,0.0
UTS2B→SSTR5,2.867337823279457e-07,2.867337823279457e-07,0.0,0.0,0.0,0.0,0.0,2.867337823279457e-07,0.0,0.0
UTS2B→UTS2R,2.229020092147328e-05,2.229020092147328e-05,0.0,0.0,0.0,0.0,0.0,2.229020092147328e-05,0.0,0.0
UTS2→UTS2R,6.584123673650528e-08,6.584123673650528e-08,0.0,0.0,0.0,0.0,0.0,6.584123673650528e-08,0.0,0.0
VASP→CXCR2,0.0,0.0,0.0,0.0,0.0,0.0001936152908146524,0.0,0.0,0.0,0.0
VCAN→CD44,2.9213252335209646e-07,2.9213252335209646e-07,0.0,0.0,0.0,0.0016151903563097244,0.0,2.9213252335209646e-07,0.0,0.0
VCAN→EGFR,0.0,0.0,0.0,0.0,0.0,0.0,0.0,0.0,0.0,0.0
VCAN→ITGA4,1.8524027309731397e-07,1.8524027309731397e-07,0.0,0.0,0.0,0.0,0.0,1.8524027309731397e-07,0.0,0.0
VCAN→ITGB1,1.8458381066301483e-07,1.8458381066301483e-07,0.0,0.0,0.0,0.0,0.0,1.8458381066301483e-07,0.0,0.0
VCAN→SELL,3.6134277377351475e-07,3.6134277377351475e-07,0.0,0.0,0.0,0.0,0.0,3.6134277377351475e-07,0.0,0.0
VCAN→SELP,1.5256904903640792e-06,1.5256904903640792e-06,0.0,0.0,0.0,0.0,0.0,1.5256904903640792e-06,0.0,0.0
VCAN→TLR1,2.1949036775934627e-06,2.1949036775934627e-06,0.0,0.0,0.0,0.0,0.0,2.1949036775934627e-06,0.0,0.0
VCAN→TLR2,0.0,0.0,3.507500957272461e-05,3.507500957272461e-05,3.507500957272461e-05,0.0015901190497949595,3.507500957272461e-05,0.0,3.507500957272461e-05,3.507500957272461e-05
VCL→ALK,0.0,0.0,0.0,0.0,0.0,0.0006281004504344837,0.0,0.0,0.0,0.0
VCL→ITGB5,7.312672676272239e-08,7.312672676272239e-08,0.0,0.0,0.0,0.0,0.0,7.312672676272239e-08,0.0,0.0
VEGFA→CD44,3.1740198778895333e-06,3.1740198778895333e-06,0.0,0.0,0.0,0.0036227114039133275,0.0,3.1740198778895333e-06,0.0,0.0
VEGFA→EGFR,2.42268074955881e-07,2.42268074955881e-07,0.0,0.0,0.0,0.0,0.0,2.42268074955881e-07,0.0,0.0
VEGFA→EPHB2,4.733281511407493e-08,4.733281511407493e-08,0.0,0.0,0.0,0.0025971656159163112,0.0,4.733281511407493e-08,0.0,0.0
VEGFA→GPC1,2.4839851796876757e-05,2.4839851796876757e-05,0.0,0.0,0.0,0.00029891432388651874,0.0,2.4839851796876757e-05,0.0,0.0
VEGFA→GRIN2B,4.216621975169765e-06,4.216621975169765e-06,0.0,0.0,0.0,0.0,0.0,4.216621975169765e-06,0.0,0.0
VEGFA→ITGA9,1.166910168652634e-07,1.166910168652634e-07,0.0,0.0,0.0,0.0,0.0,1.166910168652634e-07,0.0,0.0
VEGFA→ITGAV,2.6342769432428387e-06,2.6342769432428387e-06,0.0,0.0,0.0,0.0,0.0,2.6342769432428387e-06,0.0,0.0
VEGFA→ITGB1,0.0,0.0,0.0,0.0,0.0,0.0,0.0,0.0,0.0,0.0
VEGFA→ITGB3,2.9584061879027223e-08,2.9584061879027223e-08,0.0,0.0,0.0,0.0,0.0,2.9584061879027223e-08,0.0,0.0
VEGFA→NRP1,6.66472896082796e-07,6.66472896082796e-07,0.0,0.0,0.0,3.757741524801209e-05,0.0,6.66472896082796e-07,0.0,0.0
VEGFA→NRP2,1.862509453577081e-06,1.862509453577081e-06,0.0,0.0,0.0,0.0,0.0,1.862509453577081e-06,0.0,0.0
VEGFA→RET,2.8548195278132063e-07,2.8548195278132063e-07,0.0,0.0,0.0,0.0,0.0,2.8548195278132063e-07,0.0,0.0
VEGFA→SIRPA,8.680777584731739e-08,8.680777584731739e-08,0.0,0.0,0.0,9.197176988179666e-05,0.0,8.680777584731739e-08,0.0,0.0
VEGFA→TYRO3,3.592915754331669e-05,3.592915754331669e-05,0.0,0.0,0.0,0.0,0.0,3.592915754331669e-05,0.0,0.0
VEGFB→ADRB2,7.661367405993903e-07,7.661367405993903e-07,0.0,0.0,0.0,0.0,0.0,7.661367405993903e-07,0.0,0.0
VEGFB→NRP1,1.0607269843333486e-07,1.0607269843333486e-07,0.0,0.0,0.0,0.0,0.0,1.0607269843333486e-07,0.0,0.0
VEGFB→RET,3.385650861031061e-06,3.385650861031061e-06,0.0,0.0,0.0,0.0,0.0,3.385650861031061e-06,0.0,0.0
VEGFC→CCBE1,3.074056990769444e-08,3.074056990769444e-08,3.6326688700617156e-05,3.6326688700617156e-05,3.6326688700617156e-05,0.0,3.6326688700617156e-05,3.074056990769444e-08,3.6326688700617156e-05,3.6326688700617156e-05
VEGFC→FLT1,0.0,0.0,0.0,0.0,0.0,0.0,0.0,0.0,0.0,0.0
VEGFC→ITGA9,3.16227336346248e-07,3.16227336346248e-07,0.0,0.0,0.0,0.0,0.0,3.16227336346248e-07,0.0,0.0
VEGFC→ITGB1,0.0,0.0,0.0,0.0,0.0,0.0,0.0,0.0,0.0,0.0
VEGFC→LYVE1,1.6725016743346682e-07,1.6725016743346682e-07,0.0,0.0,0.0,0.0,0.0,1.6725016743346682e-07,0.0,0.0
VEGFC→NRP2,0.0,0.0,0.0,0.0,0.0,0.0,0.0,0.0,0.0,0.0
VEGFC→VIPR2,5.051468313855529e-07,5.051468313855529e-07,0.0,0.0,0.0,0.0005388649283788149,0.0,5.051468313855529e-07,0.0,0.0
VEGFD→FLT1,1.5337740459211803e-08,1.5337740459211803e-08,0.0013721896875632832,0.0013721896875632832,0.0013721896875632832,0.0,0.0013721896875632832,1.5337740459211803e-08,0.0013721896875632832,0.0013721896875632832
VEGFD→ITGA1,1.402224075797637e-07,1.402224075797637e-07,0.0,0.0,0.0,0.0,0.0,1.402224075797637e-07,0.0,0.0
VEGFD→ITGA2,1.1699470871196754e-06,1.1699470871196754e-06,0.0,0.0,0.0,0.0,0.0,1.1699470871196754e-06,0.0,0.0
VEGFD→ITGA4,1.8083306754312435e-07,1.8083306754312435e-07,7.209506843260586e-05,7.209506843260586e-05,7.209506843260586e-05,0.0,7.209506843260586e-05,1.8083306754312435e-07,7.209506843260586e-05,7.209506843260586e-05
VEGFD→ITGA5,0.0,0.0,0.0,0.0,0.0,0.0,0.0,0.0,0.0,0.0
VEGFD→ITGA9,7.613352025959946e-07,7.613352025959946e-07,0.0,0.0,0.0,0.0,0.0,7.613352025959946e-07,0.0,0.0
VEGFD→ITGB1,0.0,0.0,0.0,0.0,0.0,0.0,0.0,0.0,0.0,0.0
VEGFD→NRP2,0.0,0.0,0.0,0.0,0.0,0.0,0.0,0.0,0.0,0.0
VGF→NTRK1,5.678983567069764e-06,5.678983567069764e-06,0.0,0.0,0.0,0.00018305893370331664,0.0,5.678983567069764e-06,0.0,0.0
VIM→CD44,1.0711835374747248e-05,1.0711835374747248e-05,0.0,0.0,0.0,0.0006763071209475723,0.0,1.0711835374747248e-05,0.0,0.0
VIP→ADCYAP1R1,1.0857503855215407e-07,1.0857503855215407e-07,0.0,0.0,0.0,0.0,0.0,1.0857503855215407e-07,0.0,0.0
VIP→ADRB1,0.0,0.0,0.0,0.0,0.0,0.0,0.0,0.0,0.0,0.0
VIP→ADRB2,0.0,0.0,0.0,0.0,0.0,0.0,0.0,0.0,0.0,0.0
VIP→ADRB3,0.0,0.0,0.0,0.0,0.0,0.0,0.0,0.0,0.0,0.0
VIP→AVPR1A,5.804642332220167e-08,5.804642332220167e-08,0.0,0.0,0.0,0.0,0.0,5.804642332220167e-08,0.0,0.0
VIP→DPP4,3.051186228640208e-06,3.051186228640208e-06,0.0,0.0,0.0,0.0,0.0,3.051186228640208e-06,0.0,0.0
VIP→GPR20,1.6741669426572657e-07,1.6741669426572657e-07,0.0,0.0,0.0,0.0,0.0,1.6741669426572657e-07,0.0,0.0
VIP→GPR84,2.0049109734211844e-05,2.0049109734211844e-05,0.0,0.0,0.0,0.0,0.0,2.0049109734211844e-05,0.0,0.0
VIP→NPR3,1.8910166945584103e-06,1.8910166945584103e-06,0.0,0.0,0.0,0.0,0.0,1.8910166945584103e-06,0.0,0.0
VIP→PTH1R,0.0,0.0,0.0,0.0,0.0,0.0,0.0,0.0,0.0,0.0
VIP→RAMP1,1.0264530963309975e-06,1.0264530963309975e-06,0.0,0.0,0.0,0.0,0.0,1.0264530963309975e-06,0.0,0.0
VIP→RAMP2,6.291871134580392e-07,6.291871134580392e-07,0.0,0.0,0.0,0.0,0.0,6.291871134580392e-07,0.0,0.0
VIP→RAMP3,0.0,0.0,0.0,0.0,0.0,0.0,0.0,0.0,0.0,0.0
VIP→SCTR,2.066278620904467e-06,2.066278620904467e-06,0.0,0.0,0.0,0.0,0.0,2.066278620904467e-06,0.0,0.0
VIP→TSHR,7.172480673429875e-06,7.172480673429875e-06,0.0,0.0,0.0,0.0,0.0,7.172480673429875e-06,0.0,0.0
VIP→VIPR1,2.428503754661348e-05,2.428503754661348e-05,0.0,0.0,0.0,0.0,0.0,2.428503754661348e-05,0.0,0.0
VIP→VIPR2,2.8113379275931735e-06,2.8113379275931735e-06,0.0,0.0,0.0,0.0,0.0,2.8113379275931735e-06,0.0,0.0
VSTM1→ADGRG3,4.5403609467311735e-08,4.5403609467311735e-08,0.0,0.0,0.0,0.0,0.0,4.5403609467311735e-08,0.0,0.0
VSTM1→LAMP1,7.944196498190492e-06,7.944196498190492e-06,0.0,0.0,0.0,0.0,0.0,7.944196498190492e-06,0.0,0.0
VTN→CD47,1.0292162903336235e-06,1.0292162903336235e-06,0.0,0.0,0.0,0.0,0.0,1.0292162903336235e-06,0.0,0.0
VTN→ITGA3,9.929547654199106e-07,9.929547654199106e-07,1.598724669589581e-05,1.598724669589581e-05,1.598724669589581e-05,0.0,1.598724669589581e-05,9.929547654199106e-07,1.598724669589581e-05,1.598724669589581e-05
VTN→ITGA5,2.238318162717689e-05,2.238318162717689e-05,0.0,0.0,0.0,0.0,0.0,2.238318162717689e-05,0.0,0.0
VTN→ITGB6,2.312378938701994e-06,2.312378938701994e-06,0.0,0.0,0.0,0.0,0.0,2.312378938701994e-06,0.0,0.0
VTN→KDR,0.0,0.0,0.0,0.0,0.0,0.0,0.0,0.0,0.0,0.0
VTN→PLAUR,2.133043243491661e-06,2.133043243491661e-06,0.0,0.0,0.0,0.0,0.0,2.133043243491661e-06,0.0,0.0
VTN→PVR,9.701387967154823e-08,9.701387967154823e-08,0.0,0.0,0.0,0.00018925553633775767,0.0,9.701387967154823e-08,0.0,0.0
VTN→TNFRSF11B,2.2652638854349402e-05,2.2652638854349402e-05,0.0,0.0,0.0,0.0,0.0,2.2652638854349402e-05,0.0,0.0
VWF→ITGA4,0.0,0.0,0.0,0.0,0.0,0.0,0.0,0.0,0.0,0.0
VWF→ITGA9,0.0,0.0,0.0,0.0,0.0,0.0,0.0,0.0,0.0,0.0
VWF→ITGB1,0.0,0.0,0.0,0.0,0.0,0.0,0.0,0.0,0.0,0.0
VWF→LRP1,0.0,0.0,4.7430810515926576e-05,4.7430810515926576e-05,4.7430810515926576e-05,0.0,4.7430810515926576e-05,0.0,4.7430810515926576e-05,4.7430810515926576e-05
VWF→SCARA5,1.010351066894686e-06,1.010351066894686e-06,0.0,0.0,0.0,0.0,0.0,1.010351066894686e-06,0.0,0.0
VWF→SELP,0.0,0.0,5.149946692772974e-05,5.149946692772974e-05,5.149946692772974e-05,0.0,5.149946692772974e-05,0.0,5.149946692772974e-05,5.149946692772974e-05
VWF→SIRPA,1.9188214799872017e-08,1.9188214799872017e-08,0.0,0.0,0.0,0.0,0.0,1.9188214799872017e-08,0.0,0.0
VWF→STAB2,5.899744939228371e-07,5.899744939228371e-07,0.0,0.0,0.0,0.0,0.0,5.899744939228371e-07,0.0,0.0
VWF→TNFRSF11B,1.4062372383837033e-05,1.4062372383837033e-05,0.0,0.0,0.0,0.0,0.0,1.4062372383837033e-05,0.0,0.0
WFIKKN2→IGDCC3,9.995119053991924e-06,9.995119053991924e-06,0.0,0.0,0.0,0.0,0.0,9.995119053991924e-06,0.0,0.0
WFIKKN2→IGDCC4,0.0,0.0,1.3236628719494249e-05,1.3236628719494249e-05,1.3236628719494249e-05,0.0,1.3236628719494249e-05,0.0,1.3236628719494249e-05,1.3236628719494249e-05
WFIKKN2→PRTG,2.0503909227968065e-05,2.0503909227968065e-05,0.0,0.0,0.0,0.0,0.0,2.0503909227968065e-05,0.0,0.0
WIF1→RYK,2.6502513100095276e-07,2.6502513100095276e-07,0.0,0.0,0.0,0.0,0.0,2.6502513100095276e-07,0.0,0.0
WNT11→FZD10,0.0,0.0,0.0,0.0,0.0,0.0,0.0,0.0,0.0,0.0
WNT11→FZD2,7.71896374089405e-07,7.71896374089405e-07,0.0,0.0,0.0,0.0,0.0,7.71896374089405e-07,0.0,0.0
WNT11→FZD3,6.324940287690272e-08,6.324940287690272e-08,0.0,0.0,0.0,0.0,0.0,6.324940287690272e-08,0.0,0.0
WNT11→FZD4,3.6426290213400386e-06,3.6426290213400386e-06,0.0,0.0,0.0,0.0,0.0,3.6426290213400386e-06,0.0,0.0
WNT11→FZD5,0.0,0.0,0.0,0.0,0.0,0.0,0.0,0.0,0.0,0.0
WNT11→FZD6,6.077733149246285e-08,6.077733149246285e-08,0.0,0.0,0.0,0.0,0.0,6.077733149246285e-08,0.0,0.0
WNT11→FZD7,1.3801892833541463e-07,1.3801892833541463e-07,0.0,0.0,0.0,0.0005246389188059899,0.0,1.3801892833541463e-07,0.0,0.0
WNT11→FZD8,0.0,0.0,0.0,0.0,0.0,0.0,0.0,0.0,0.0,0.0
WNT11→FZD9,3.2619899793908045e-06,3.2619899793908045e-06,0.0,0.0,0.0,0.0,0.0,3.2619899793908045e-06,0.0,0.0
WNT11→KLRG2,0.0,0.0,3.165166971662672e-05,3.165166971662672e-05,3.165166971662672e-05,0.0,3.165166971662672e-05,0.0,3.165166971662672e-05,3.165166971662672e-05
WNT11→MUSK,6.975974225864763e-06,6.975974225864763e-06,0.0,0.0,0.0,0.0,0.0,6.975974225864763e-06,0.0,0.0
WNT1→CD36,2.859145567619134e-08,2.859145567619134e-08,0.0,0.0,0.0,0.0,0.0,2.859145567619134e-08,0.0,0.0
WNT1→ROR2,1.6234396113225592e-05,1.6234396113225592e-05,0.0,0.0,0.0,0.0,0.0,1.6234396113225592e-05,0.0,0.0
WNT1→RYK,5.842872761851222e-07,5.842872761851222e-07,0.0,0.0,0.0,0.0,0.0,5.842872761851222e-07,0.0,0.0
WNT3A→APCDD1,5.730778750925665e-07,5.730778750925665e-07,0.0,0.0,0.0,0.0,0.0,5.730778750925665e-07,0.0,0.0
WNT3A→ATP6AP2,3.4630170463794494e-07,3.4630170463794494e-07,0.0007712427608308586,0.0007712427608308586,0.0007712427608308586,0.0,0.0007712427608308586,3.4630170463794494e-07,0.0007712427608308586,0.0007712427608308586
WNT3A→LGR5,7.291953336631273e-06,7.291953336631273e-06,0.0,0.0,0.0,0.0,0.0,7.291953336631273e-06,0.0,0.0
WNT3A→LRP1,8.564487539981773e-07,8.564487539981773e-07,0.0,0.0,0.0,0.0,0.0,8.564487539981773e-07,0.0,0.0
WNT3A→ROR1,2.006995168212713e-05,2.006995168212713e-05,0.0,0.0,0.0,0.0,0.0,2.006995168212713e-05,0.0,0.0
WNT3A→RYK,1.416322682050463e-07,1.416322682050463e-07,0.0,0.0,0.0,0.0,0.0,1.416322682050463e-07,0.0,0.0
WNT3→ROR2,2.7738682879936845e-06,2.7738682879936845e-06,0.0,0.0,0.0,0.0,0.0,2.7738682879936845e-06,0.0,0.0
WNT3→RYK,1.4929104582878978e-06,1.4929104582878978e-06,0.0,0.0,0.0,0.0001479186581538828,0.0,1.4929104582878978e-06,0.0,0.0
WNT4→NOTCH1,2.7302466928697384e-08,2.7302466928697384e-08,0.0,0.0,0.0,0.0,0.0,2.7302466928697384e-08,0.0,0.0
WNT4→SMO,4.6320609317922083e-08,4.6320609317922083e-08,0.0,0.0,0.0,0.0,0.0,4.6320609317922083e-08,0.0,0.0
WNT5A→ADRB2,3.18386286586655e-06,3.18386286586655e-06,0.000546108874767779,0.000546108874767779,0.000546108874767779,0.0,0.000546108874767779,3.18386286586655e-06,0.000546108874767779,0.000546108874767779
WNT5A→ANTXR1,3.37721865721703e-07,3.37721865721703e-07,0.0,0.0,0.0,0.0,0.0,3.37721865721703e-07,0.0,0.0
WNT5A→EPHA7,1.20243830570357e-06,1.20243830570357e-06,0.0,0.0,0.0,0.0,0.0,1.20243830570357e-06,0.0,0.0
WNT5A→FZD1,1.6730765321447187e-06,1.6730765321447187e-06,0.0,0.0,0.0,0.0,0.0,1.6730765321447187e-06,0.0,0.0
WNT5A→FZD10,0.0,0.0,0.0,0.0,0.0,0.0,0.0,0.0,0.0,0.0
WNT5A→FZD2,0.0,0.0,0.0,0.0,0.0,0.0,0.0,0.0,0.0,0.0
WNT5A→FZD3,0.0,0.0,0.0,0.0,0.0,0.0,0.0,0.0,0.0,0.0
WNT5A→FZD4,6.605064698674858e-08,6.605064698674858e-08,0.00019328002009664816,0.00019328002009664816,0.00019328002009664816,0.0,0.00019328002009664816,6.605064698674858e-08,0.00019328002009664816,0.00019328002009664816
WNT5A→FZD5,8.136522717614881e-07,8.136522717614881e-07,0.0,0.0,0.0,0.0,0.0,8.136522717614881e-07,0.0,0.0
WNT5A→FZD6,5.819872548555936e-07,5.819872548555936e-07,0.0,0.0,0.0,0.0,0.0,5.819872548555936e-07,0.0,0.0
WNT5A→FZD7,3.687129985837437e-06,3.687129985837437e-06,0.0,0.0,0.0,0.0,0.0,3.687129985837437e-06,0.0,0.0
WNT5A→FZD8,7.926816742574517e-07,7.926816742574517e-07,0.0,0.0,0.0,0.0,0.0,7.926816742574517e-07,0.0,0.0
WNT5A→FZD9,1.4072538614811116e-06,1.4072538614811116e-06,0.0,0.0,0.0,0.00033111839008597625,0.0,1.4072538614811116e-06,0.0,0.0
WNT5A→LDLR,7.670349396653036e-07,7.670349396653036e-07,0.0,0.0,0.0,0.0,0.0,7.670349396653036e-07,0.0,0.0
WNT5A→LRP2,1.7818747042126602e-08,1.7818747042126602e-08,0.0,0.0,0.0,0.0,0.0,1.7818747042126602e-08,0.0,0.0
WNT5A→LRP5,1.0635996415882237e-06,1.0635996415882237e-06,0.0,0.0,0.0,0.0,0.0,1.0635996415882237e-06,0.0,0.0
WNT5A→LRP6,0.0,0.0,0.0,0.0,0.0,0.0,0.0,0.0,0.0,0.0
WNT5A→MCAM,1.3091151673107068e-05,1.3091151673107068e-05,0.0,0.0,0.0,0.0,0.0,1.3091151673107068e-05,0.0,0.0
WNT5A→PTK7,3.7844180345321876e-07,3.7844180345321876e-07,0.0,0.0,0.0,0.0,0.0,3.7844180345321876e-07,0.0,0.0
WNT5A→PTPRK,2.371804256700729e-05,2.371804256700729e-05,0.0,0.0,0.0,0.0,0.0,2.371804256700729e-05,0.0,0.0
WNT5A→ROR1,7.81565478341097e-06,7.81565478341097e-06,0.0,0.0,0.0,0.0,0.0,7.81565478341097e-06,0.0,0.0
WNT5A→ROR2,0.0,0.0,0.0,0.0,0.0,0.00031390532598142405,0.0,0.0,0.0,0.0
WNT5A→RYK,6.947656520407576e-08,6.947656520407576e-08,0.0,0.0,0.0,0.0,0.0,6.947656520407576e-08,0.0,0.0
WNT5A→VANGL2,4.721686172314149e-06,4.721686172314149e-06,0.0,0.0,0.0,0.0,0.0,4.721686172314149e-06,0.0,0.0
WNT5B→FZD4,3.755755515307055e-05,3.755755515307055e-05,0.0,0.0,0.0,0.0,0.0,3.755755515307055e-05,0.0,0.0
WNT5B→KLRG2,8.376492134458759e-08,8.376492134458759e-08,0.0,0.0,0.0,0.00016294843600759198,0.0,8.376492134458759e-08,0.0,0.0
WNT7A→ADGRA2,0.0,0.0,0.0,0.0,0.0,0.0,0.0,0.0,0.0,0.0
WNT7A→LDLR,7.328128055401492e-05,7.328128055401492e-05,0.0,0.0,0.0,0.0,0.0,7.328128055401492e-05,0.0,0.0
WNT7A→RECK,4.4588473443858973e-07,4.4588473443858973e-07,0.0,0.0,0.0,0.0,0.0,4.4588473443858973e-07,0.0,0.0
WNT7B→ADGRA2,1.2456204049191206e-06,1.2456204049191206e-06,0.0,0.0,0.0,0.00018041839965693364,0.0,1.2456204049191206e-06,0.0,0.0
WNT7B→TMED5,0.0,0.0,0.0,0.0,0.0,0.0004547419439641879,0.0,0.0,0.0,0.0
XCL1→ADGRV1,5.343945298424662e-06,5.343945298424662e-06,0.0,0.0,0.0,0.00019124141199532415,0.0,5.343945298424662e-06,0.0,0.0
XCL1→XCR1,0.0,0.0,0.0,0.0,0.0,0.0,0.0,0.0,0.0,0.0
XCL2→XCR1,8.633746025671462e-06,8.633746025671462e-06,0.0,0.0,0.0,0.0,0.0,8.633746025671462e-06,0.0,0.0
YBX1→NOTCH1,3.7472865882051155e-06,3.7472865882051155e-06,0.0,0.0,0.0,0.0,0.0,3.7472865882051155e-06,0.0,0.0
ZG16B→CXCR4,9.589550047349867e-07,9.589550047349867e-07,5.7099994347560857e-05,5.7099994347560857e-05,5.7099994347560857e-05,0.0009457334735349799,5.7099994347560857e-05,9.589550047349867e-07,5.7099994347560857e-05,5.7099994347560857e-05
ZG16B→TLR2,2.332146480452852e-06,2.332146480452852e-06,0.0,0.0,0.0,0.0,0.0,2.332146480452852e-06,0.0,0.0
ZG16B→TLR4,2.1363506123512446e-05,2.1363506123512446e-05,0.0,0.0,0.0,0.0,0.0,2.1363506123512446e-05,0.0,0.0
ZG16B→TLR5,7.033777136849331e-08,7.033777136849331e-08,0.0,0.0,0.0,0.0,0.0,7.033777136849331e-08,0.0,0.0
ZG16B→TLR6,1.2631639314036375e-05,1.2631639314036375e-05,0.002906749545654501,0.002906749545654501,0.002906749545654501,0.0,0.002906749545654501,1.2631639314036375e-05,0.002906749545654501,0.002906749545654501
ZP3→CHRNA7,1.9271846724512972e-05,1.9271846724512972e-05,0.0,0.0,0.0,0.0,0.0,1.9271846724512972e-05,0.0,0.0
ZP3→EGFR,2.2318304822948924e-07,2.2318304822948924e-07,0.005572524315368813,0.005572524315368813,0.005572524315368813,0.0,0.005572524315368813,2.2318304822948924e-07,0.005572524315368813,0.005572524315368813
ZP3→MERTK,5.726738617952837e-05,5.726738617952837e-05,8.507327777898764e-05,8.507327777898764e-05,8.507327777898764e-05,0.0,8.507327777898764e-05,5.726738617952837e-05,8.507327777898764e-05,8.507327777898764e-05
